https://empire-s3-production.bobvila.com/slides/25568/widened/French_Quarter_Mansion_New_Orleans.jpg?1591228491;https://empire-s3-production.bobvila.com/slides/25568/widened/aibnb-french-quarter-old-house.jpg;https://empire-s3-production.bobvila.com/slides/25568/widened/aibnb-french-quarter-old-house.jpg
https://empire-s3-production.bobvila.com/slides/25563/widened/Nationally_Registered_Historical_Home_Wadmalaw_SC.jpg?1591228484;https://empire-s3-production.bobvila.com/slides/25563/widened/airbnb-kitchen-house-South-Carolina-old-house.jpg;https://empire-s3-production.bobvila.com/slides/25563/widened/airbnb-kitchen-house-South-Carolina-old-house.jpg
https://empire-s3-production.bobvila.com/slides/25566/widened/Gold_Rush_Cabin_Big_Bear_City_CA_.jpg?1591228488;https://empire-s3-production.bobvila.com/slides/25566/widened/airbnb-bear-lake-old-house.jpg;https://empire-s3-production.bobvila.com/slides/25566/widened/airbnb-bear-lake-old-house.jpg
https://empire-s3-production.bobvila.com/slides/25563/widened/Nationally_Registered_Historical_Home_Wadmalaw_SC.jpg?1591228484;https://empire-s3-production.bobvila.com/slides/25563/widened/airbnb-kitchen-house-South-Carolina-old-house.jpg;https://empire-s3-production.bobvila.com/slides/25563/widened/airbnb-kitchen-house-South-Carolina-old-house.jpg
https://empire-s3-production.bobvila.com/slides/25570/widened/Tavern_House_Williamstown_MA.jpg?1591228493;https://empire-s3-production.bobvila.com/slides/25570/widened/airbnb-newcomb-tavern-MA-old-houses.jpg;https://empire-s3-production.bobvila.com/slides/25570/widened/airbnb-newcomb-tavern-MA-old-houses.jpg
https://empire-s3-production.bobvila.com/slides/25569/widened/Thorstein_Veblen_Farmstead_National_Historic_Landmark_Nerstrand_MN.jpg?1591228492;https://empire-s3-production.bobvila.com/slides/25569/widened/airbnb-wedding-castle-MN-old-houses.jpg;https://empire-s3-production.bobvila.com/slides/25569/widened/airbnb-wedding-castle-MN-old-houses.jpg
https://empire-s3-production.bobvila.com/slides/25562/widened/Civil_War_era_Carriage_House_in_St_Louis.jpg?1591228482;https://empire-s3-production.bobvila.com/slides/25562/widened/airbnb-carriage-house-VA-old-house.jpg;https://empire-s3-production.bobvila.com/slides/25562/widened/airbnb-carriage-house-VA-old-house.jpg
https://empire-s3-production.bobvila.com/slides/25571/widened/Civil_War_Farmhouse_in_Palmetto_GA.jpg?1591228494;https://empire-s3-production.bobvila.com/slides/25571/widened/airbnb-village-habersham-mills-old-houses.jpg;https://empire-s3-production.bobvila.com/slides/25571/widened/airbnb-village-habersham-mills-old-houses.jpg
https://empire-s3-production.bobvila.com/slides/25564/widened/Elfreth_Alley_Philadelphia_.jpg?1591228485;https://empire-s3-production.bobvila.com/slides/25564/widened/airbnb-Elfreth-alley-old-house.jpg;https://empire-s3-production.bobvila.com/slides/25564/widened/airbnb-Elfreth-alley-old-house.jpg
https://empire-s3-production.bobvila.com/slides/25567/widened/1800s_Former_Brewery_Galena_Il.jpg?1591228489;https://empire-s3-production.bobvila.com/slides/25567/widened/airbnb-brewery-IL-old-houses.jpg;https://empire-s3-production.bobvila.com/slides/25567/widened/airbnb-brewery-IL-old-houses.jpg
https://empire-s3-production.bobvila.com/slides/25572/widened/Battle_of_Gettysburg_Hospital_Gettysburg_PA.jpg?1591228496;https://empire-s3-production.bobvila.com/slides/25572/widened/airbnb-civiil-war-hospital-old-houses.jpg;https://empire-s3-production.bobvila.com/slides/25572/widened/airbnb-civiil-war-hospital-old-houses.jpg
https://empire-s3-production.bobvila.com/slides/25573/widened/Stone_House_Mansion_Kearneysville_WV.jpg?1591228497;https://empire-s3-production.bobvila.com/slides/25573/widened/airbnb-plantation-florida-old-houses.jpg;https://empire-s3-production.bobvila.com/slides/25573/widened/airbnb-plantation-florida-old-houses.jpg