https://www.bobvila.com/slideshow/bob-vila-s-3000-smart-water-heater-giveaway-with-a-o-smith-580790/,0
https://www.bobvila.com/slideshow/bob-vila-s-2500-freshen-up-for-fall-giveaway-with-the-money-pit-podcast-580582/,0
https://www.bobvila.com/slideshow/bob-vila-s-5000-clean-water-makeover-with-a-o-smith-580454/,0
https://www.bobvila.com/slideshow/bob-vila-s-3000-cordless-yard-care-giveaway-with-ryobi-580389/,0
https://www.bobvila.com/slideshow/bob-vila-s-2021-pure-air-healthy-home-giveaway-with-elechomes-580218/,0
https://www.bobvila.com/slideshow/bob-vila-s-3000-renew-your-window-treatments-giveaway-with-stoneside-579281/,0
https://www.bobvila.com/slideshow/bob-vila-s-2020-pure-air-healthy-home-giveaway-with-elechomes-577918/,0
https://www.bobvila.com/slideshow/bob-vila-s-2020-energy-saving-water-heater-giveaway-with-a-o-smith-577791/,0
https://www.bobvila.com/slideshow/bob-vila-s-2020-take-back-your-yard-giveaway-with-lawnmaster-577631/,0
https://www.bobvila.com/slideshow/bob-vila-s-2000-love-your-living-room-giveaway-with-vasagle-577514/,0
https://www.bobvila.com/slideshow/bob-vila-s-3500-ultimate-fall-project-laser-giveaway-with-kapro-tools-577412/,0
https://www.bobvila.com/slideshow/bob-vila-s-3000-inside-and-out-fall-cleaning-giveaway-with-hoover-551535/,0
https://www.bobvila.com/slideshow/bob-vila-s-3000-clean-water-healthy-home-giveaway-with-a-o-smith-459860/,0
https://www.bobvila.com/slideshow/bob-vila-s-2020-essential-power-tool-giveaway-with-bosch-359952/,0
https://www.bobvila.com/slideshow/bob-vila-s-2020-portable-pizza-oven-giveaway-with-gozney-243475/,0
https://www.bobvila.com/slideshow/bob-vila-s-4800-power-to-do-it-all-giveaway-with-craftsman-152165/,0
https://www.bobvila.com/slideshow/bob-vila-s-2500-home-safety-giveaway-with-daich-coatings-93384/,0
https://www.bobvila.com/slideshow/bob-vila-s-2020-reboot-your-home-office-giveaway-with-vasagle-69395/,0
https://www.bobvila.com/slideshow/bob-vila-s-2020-humidity-be-gone-giveaway-with-santa-fe-55388/,0
https://www.bobvila.com/slideshow/bob-vila-s-2020-laundry-made-better-giveaway-with-kenmore-53473/,0
https://www.bobvila.com/slideshow/bob-vila-s-2020-perfect-grill-giveaway-with-ig-charcoal-bbq-53440/,0
https://www.bobvila.com/slideshow/bob-vila-s-3000-celebrate-spring-clean-giveaway-with-hoover-53393/,0
https://www.bobvila.com/slideshow/bob-vila-s-360-degrees-of-spring-giveaway-with-troy-bilt-53396/,0
https://www.bobvila.com/slideshow/bob-vila-s-3000-complete-yard-care-giveaway-with-greenworks-53355/,0
https://www.bobvila.com/slideshow/bob-vila-s-3000-fireclay-kitchen-sink-giveaway-with-bocchi-53309/,0
https://www.bobvila.com/slideshow/bob-vila-s-4000-clean-water-healthy-home-giveaway-with-aquasana-53279/,0
https://www.bobvila.com/slideshow/bob-vila-s-5000-new-year-new-you-mattress-giveaway-with-ashley-homestore-53204/,0
https://www.bobvila.com/slideshow/bob-vila-s-3000-get-organized-giveaway-with-clevermade-53206/,0
https://www.bobvila.com/slideshow/bob-vila-s-3000-whether-the-weather-giveaway-with-troy-bilt-53185/,0
https://www.bobvila.com/slideshow/bob-vila-s-3000-gift-solutions-giveaway-with-clevermade-53165/,0
https://www.bobvila.com/slideshow/bob-vila-s-2700-privacy-window-giveaway-with-hy-lite-53119/,0
https://www.bobvila.com/slideshow/bob-vila-s-4000-renew-your-dining-room-giveaway-with-ashley-homestore-53123/,0
https://www.bobvila.com/slideshow/bob-vila-s-2500-stylestrength-giveaway-with-daich-coatings-53067/,0
https://www.bobvila.com/slideshow/bob-vila-s-2500-garage-makeover-giveaway-with-proslat-53063/,0
https://www.bobvila.com/slideshow/bob-vila-s-4000-complete-outdoor-heat-giveaway-with-infratech-53047/,0
https://www.bobvila.com/slideshow/bob-vila-s-3000-clean-sweep-giveaway-with-hoover-52993/,0
https://www.bobvila.com/slideshow/bob-vila-s-3000-bright-ideas-giveaway-with-the-grommet-52989/,0
https://www.bobvila.com/slideshow/bob-vila-s-2019-lawn-tractor-giveaway-with-john-deere-52946/,0
https://www.bobvila.com/slideshow/bob-vila-s-2019-humidity-be-gone-giveaway-with-santa-fe-52911/,0
https://www.bobvila.com/slideshow/bob-vila-s-3000-ultimate-outdoor-grill-giveaway-with-delta-heat-52883/,0
https://www.bobvila.com/slideshow/bob-vila-s-4500-craftsman-yard-tools-giveaway-52859/,0
https://www.bobvila.com/slideshow/bob-vila-s-2019-laundry-made-better-giveaway-52801/,0
https://www.bobvila.com/slideshow/bob-vila-s-1000-front-door-makeover-giveaway-with-larson-manufacturing-52722/,0
https://www.bobvila.com/slideshow/bob-vila-s-2019-flip-your-fridge-giveaway-52737/,0
https://www.bobvila.com/slideshow/bob-vila-s-4000-total-toolkit-giveaway-with-bosch-52673/,0
https://www.bobvila.com/slideshow/bob-vila-s-1000-new-door-giveaway-from-larson-manufacturing-52685/,0
https://www.bobvila.com/slideshow/bob-vila-s-3000-%e2%80%9crefresh-your-guest-room%e2%80%9d-giveaway-from-kathy-ireland%c2%ae-home-and-yourhome1source-com-52658/,0
https://www.bobvila.com/slideshow/bob-vila-s-5000-%e2%80%9ceverything-for-the-kitchen-sink%e2%80%9d-giveaway-52607/,0
https://www.bobvila.com/slideshow/enter-bob-vila-s-1000-beautiful-rug-giveaway-from-well-woven-52565/,0
https://www.bobvila.com/slideshow/thank-you-for-entering-bob-vila-s-1000-beautiful-rug-giveaway-from-well-woven-52579/,0
https://www.bobvila.com/slideshow/enter-bob-vila-s-3000-new-year-new-bed-giveaway-from-saatva-52562/,0
https://www.bobvila.com/slideshow/thank-you-for-entering-bob-vila-s-3000-new-year-new-bed-giveaway-from-saatva-52575/,0
https://www.bobvila.com/slideshow/enter-bob-vila-s-3000-refresh-your-curb-appeal-giveaway-today-52517/,0
https://www.bobvila.com/slideshow/thank-you-for-entering-bob-vila-s-3000-refresh-your-curb-appeal-giveaway-from-zabitat-52536/,0
https://www.bobvila.com/slideshow/thank-you-for-entering-bob-vila-s-3000-level-up-your-toolkit-giveaway-from-kapro-tools-52528/,0
https://www.bobvila.com/slideshow/enter-bob-vila-s-3000-cabinet-makeover-giveaway-today-52455/,0
https://www.bobvila.com/slideshow/thank-you-for-entering-bob-vila-s-4th-annual-3000-kitchen-appliance-giveaway-52433/,0
https://www.bobvila.com/slideshow/bob-vila-s-4th-annual-3000-kitchen-appliance-giveaway-52419/,0
https://www.bobvila.com/slideshow/thank-you-for-entering-bob-vila-s-5000-bathroom-remodel-giveaway-with-badeloft-52373/,0
https://www.bobvila.com/slideshow/thank-you-for-entering-bob-vila-s-5000-furniture-giveaway-with-ashley-homestore-52357/,0
https://www.bobvila.com/slideshow/thank-you-for-entering-bob-vila-s-fall-furnishings-giveaway-with-plow-hearth-52312/,0
https://www.bobvila.com/slideshow/bob-vila-s-3000-fall-furnishing-giveaway-with-plow-hearth-52284/,0
https://www.bobvila.com/slideshow/thank-you-for-entering-bob-vila-s-giveaway-52109/,0
https://www.bobvila.com/slideshow/thank-you-for-entering-bob-vila-s-brand-new-laundry-machine-giveaway-with-the-kenmore-brand-52019/,0
https://www.bobvila.com/slideshow/bob-vila-s-3000-home-design-giveaway-with-houzz-51924/,0
https://www.bobvila.com/slideshow/bob-vila-s-4000-clean-home-giveaway-with-irobot-51811/,0
https://www.bobvila.com/slideshow/bob-vila-s-%e2%80%9cspring-clean-your-exterior%e2%80%9d-giveaway-with-briggs-stratton-51996/,0
https://www.bobvila.com/slideshow/thank-you-for-entering-bob-vila-s-3000-home-design-giveaway-with-houzz-52008/,0
https://www.bobvila.com/slideshow/thank-you-for-entering-bob-vila-s-%e2%80%9cspring-clean-your-exterior%e2%80%9d-giveaway-with-briggs-stratton-51998/,0
https://www.bobvila.com/slideshow/thanks-for-entering-bob-vila-s-4000-clean-home-giveaway-with-irobot-51875/,0
https://www.bobvila.com/slideshow/bob-vila-s-4000-smart-storage-giveaway-with-ikea-51742/,0
https://www.bobvila.com/slideshow/thank-you-for-entering-bob-vila-s-4000-smart-storage-giveaway-with-ikea-51744/,0
https://www.bobvila.com/slideshow/bob-vila-s-5000-dream-home-giveaway-with-ashley-homestore-51681/,0
https://www.bobvila.com/slideshow/bob-vila-s-smart-home-holiday-giveaway-51613/,0
https://www.bobvila.com/slideshow/thank-you-for-entering-bob-vila-s-smart-home-giveaway-51617/,0
https://www.bobvila.com/slideshow/bob-vila-s-3000-refrigerator-and-range-giveaway-from-the-kenmore-brand-51600/,0
https://www.bobvila.com/slideshow/bob-vila-s-3000-fall-home-refresh-giveaway-from-hayneedle-com-51464/,0
https://www.bobvila.com/slideshow/thank-you-for-entering-bob-vila-s-3000-fall-home-refresh-giveaway-from-hayneedle-com-51472/,0
https://www.bobvila.com/slideshow/bob-vila-s-3rd-annual-3000-kitchen-appliance-giveaway-51408/,0
https://www.bobvila.com/slideshow/bob-vila-s-3000-pick-your-prize-summer-giveaway-51276/,0
https://www.bobvila.com/slideshow/thank-you-for-entering-bob-vila-s-3000-pick-your-prize-summer-giveaway-51291/,0
https://www.bobvila.com/slideshow/bob-vila-s-5000-beat-the-heat-giveaway-with-fujitsu-general-51213/,0
https://www.bobvila.com/slideshow/thank-you-for-entering-bob-vila-s-5000-beat-the-heat-giveaway-with-fujitsu-general-51216/,0
https://www.bobvila.com/slideshow/bob-vila-s-3000-paint-your-house-giveaway-with-hyde-tools-51140/,0
https://www.bobvila.com/slideshow/enter-bob-vila-s-flip-your-fridge-giveaway-51055/,0
https://www.bobvila.com/slideshow/thank-your-for-entering-bob-vila-s-flip-your-fridge-giveaway-51057/,0
https://www.bobvila.com/slideshow/bob-vila-s-outdoor-bar-giveaway-with-quikrete-51041/,0
https://www.bobvila.com/slideshow/thank-you-for-entering-bob-vila-s-outdoor-bar-giveaway-51053/,0
https://www.bobvila.com/slideshow/bob-vila-s-2017-love-your-lawn-giveaway-from-john-deere-50946/,0
https://www.bobvila.com/slideshow/thank-you-for-entering-bob-vila-s-3000-best-backyard-giveaway-from-craftsman-50892/,0
https://www.bobvila.com/slideshow/bob-vila-s-3000-best-backyard-giveaway-from-craftsman-50874/,0
https://www.bobvila.com/slideshow/bob-vila-s-3000-home-decor-giveaway-50796/,0
https://www.bobvila.com/slideshow/bob-vila-s-pick-your-prize-give-away-from-blackdecker%e2%84%a2-50716/,0
https://www.bobvila.com/slideshow/bob-vila-s-great-holiday-give-away-50646/,0
https://www.bobvila.com/slideshow/bob-vila-s-brand-new-refrigerator-give-away-50564/,0
https://www.bobvila.com/slideshow/3rd-annual-5000-fall-gutter-give-away-from-leafguard-50480/,0
https://www.bobvila.com/slideshow/thank-you-for-entering-bob-vila-s-3rd-annual-fall-flooring-give-away-50436/,0
https://www.bobvila.com/slideshow/bob-vila-s-3rd-annual-fall-flooring-give-away-50350/,0
https://www.bobvila.com/slideshow/bob-vila-s-2nd-annual-kitchen-appliance-give-away-50258/,0
https://www.bobvila.com/slideshow/the-5000-dream-office-give-away-from-bdi-50268/,0
https://www.bobvila.com/slideshow/bob-vila-s-key-west-weekend-give-away-with-the-unico-system-50147/,0
https://www.bobvila.com/slideshow/thank-you-for-entering-bob-vila-s-5000-dream-office-give-away-from-bdi-50197/,0
https://www.bobvila.com/slideshow/thank-you-for-entering-bob-vila-s-3000-refresh-your-deck-give-away-with-hyde-tools-50102/,0
https://www.bobvila.com/slideshow/bob-vila-s-refresh-your-deck-give-away-with-hyde-tools-50058/,0
https://www.bobvila.com/slideshow/bob-vila-s-love-your-lawn-give-away-with-john-deere-49876/,0
https://www.bobvila.com/slideshow/thank-you-for-entering-bob-vila-s-love-your-lawn-give-away-with-john-deere-49972/,0
https://www.bobvila.com/slideshow/bob-vila-s-5000-outdoor-heating-give-away-with-infratech-49817/,0
https://www.bobvila.com/slideshow/thank-you-for-entering-bob-vila-s-5000-outdoor-heating-give-away-with-infratech-49892/,0
https://www.bobvila.com/slideshow/bob-vila-s-3500-get-your-green-on-give-away-from-the-craftsman%c2%ae-brand-49726/,0
https://www.bobvila.com/slideshow/bob-vila-s-4000-get-organized-give-away-from-the-container-store-49661/,0
https://www.bobvila.com/slideshow/thank-you-for-entering-bob-vila-s-4000-get-organized-give-away-from-the-container-store-49677/,0
https://www.bobvila.com/slideshow/bob-vila-s-pick-your-present-give-away-from-hayneedle-com-week-4-49551/,0
https://www.bobvila.com/slideshow/bob-vila-s-pick-your-present-give-away-from-hayneedle-com-week-3-49550/,0
https://www.bobvila.com/slideshow/bob-vila-s-pick-your-present-give-away-from-hayneedle-com-week-2-49547/,0
https://www.bobvila.com/slideshow/bob-vila-s-pick-your-present-give-away-from-hayneedle-com-week-1-49543/,0
https://www.bobvila.com/slideshow/thank-you-for-entering-bob-vila-s-pick-your-present-give-away-from-hayneedle-com-49567/,0
https://www.bobvila.com/slideshow/bob-vila-s-5000-fall-gutter-give-away-49480/,0
https://www.bobvila.com/slideshow/bob-vila-s-3000-kitchen-appliance-give-away-49361/,0
https://www.bobvila.com/slideshow/thank-you-for-entering-the-3000-kitchen-appliance-give-away-49390/,0
https://www.bobvila.com/slideshow/thank-you-for-entering-the-second-annual-fall-flooring-give-away-49247/,0
https://www.bobvila.com/slideshow/thank-you-for-entering-bob-vila-s-summer-sunshine-give-away-49175/,0
https://www.bobvila.com/slideshow/bob-vila-s-2nd-annual-fall-flooring-give-away-49169/,0
https://www.bobvila.com/slideshow/enter-bob-vila-s-summer-sunshine-give-away-49165/,0
https://www.bobvila.com/slideshow/thank-you-for-entering-bob-vila-s-3000-garage-makeover-give-away-49056/,0
https://www.bobvila.com/slideshow/thank-you-for-entering-bob-vila-s-2nd-annual-great-gutter-give-away-48919/,0
https://www.bobvila.com/slideshow/enter-bob-vila-s-3000-may-makeover-give-away-48801/,0
https://www.bobvila.com/slideshow/thank-you-for-entering-bob-vila-s-3000-may-makeover-give-away-48790/,0
https://www.bobvila.com/slideshow/thank-you-for-entering-bob-vila-s-3rd-annual-diy-dollars-give-away-from-incomm-48672/,0
https://www.bobvila.com/slideshow/enter-bob-vila-s-3rd-annual-diy-dollars-give-away-from-incomm-48673/,0
https://www.bobvila.com/slideshow/thanks-for-entering-bob-vila-s-3rd-annual-march-mower-give-away-from-john-deere-48540/,0
https://www.bobvila.com/slideshow/bob-vila-s-3rd-annual-march-mower-give-away-from-john-deere-48539/,0
https://www.bobvila.com/slideshow/bob-vila-s-3000-entertainment-furniture-give-away-48485/,0
https://www.bobvila.com/slideshow/thanks-for-entering-our-new-year-new-tile-give-away-48362/,0
https://www.bobvila.com/slideshow/bob-vila-s-new-year-new-tile-give-away-48376/,0
https://www.bobvila.com/slideshow/bob-vila-s-pick-your-present-give-away-from-wayfair-48260/,0
https://www.bobvila.com/slideshow/bob-vila-s-3000-warmer-bathroom-floor-give-away-48166/,0
https://www.bobvila.com/slideshow/bob-vila-s-5000-fall-flooring-give-away-48054/,0
https://www.bobvila.com/slideshow/thank-you-for-entering-bob-vila-s-3000-home-design-giveaway-51933/,0
https://www.bobvila.com/slideshow/enter-bob-vila-s-3000-level-up-your-toolkit-giveaway-from-kapro-tools-today-52495/,0
https://www.bobvila.com/slideshow/bob-vila-s-fall-paint-give-away-47877/,0
https://www.bobvila.com/slideshow/thank-you-for-entering-bob-vila-s-3000-refrigerator-and-range-giveaway-from-the-kenmore-brand-51611/,0
https://www.bobvila.com/slideshow/lennox-contest-47798/,0
https://www.bobvila.com/slideshow/thank-you-for-entering-bob-vila-s-3000-paint-your-house-giveaway-51147/,0
https://www.bobvila.com/slideshow/diy-dollars-give-away-47739/,0
https://www.bobvila.com/slideshow/bob-vila-s-pick-your-present-give-away-from-hayneedle-com-49524/,0
https://www.bobvila.com/slideshow/enter-bob-vila-s-get-your-house-painted-give-away-here-47508/,0
https://www.bobvila.com/slideshow/bob-vila-s-great-gutter-give-away-47356/,0
https://www.bobvila.com/slideshow/thank-you-for-entering-bob-vila-s-6k-outdoor-kitchen-give-away-44529/,0
https://www.bobvila.com/slideshow/garage-makeover-contest-46988/,0
https://www.bobvila.com/slideshow/bob-vila-s-new-year-new-rug-give-away-from-loloi-10-rugs-and-10-winners-46754/,0
https://www.bobvila.com/slideshow/american-leather-giveaway-46594/,0
https://www.bobvila.com/slideshow/dream-dishwasher-46421/,0
https://www.bobvila.com/slideshow/win-a-1000-lowe-s-gift-card-46208/,0
https://www.bobvila.com/slideshow/enter-to-win-a-gtech-airram-46094/,0
https://www.bobvila.com/slideshow/ge-frontload-washer-and-dryer-45761/,0
https://www.bobvila.com/slideshow/ge-appliances-big-summer-blowout-give-away-45667/,0
https://www.bobvila.com/slideshow/thank-you-for-entering-the-ge-appliances-big-summer-blowout-45660/,0
https://www.bobvila.com/slideshow/bob-vila-s-2nd-annual-dream-patio-give-away-44675/,0
https://www.bobvila.com/slideshow/thank-you-for-entering-bob-vila-s-2nd-annual-dream-patio-give-away-44678/,0
https://www.bobvila.com/slideshow/bob-vila-s-great-big-garden-give-away-from-true-temper-44368/,0
https://www.bobvila.com/slideshow/thanks-for-entering-bob-vila-s-great-big-garden-give-away-44390/,0
https://www.bobvila.com/articles/enter-april-showers-giveaway/,0
https://www.bobvila.com/articles/march-mower-giveaway/,0
https://www.bobvila.com/articles/last-chance-to-win-500-in-our-diy-dollars-give-away/,0
https://www.bobvila.com/articles/diy-dollars-giveaway-week-3/,0
https://www.bobvila.com/articles/diy-dollars-giveaway-week-2/,0
https://www.bobvila.com/articles/diy-dollars-giveaway/,0
https://www.bobvila.com/articles/last-chance-to-win-enter-today-to-win-an-espresso-kitchen-cart-with-stools/,0
https://www.bobvila.com/articles/enter-today-to-win-a-sunpentown-16-bottle-wine-cooler/,0
https://www.bobvila.com/articles/enter-today-to-win-a-steve-silver-nelson-lift-top-cocktail-table/,0
https://www.bobvila.com/articles/enter-today-to-win-a-richland-mini-hall-tree/,0
https://www.bobvila.com/articles/enter-today-to-win-an-uttermost-sitka-floor-lamp/,0
https://www.bobvila.com/articles/enter-today-to-win-a-milano-wall-wine-rack/,0
https://www.bobvila.com/articles/enter-today-to-win-a-simplehuman-13-g-sensor-trash-can/,0
https://www.bobvila.com/articles/enter-today-to-win-a-townsend-tv-stand-and-media-towers/,0
https://www.bobvila.com/articles/enter-today-to-win-a-granite-fire-pit-table/,0
https://www.bobvila.com/articles/enter-today-to-win-a-fortune-venetian-mirror/,0
https://www.bobvila.com/articles/enter-today-to-win-a-tufted-border-upholstered-queen-headboard/,0
https://www.bobvila.com/articles/enter-today-to-win-a-kitchenaid-professional-600-series-stand-mixer-in-empire-red/,0
https://www.bobvila.com/articles/enter-today-to-win-a-12-gallon-shop-vac-quiet-plus-series/,0
https://www.bobvila.com/articles/enter-today-to-win-a-chrystal-4-ft-park-bench/,0
https://www.bobvila.com/articles/enter-today-to-win-a-fiji-isle-all-weather-wicker-sectional-set/,0
https://www.bobvila.com/articles/enter-today-to-win-classic-playtime-deluxe-easel/,0
https://www.bobvila.com/articles/enter-today-to-win-a-helios-indooroutdoor-fountain/,0
https://www.bobvila.com/articles/enter-today-to-win-a-wusthof-gourmet-12-piece-knife-and-block-set/,0
https://www.bobvila.com/articles/enter-today-to-win-a-fat-cat-tirade-foosball-table/,0
https://www.bobvila.com/articles/enter-today-to-win-an-angelohome-dover-chair/,0
https://www.bobvila.com/articles/win-excel-11-drawer-tool-chest/,0
https://www.bobvila.com/articles/day-three-24-days-of-holiday-give-aways/,0
https://www.bobvila.com/articles/day-two-24-days-of-holiday-give-aways/,0
https://www.bobvila.com/articles/starting-today-24-days-of-holiday-give-aways/,0
https://www.bobvila.com/articles/bob-vilas-pre-holiday-give-away-final-week/,0
https://www.bobvila.com/articles/bob-vilas-pre-holiday-give-away-week-3/,0
https://www.bobvila.com/articles/bob-vilas-pre-holiday-give-away-week-2/,0
https://www.bobvila.com/slideshow/best-in-show-doghouse-contest-winners-15335/,0
https://www.bobvila.com/articles/pre-holiday-give-away-mylowes/,0
https://www.bobvila.com/slideshow/thanks-for-entering-bob-vila-s-pumpkin-carving-contest-13750/,0
https://www.bobvila.com/articles/bob-vila-pumpkin-carving-contest/,0
https://www.bobvila.com/articles/gladiator-wall-solutions-pack/,0
https://www.bobvila.com/articles/last-call-for-doghouse-photos-enter-now/,0
https://www.bobvila.com/articles/win-a-gladiator-bamboo-workbench-enter-today/,0
https://www.bobvila.com/articles/bob-vila-gladiator-garageworks-giveaway/,0
https://www.bobvila.com/slideshow/thanks-for-entering-bob-vila-s-gladiator%c2%aegarageworks-better-garage-give-away-9908/,0
https://www.bobvila.com/articles/bob-vilas-best-in-show-doghouse-contest/,0
https://www.bobvila.com/articles/your-final-week-to-win-a-ge-appliance/,0
https://www.bobvila.com/articles/week-3-ge-appliances-give-away/,0
https://www.bobvila.com/articles/week-2-of-our-ge-appliances-give-away/,0
https://www.bobvila.com/articles/ge-appliances-give-away/,0
https://www.bobvila.com/slideshow/thanks-for-entering-bob-vila-s-ge-appliances-give-away-8418/,0
https://www.bobvila.com/slideshow/thanks-for-entering-now-double-your-chances-with-zillow-4245/,0
https://www.bobvila.com/articles/bob-vilas-smokin-hot-june-give-away/,0
https://www.bobvila.com/articles/dream-patio-giveaway-week-three/,0
https://www.bobvila.com/articles/dream-patio-giveaway/,0
https://www.bobvila.com/articles/love-your-laundry-room-sweepstakes/,0