https://www.bobvila.com/slideshow/8-ways-to-buy-a-better-guest-room-for-under-30-50728;https://www.bobvila.com/articles/guest-bed-ideas/
https://www.bobvila.com/slideshow/9-double-duty-favorites-for-tiny-outdoor-spaces-48880;https://www.bobvila.com/articles/best-patio-furniture/
https://www.bobvila.com/slideshow/your-easiest-ever-garden-7-planters-that-do-all-the-work-48716;https://www.bobvila.com/articles/best-self-watering-planter/
https://www.bobvila.com/slideshow/new-notable-10-high-tech-gadgets-to-make-housework-less-work-47062;https://www.bobvila.com/articles/best-smart-home-devices/
https://www.bobvila.com/slideshow/12-brilliant-innovations-for-your-indoor-garden-578939;https://www.bobvila.com/articles/best-indoor-garden/
https://www.bobvila.com/slideshow/hate-cooking-and-cleaning-these-17-products-will-make-both-chores-so-much-easier-579084;https://www.bobvila.com/slideshow/11-ultra-powerful-products-that-cut-your-cleaning-time-in-half-53099
https://www.bobvila.com/slideshow/10-items-to-keep-in-the-kitchen-during-the-summer-52863;https://www.bobvila.com/slideshow/14-things-you-should-always-keep-near-the-kitchen-sink-51210
https://www.bobvila.com/slideshow/9-problem-solvers-to-snag-on-amazon-for-under-20-50324;https://www.bobvila.com/slideshow/50-products-for-quick-fixes-around-the-house-51986
https://www.bobvila.com/slideshow/11-things-you-didn-t-know-you-could-buy-in-bulk-53645;https://www.bobvila.com/slideshow/beyond-costco-8-other-places-to-buy-in-bulk-53411
https://www.bobvila.com/slideshow/under-50-10-must-haves-for-an-organized-desk-48544;https://www.bobvila.com/articles/best-desk-organizer/
https://www.bobvila.com/slideshow/9-terrific-tools-every-neat-freak-needs-49695;https://www.bobvila.com/articles/best-organizing-products-under-50/
https://www.bobvila.com/slideshow/5-reasons-homeowners-switch-to-high-velocity-hvac-51376;https://www.bobvila.com/articles/choosing-a-high-velocity-hvac-system/
https://www.bobvila.com/slideshow/7-features-to-look-for-in-your-next-garage-door-50544;https://www.bobvila.com/articles/how-to-choose-a-garage-door/
https://www.bobvila.com/slideshow/10-handy-things-you-can-do-with-a-hose-wand-49009;https://www.bobvila.com/slideshow/8-things-you-can-clean-with-a-pressure-washer-53360
https://www.bobvila.com/slideshow/7-reasons-homeowners-switch-to-radiant-heating-48701;https://www.bobvila.com/articles/the-pros-and-cons-of-radiant-heat/
https://www.bobvila.com/slideshow/7-best-garage-sale-buys-for-diy-projects-52182;https://www.bobvila.com/slideshow/the-10-best-things-to-buy-secondhand-48045
https://www.bobvila.com/slideshow/7-unusual-household-uses-for-a-utility-knife-51243;https://www.bobvila.com/articles/best-utility-knife/
https://www.bobvila.com/slideshow/the-6-best-reasons-to-install-new-windows-49388;https://www.bobvila.com/articles/buyers-guide-replacement-windows/
https://www.bobvila.com/slideshow/5-reasons-it-s-time-to-address-your-old-windows-53174;https://www.bobvila.com/articles/buyers-guide-replacement-windows/
https://www.bobvila.com/slideshow/6-rock-solid-reasons-to-pick-concrete-flooring-50359;https://www.bobvila.com/articles/polished-concrete-floor-cost/
https://www.bobvila.com/slideshow/6-things-to-know-if-you-hate-your-home-heating-system-49821;https://www.bobvila.com/articles/choosing-a-high-velocity-hvac-system/
https://www.bobvila.com/slideshow/5-times-a-new-garage-door-made-all-the-difference-50369;https://www.bobvila.com/slideshow/these-curb-appeal-makeovers-all-share-1-thing-in-common-55080
https://www.bobvila.com/slideshow/8-ways-to-make-your-bathroom-more-spa-like-this-year-53217;https://www.bobvila.com/slideshow/21-ways-to-create-a-spa-bath-at-home-2430
https://www.bobvila.com/slideshow/under-cabinet-lighting-10-shining-examples-44270;https://www.bobvila.com/articles/best-under-cabinet-lighting/
https://www.bobvila.com/slideshow/blades-of-glory-10-ceiling-fans-with-sharp-style-44382;https://www.bobvila.com/articles/best-ceiling-fans/
https://www.bobvila.com/slideshow/9-factors-that-jack-up-the-cost-of-home-insurance-551538;https://www.bobvila.com/articles/how-much-is-homeowners-insurance/
https://www.bobvila.com/slideshow/10-reasons-you-should-always-get-renters-insurance-551540;https://www.bobvila.com/articles/how-much-renters-insurance-do-i-need/
https://www.bobvila.com/slideshow/storage-where-you-least-expected-it-10-sly-spots-to-stash-your-stuff-46819;https://www.bobvila.com/articles/secret-storage-ideas/
https://www.bobvila.com/slideshow/10-places-you-re-forgetting-to-winter-proof-51659;https://www.bobvila.com/slideshow/8-wise-ways-to-winter-proof-your-home-for-practically-nothing-49601
https://www.bobvila.com/slideshow/8-ways-to-combat-garden-pests-48897;https://www.bobvila.com/slideshow/20-tips-for-keeping-all-critters-out-of-your-yard-and-garden-52927
https://www.bobvila.com/slideshow/12-household-cleaning-mistakes-that-are-making-you-sick-52475;https://www.bobvila.com/articles/clean-home-after-illness/
https://www.bobvila.com/slideshow/11-inspiring-kitchens-that-defy-their-small-size-47280;https://www.bobvila.com/slideshow/18-tiny-kitchens-we-love-50017
https://www.bobvila.com/slideshow/12-easy-ways-to-boost-bathroom-storage-16467;https://www.bobvila.com/slideshow/18-totally-brilliant-bathroom-storage-hacks-49807
https://www.bobvila.com/slideshow/without-a-stitch-10-no-sew-projects-to-dress-up-any-room-47047;https://www.bobvila.com/slideshow/the-25-smartest-and-smallest-diys-you-can-do-for-your-home-51132
https://www.bobvila.com/slideshow/10-house-projects-you-can-still-complete-on-a-rainy-day-52880;https://www.bobvila.com/articles/diy-home-projects/
https://www.bobvila.com/slideshow/patio-design-today-s-7-most-popular-materials-44283;https://www.bobvila.com/articles/44281-patio-materials-101/
https://www.bobvila.com/slideshow/10-once-trendy-paint-colors-that-still-look-good-today-52444;https://www.bobvila.com/slideshow/7-nostalgic-paint-colors-that-are-making-a-comeback-53327
https://www.bobvila.com/slideshow/supersize-your-small-bath-with-these-8-pro-tips-45591;https://www.bobvila.com/slideshow/15-ways-to-make-a-small-bathroom-big-2350
https://www.bobvila.com/slideshow/organize-your-life-with-12-dollar-store-buys-48589;https://www.bobvila.com/slideshow/the-best-organizers-to-buy-for-under-5-15-and-25-50756
https://www.bobvila.com/slideshow/8-diy-pick-me-ups-for-a-plain-patio-48861;https://www.bobvila.com/slideshow/10-ways-to-dress-up-a-drab-concrete-patio-580575
https://www.bobvila.com/slideshow/make-room-for-the-car-7-easy-diy-garage-organizers-48117;https://www.bobvila.com/slideshow/15-brilliant-garage-organization-ideas-579920
https://www.bobvila.com/slideshow/10-ingenious-alternatives-to-a-traditional-home-office-43096;https://www.bobvila.com/slideshow/11-ideas-for-working-remotely-when-you-don-t-have-a-home-office-48561
https://www.bobvila.com/slideshow/12-genius-tips-for-everyday-speed-cleaning-49561;https://www.bobvila.com/slideshow/20-crazy-cleaning-tips-that-actually-work-52423
https://www.bobvila.com/slideshow/paint-by-numbers-top-paint-brands-reveal-their-most-popular-colors-53040;https://www.bobvila.com/slideshow/the-most-popular-paint-colors-in-america-51672
https://www.bobvila.com/slideshow/buy-or-diy-8-instant-seating-ideas-for-a-full-house-49002;https://www.bobvila.com/slideshow/seat-yourself-11-ways-to-diy-your-own-chair-50888
https://www.bobvila.com/slideshow/9-closet-storage-tips-from-a-professional-organizer-34930;https://www.bobvila.com/articles/closet-organization-ideas/
https://www.bobvila.com/slideshow/the-best-9-storage-spots-you-aren-t-already-using-48878;https://www.bobvila.com/slideshow/the-30-best-storage-ideas-for-when-you-have-no-more-floor-space-52766
https://www.bobvila.com/slideshow/get-hooked-10-favorite-wall-storage-ideas-12658;https://www.bobvila.com/slideshow/the-9-smartest-ways-to-organize-your-entire-home-with-s-hooks-52792
https://www.bobvila.com/slideshow/8-truly-unexpected-storage-spots-45587;https://www.bobvila.com/articles/secret-storage-ideas/
https://www.bobvila.com/slideshow/7-ways-to-transform-string-lights-from-holiday-to-every-day-48330;https://www.bobvila.com/slideshow/13-breathtaking-ideas-for-backyard-string-lights-204277
https://www.bobvila.com/slideshow/8-red-flags-to-look-for-in-a-real-estate-listing-50552;https://www.bobvila.com/slideshow/15-signs-that-fixer-upper-might-be-a-money-pit-50112
https://www.bobvila.com/slideshow/10-new-ways-to-reimagine-old-musical-instruments-47572;https://www.bobvila.com/slideshow/trash-to-treasure-14-creative-ways-to-make-good-use-of-old-stuff-45831
https://www.bobvila.com/slideshow/9-brilliant-cleaning-hacks-everyone-should-know-49230;https://www.bobvila.com/slideshow/20-crazy-cleaning-tips-that-actually-work-52423
https://www.bobvila.com/slideshow/7-lawn-care-myths-debunked-49128;https://www.bobvila.com/slideshow/11-ways-you-re-accidentally-ruining-your-lawn-50036
https://www.bobvila.com/slideshow/10-paint-colors-you-ll-see-everywhere-next-year-578349;https://www.bobvila.com/slideshow/the-most-popular-paint-colors-in-america-51672
https://www.bobvila.com/slideshow/8-ways-to-age-distress-gild-and-add-shine-to-your-next-project-46124;https://www.bobvila.com/articles/how-to-distress-furniture/
https://www.bobvila.com/slideshow/solve-common-furnace-problems-with-9-easy-fixes-46665;https://www.bobvila.com/articles/furnace-troubleshooting-2/
https://www.bobvila.com/slideshow/8-unique-ways-to-build-your-own-table-48077;https://www.bobvila.com/slideshow/made-from-scratch-25-diy-dining-tables-52600
https://www.bobvila.com/slideshow/5-rakes-every-homeowner-should-know-15090;https://www.bobvila.com/articles/rake-types/
https://www.bobvila.com/slideshow/14-diy-project-materials-hiding-in-your-backyard-51970;https://www.bobvila.com/slideshow/bob-vila-s-best-diy-projects-for-beginners-49276
https://www.bobvila.com/slideshow/12-easy-herbs-to-grow-on-your-windowsill-51355;https://www.bobvila.com/articles/best-herbs-to-grow-indoors/
https://www.bobvila.com/slideshow/7-things-to-do-now-for-a-greener-lawn-next-year-47982;https://www.bobvila.com/articles/month-by-month-lawn-care-calendar/
https://www.bobvila.com/slideshow/going-bold-10-kitchens-that-pop-with-color-45732;https://www.bobvila.com/slideshow/the-best-paint-colors-for-the-kitchen-47178
https://www.bobvila.com/slideshow/10-things-your-bedroom-might-be-missing-48441;https://www.bobvila.com/articles/how-to-decorate-a-bedroom/
https://www.bobvila.com/slideshow/8-easy-ways-to-winter-proof-your-car-51728;https://www.bobvila.com/slideshow/16-winter-emergency-supplies-you-should-always-keep-in-your-car-52582
https://www.bobvila.com/slideshow/9-creative-uses-for-the-back-of-any-door-48091;https://www.bobvila.com/slideshow/the-30-best-storage-ideas-for-when-you-have-no-more-floor-space-52766
https://www.bobvila.com/slideshow/15-lazy-ways-to-make-a-big-change-in-your-home-49443;https://www.bobvila.com/articles/diy-home-projects/
https://www.bobvila.com/slideshow/home-home-on-the-road-10-houses-on-wheels-47007;https://www.bobvila.com/slideshow/the-18-best-tiny-houses-on-wheels-51345
https://www.bobvila.com/slideshow/garden-fountains-10-water-features-to-beautify-any-yard-2411;https://www.bobvila.com/slideshow/10-inventive-designs-for-a-diy-garden-fountain-49001
https://www.bobvila.com/slideshow/the-10-commandments-of-buying-the-right-tools-47843;https://www.bobvila.com/slideshow/building-the-essential-toolbox-20-tools-you-can-t-diy-without-46459
https://www.bobvila.com/slideshow/9-things-you-never-thought-to-paint-but-should-48257;https://www.bobvila.com/slideshow/13-weirdly-awesome-ways-to-paint-a-room-50241
https://www.bobvila.com/slideshow/10-things-you-might-not-realize-have-vocs-52906;https://www.bobvila.com/articles/how-to-test-air-quality-in-your-home/
https://www.bobvila.com/slideshow/21-totally-free-ways-to-upgrade-your-home-49915;https://www.bobvila.com/slideshow/12-zero-dollar-home-decorating-hacks-49030
https://www.bobvila.com/slideshow/5-nearly-kill-proof-houseplants-2330;https://www.bobvila.com/slideshow/10-low-maintenance-houseplants-to-keep-indoor-air-fresh-38726
https://www.bobvila.com/slideshow/diy-ideas-to-steal-from-5-easy-porch-makeovers-49107;https://www.bobvila.com/slideshow/9-simple-porch-ideas-to-steal-from-real-homes-50086
https://www.bobvila.com/slideshow/mobile-homes-timeline-manufactured-housing-through-the-years-8427;https://www.bobvila.com/articles/8405-mobile-homes-then-and-now/
https://www.bobvila.com/slideshow/5-easy-steps-to-a-successful-paint-makeover-2290;https://www.bobvila.com/articles/30124-dream-it-do-it-how-to-paint-wood-furniture/
https://www.bobvila.com/slideshow/10-reasons-to-go-crazy-for-chalkboard-paint-44471;https://www.bobvila.com/articles/how-to-use-chalk-paint/
https://www.bobvila.com/slideshow/winter-blues-got-you-down-14-ways-to-combat-seasonal-affective-disorder-578041;https://www.bobvila.com/slideshow/the-26-best-ways-you-can-prepare-for-a-frigid-winter-53180
https://www.bobvila.com/slideshow/8-brilliant-ways-to-get-more-space-without-moving-50524;https://www.bobvila.com/slideshow/11-ways-to-gain-square-footage-without-changing-the-floor-plan-120796
https://www.bobvila.com/slideshow/12-off-the-wall-places-to-put-wallpaper-44580;https://www.bobvila.com/slideshow/12-photos-that-prove-wallpaper-still-wows-50989
https://www.bobvila.com/slideshow/10-ways-to-make-office-supplies-work-overtime-49267;https://www.bobvila.com/slideshow/10-tips-for-creating-a-home-office-that-works-for-you-34432
https://www.bobvila.com/slideshow/composite-decking-10-great-reasons-to-rethink-wood-44670;https://www.bobvila.com/articles/composite-decking-101/
https://www.bobvila.com/slideshow/10-accidents-waiting-to-happen-and-how-to-stay-safe-50953;https://www.bobvila.com/slideshow/11-ticking-time-bombs-in-your-house-and-how-to-deal-with-them-48758
https://www.bobvila.com/slideshow/10-ingredients-for-a-cutting-edge-kitchen-48442;https://www.bobvila.com/slideshow/meet-the-next-generation-of-high-tech-kitchen-appliances-48628
https://www.bobvila.com/slideshow/the-cost-of-2-000-square-feet-in-america-s-cheapest-cities-51776;https://www.bobvila.com/slideshow/15-of-the-cheapest-places-to-buy-a-house-in-the-u-s-52091
https://www.bobvila.com/slideshow/easy-storage-ideas-for-every-room-in-the-house-47009;https://www.bobvila.com/slideshow/18-clever-storage-solutions-you-can-diy-for-free-49712
https://www.bobvila.com/slideshow/14-things-you-never-realized-are-reusable-52140;https://www.bobvila.com/slideshow/the-best-reusable-products-you-can-snag-from-amazon-53044
https://www.bobvila.com/slideshow/looks-like-luxury-imitate-any-material-with-tile-48669;https://www.bobvila.com/articles/types-of-tile/
https://www.bobvila.com/slideshow/house-tour-escape-cabin-on-wheels-47354;https://www.bobvila.com/slideshow/the-18-best-tiny-houses-on-wheels-51345
https://www.bobvila.com/slideshow/10-trash-to-treasure-ways-to-reinvent-old-tech-48230;https://www.bobvila.com/slideshow/16-insanely-clever-ways-to-reuse-household-junk-51388
https://www.bobvila.com/slideshow/trending-now-painted-stairs-39167;https://www.bobvila.com/articles/29359-dream-it-do-it-how-to-paint-a-staircase/
https://www.bobvila.com/slideshow/the-most-haunted-places-in-america-52383;https://www.bobvila.com/slideshow/11-real-haunted-houses-to-visit-if-you-dare-46284
https://www.bobvila.com/slideshow/10-ways-to-keep-your-car-from-getting-stolen-51863;https://www.bobvila.com/articles/garage-door-security/
https://www.bobvila.com/slideshow/15-hidden-costs-of-home-remodeling-51223;https://www.bobvila.com/slideshow/here-s-how-much-remodeling-any-room-really-costs-53039
https://www.bobvila.com/slideshow/cure-your-cabin-fever-with-20-easy-paint-projects-49753;https://www.bobvila.com/slideshow/11-insanely-easy-60-minute-paint-diys-49216
https://www.bobvila.com/slideshow/7-reasons-every-home-needs-a-humidifier-51722;https://www.bobvila.com/articles/choosing-a-dehumidifier/
https://www.bobvila.com/slideshow/9-diy-ideas-for-a-summery-backyard-48900;https://www.bobvila.com/slideshow/the-15-best-lawn-games-to-play-this-summer-52949
https://www.bobvila.com/slideshow/8-things-you-never-thought-to-frame-but-should-48463;https://www.bobvila.com/articles/wall-decor-ideas/
https://www.bobvila.com/slideshow/weekend-projects-10-diy-gifts-to-make-and-give-46578;https://www.bobvila.com/slideshow/10-creative-stocking-stuffers-you-can-make-in-minutes-48209
https://www.bobvila.com/slideshow/home-office-ideas-to-steal-from-9-creative-companies-48494;https://www.bobvila.com/slideshow/10-tips-for-creating-a-home-office-that-works-for-you-34432
https://www.bobvila.com/slideshow/6-ways-to-cure-a-cave-like-hallway-49154;https://www.bobvila.com/slideshow/13-hallway-lighting-ideas-that-work-even-in-windowless-spaces-578735
https://www.bobvila.com/slideshow/8-brilliant-diy-ways-to-reinvent-your-dinnerware-47249;https://www.bobvila.com/slideshow/bob-vila-s-best-diy-projects-for-beginners-49276
https://www.bobvila.com/slideshow/14-jaw-dropping-remodeling-ideas-you-can-copy-for-less-than-1-000-50224;https://www.bobvila.com/slideshow/the-most-popular-home-improvement-projects-in-america-53011
https://www.bobvila.com/slideshow/refresh-your-home-with-8-easy-outdoor-paint-projects-48796;https://www.bobvila.com/slideshow/11-insanely-easy-60-minute-paint-diys-49216
https://www.bobvila.com/slideshow/deck-the-doors-12-wreaths-for-autumn-decorating-46182;https://www.bobvila.com/articles/best-front-door-wreaths/
https://www.bobvila.com/slideshow/12-mistakes-that-make-your-car-vulnerable-to-break-ins-52437;https://www.bobvila.com/articles/garage-door-security/
https://www.bobvila.com/slideshow/9-dangers-lurking-in-your-home-s-water-supply-53304;https://www.bobvila.com/slideshow/9-signs-your-tap-water-might-be-contaminated-51820
https://www.bobvila.com/slideshow/12-fresh-ideas-for-your-kids-room-15439;https://www.bobvila.com/slideshow/kids-crammed-in-10-great-ideas-for-your-kids-shared-bedroom-46766
https://www.bobvila.com/slideshow/10-energy-wise-ways-to-lower-your-pool-maintenance-costs-47863;https://www.bobvila.com/articles/how-to-maintain-a-pool/
https://www.bobvila.com/slideshow/11-selfish-reasons-to-make-friends-with-your-neighbors-51894;https://www.bobvila.com/slideshow/10-easy-ways-you-can-be-a-better-neighbor-53218
https://www.bobvila.com/slideshow/9-tips-and-tricks-to-cut-the-christmas-clutter-49607;https://www.bobvila.com/slideshow/the-best-storage-solutions-for-all-your-holiday-gear-46653
https://www.bobvila.com/slideshow/a-dozen-clever-hacks-for-your-diy-holiday-home-51707;https://www.bobvila.com/articles/thrifted-holiday-decor-diys/
https://www.bobvila.com/slideshow/11-budget-diys-for-an-instantly-better-bedroom-49477;https://www.bobvila.com/slideshow/bob-vila-s-best-diy-projects-for-beginners-49276
https://www.bobvila.com/slideshow/9-questions-to-ask-before-you-buy-a-fixer-upper-47946;https://www.bobvila.com/slideshow/buying-a-fixer-upper-be-ready-for-these-9-costs-53412
https://www.bobvila.com/slideshow/the-most-controversial-items-you-can-leave-on-a-kitchen-counter-53487;https://www.bobvila.com/slideshow/10-things-you-should-take-off-your-kitchen-countertops-to-declutter-578720
https://www.bobvila.com/slideshow/10-things-you-never-knew-your-real-estate-agent-can-do-for-you-52704;https://www.bobvila.com/slideshow/10-things-your-realtor-wishes-you-knew-about-selling-your-house-578465
https://www.bobvila.com/slideshow/beyond-the-farm-10-new-ideas-for-barn-doors-26399;https://www.bobvila.com/articles/best-barn-doors/
https://www.bobvila.com/slideshow/10-ways-to-use-leather-in-your-next-project-47987;https://www.bobvila.com/articles/reuse-leather-belts/
https://www.bobvila.com/slideshow/12-totally-unexpected-ways-to-diy-a-holiday-wreath-49539;https://www.bobvila.com/slideshow/the-weirdest-things-anyone-has-ever-used-to-make-an-awesome-diy-christmas-wreath-52523
https://www.bobvila.com/slideshow/10-expert-tips-for-greener-healthier-yard-care-85798;https://www.bobvila.com/articles/month-by-month-lawn-care-calendar/
https://www.bobvila.com/slideshow/house-tour-a-french-castle-rises-from-its-ruins-48199;https://www.bobvila.com/slideshow/18-castles-you-can-buy-for-less-than-you-think-50711
https://www.bobvila.com/slideshow/12-ways-to-find-your-dream-home-without-a-real-estate-agent-53450;https://www.bobvila.com/slideshow/10-things-to-know-about-being-your-own-real-estate-agent-49977
https://www.bobvila.com/slideshow/8-clever-ways-to-reuse-wrapping-paper-48301;https://www.bobvila.com/slideshow/22-unique-gift-wrapping-ideas-for-the-holidays-49615
https://www.bobvila.com/slideshow/7-tips-for-quick-and-easy-cleanup-after-dinner-51655;https://www.bobvila.com/slideshow/10-unusual-tips-for-your-cleanest-kitchen-ever-48947
https://www.bobvila.com/slideshow/13-diy-summer-wreath-ideas-to-spruce-up-your-front-door-579579;https://www.bobvila.com/articles/best-front-door-wreaths/
https://www.bobvila.com/slideshow/14-tips-for-prepping-for-houseguests-from-5-star-airbnb-hosts-52272;https://www.bobvila.com/slideshow/10-ways-to-welcome-a-house-guest-46938
https://www.bobvila.com/slideshow/10-apps-and-tools-that-will-help-you-save-money-237799;https://www.bobvila.com/slideshow/hello-homeowners-the-8-most-useful-apps-for-your-phone-51878
https://www.bobvila.com/slideshow/10-surprising-places-to-hide-holiday-gifts-at-home-578134;https://www.bobvila.com/slideshow/the-most-cunning-secret-hiding-spots-we-ve-ever-seen-48147
https://www.bobvila.com/slideshow/house-tour-chicago-s-c3-modular-house-2476;https://www.bobvila.com/articles/best-modular-home-manufacturers/
https://www.bobvila.com/slideshow/10-trendy-houseplants-that-are-safe-for-pets-according-to-experts-579099;https://www.bobvila.com/slideshow/the-25-most-dangerous-plants-for-your-pet-51196
https://www.bobvila.com/slideshow/10-real-estate-costs-that-are-always-negotiable-78558;https://www.bobvila.com/slideshow/10-things-you-never-knew-are-negotiable-51482
https://www.bobvila.com/slideshow/20-towns-that-used-to-run-america-52431;https://www.bobvila.com/slideshow/10-u-s-towns-that-are-older-than-america-50761
https://www.bobvila.com/slideshow/decoding-shop-talk-here-s-what-your-contractor-is-actually-saying-53281;https://www.bobvila.com/articles/679-how-to-hire-a-general-contractor/
https://www.bobvila.com/slideshow/how-to-spring-clean-in-just-one-day-55093;https://www.bobvila.com/slideshow/30-ways-to-spring-clean-your-whole-house-naturally-47139
https://www.bobvila.com/slideshow/10-mistakes-not-to-make-the-next-time-you-grill-52200;https://www.bobvila.com/slideshow/16-reasons-you-really-need-to-do-a-better-job-cleaning-your-grill-52930
https://www.bobvila.com/slideshow/staying-alive-12-pro-tips-to-sustain-your-lawn-in-the-dead-of-summer-52964;https://www.bobvila.com/articles/heat-stressed-lawn/
https://www.bobvila.com/slideshow/35-college-towns-you-have-to-see-in-the-fall-52337;https://www.bobvila.com/slideshow/12-good-reasons-to-move-to-a-college-town-53087
https://www.bobvila.com/slideshow/the-most-common-household-crimes-and-how-to-protect-yourself-in-2020-53222;https://www.bobvila.com/slideshow/36-easy-ways-to-protect-your-home-from-break-ins-52902
https://www.bobvila.com/slideshow/12-ways-to-vacation-in-your-own-backyard-53652;https://www.bobvila.com/slideshow/25-ways-to-upgrade-your-outdoor-living-space-for-almost-nothing-50004
https://www.bobvila.com/slideshow/12-indoor-gardening-mistakes-you-ll-wish-you-knew-sooner-578199;https://www.bobvila.com/slideshow/14-symptoms-of-an-unhappy-houseplant-and-how-you-can-treat-them-45547
https://www.bobvila.com/slideshow/10-fall-door-diys-for-the-best-house-on-the-block-48124;https://www.bobvila.com/slideshow/35-ways-to-decorate-for-fall-when-you-re-sick-of-pumpkins-53054
https://www.bobvila.com/slideshow/15-ways-presidents-made-the-white-house-feel-like-home-52635;https://www.bobvila.com/slideshow/21-crazy-but-true-facts-about-the-white-house-50765
https://www.bobvila.com/slideshow/7-cleaners-that-the-epa-recommends-against-the-coronavirus-53338;https://www.bobvila.com/articles/clean-home-after-illness/
https://www.bobvila.com/slideshow/from-the-community-10-great-diy-projects-from-bob-s-bloggers-46452;https://www.bobvila.com/slideshow/bob-vila-s-best-diy-projects-for-beginners-49276
https://www.bobvila.com/slideshow/9-ways-that-garden-pesticides-may-be-making-your-pest-problem-worse-535923;https://www.bobvila.com/slideshow/8-reasons-not-to-use-pesticides-in-your-yard-and-garden-52794