https://empire-s3-production.bobvila.com/articles/wp-content/uploads/2022/04/Sunday_Logo_Green.png,https://www.bobvila.com/articles/wp-content/uploads/2022/04/Sunday_Logo_Green.png
https://empire-s3-production.bobvila.com/articles/wp-content/uploads/2022/10/design-directives-bathroom-mirror-ideas-custom-cutout-mirror.jpeg,https://www.bobvila.com/articles/wp-content/uploads/2022/10/design-directives-bathroom-mirror-ideas-custom-cutout-mirror.jpeg
https://empire-s3-production.bobvila.com/articles/wp-content/uploads/2022/10/ohoh-for-bobvila-bathroom-mirror-ideas-framed-mirror.jpg,https://www.bobvila.com/articles/wp-content/uploads/2022/10/ohoh-for-bobvila-bathroom-mirror-ideas-framed-mirror.jpg
https://empire-s3-production.bobvila.com/articles/wp-content/uploads/2022/10/Vivint-vs.-Ring-How-We-Compared.jpg,https://www.bobvila.com/articles/wp-content/uploads/2022/10/Vivint-vs.-Ring-How-We-Compared.jpg
https://empire-s3-production.bobvila.com/articles/wp-content/uploads/2022/10/empire-today.png,https://www.bobvila.com/articles/wp-content/uploads/2022/10/empire-today.png
https://empire-s3-production.bobvila.com/articles/wp-content/uploads/2022/08/best_pvc_pipe_cutters-second.png,https://www.bobvila.com/articles/wp-content/uploads/2022/08/best_pvc_pipe_cutters-second.png
https://empire-s3-production.bobvila.com/articles/wp-content/uploads/2022/08/best_pvc_pipe_cutters-main.jpg,https://www.bobvila.com/articles/wp-content/uploads/2022/08/best_pvc_pipe_cutters-main.jpg
https://empire-s3-production.bobvila.com/articles/wp-content/uploads/2020/12/shopping-for-north-carolina-home-insurance-.jpg,https://www.bobvila.com/articles/wp-content/uploads/2020/12/shopping-for-north-carolina-home-insurance-.jpg
https://empire-s3-production.bobvila.com/articles/wp-content/uploads/2022/10/uship_logo_blue.png,https://www.bobvila.com/articles/wp-content/uploads/2022/10/uship_logo_blue.png
https://empire-s3-production.bobvila.com/articles/wp-content/uploads/2021/08/Roof-Cleaning-Costs-Factors.jpg,https://www.bobvila.com/articles/wp-content/uploads/2021/08/Roof-Cleaning-Costs-Factors.jpg
https://empire-s3-production.bobvila.com/articles/wp-content/uploads/2021/07/What-Is-a-Home-Warranty-Service-Contract.jpg,https://www.bobvila.com/articles/wp-content/uploads/2021/07/What-Is-a-Home-Warranty-Service-Contract.jpg
https://empire-s3-production.bobvila.com/articles/wp-content/uploads/2020/04/7_Types_Wall_Texture.jpg,https://www.bobvila.com/articles/wp-content/uploads/2020/04/7_Types_Wall_Texture.jpg
https://empire-s3-production.bobvila.com/articles/wp-content/uploads/2019/11/How_to_light_fireplace.jpg,https://www.bobvila.com/articles/wp-content/uploads/2019/11/How_to_light_fireplace.jpg
https://empire-s3-production.bobvila.com/articles/wp-content/uploads/2019/04/Dutch_Door_Design_Ideas.jpg,https://www.bobvila.com/articles/wp-content/uploads/2019/04/Dutch_Door_Design_Ideas.jpg
https://empire-s3-production.bobvila.com/articles/wp-content/uploads/2017/09/Watering_Plants_in_the_Garden.jpg,https://www.bobvila.com/articles/wp-content/uploads/2017/09/Watering_Plants_in_the_Garden.jpg
https://empire-s3-production.bobvila.com/articles/wp-content/uploads/2017/09/Watering_Plants_Outdoors.jpg,https://www.bobvila.com/articles/wp-content/uploads/2017/09/Watering_Plants_Outdoors.jpg
https://empire-s3-production.bobvila.com/articles/wp-content/uploads/2016/11/CM_BVNOTES-1647-4.mp3,https://www.bobvila.com/articles/wp-content/uploads/2016/11/CM_BVNOTES-1647-4.mp3
https://empire-s3-production.bobvila.com/articles/wp-content/uploads/2015/12/How_To_Plunge_A_Kitchen_Sink.jpg,https://www.bobvila.com/articles/wp-content/uploads/2015/12/How_To_Plunge_A_Kitchen_Sink.jpg
https://empire-s3-production.bobvila.com/articles/wp-content/uploads/2015/11/CM_BVNOTES-1548-5.mp3,https://www.bobvila.com/articles/wp-content/uploads/2015/11/CM_BVNOTES-1548-5.mp3
https://empire-s3-production.bobvila.com/articles/wp-content/uploads/2015/09/CM_BVNOTES-1540-4.mp3,https://www.bobvila.com/articles/wp-content/uploads/2015/09/CM_BVNOTES-1540-4.mp3
https://empire-s3-production.bobvila.com/articles/wp-content/uploads/2015/11/CM_BVNOTES-1546-31.mp3,https://www.bobvila.com/articles/wp-content/uploads/2015/11/CM_BVNOTES-1546-31.mp3
https://empire-s3-production.bobvila.com/articles/wp-content/uploads/2015/09/CM_BVNOTES-1536-61.mp3,https://www.bobvila.com/articles/wp-content/uploads/2015/09/CM_BVNOTES-1536-61.mp3
https://empire-s3-production.bobvila.com/articles/wp-content/uploads/2015/07/CM_BVNOTES-1530-5.mp3,https://www.bobvila.com/articles/wp-content/uploads/2015/07/CM_BVNOTES-1530-5.mp3
https://empire-s3-production.bobvila.com/articles/wp-content/uploads/2015/07/CM_BVNOTES-1532-3.mp3,https://www.bobvila.com/articles/wp-content/uploads/2015/07/CM_BVNOTES-1532-3.mp3
https://empire-s3-production.bobvila.com/articles/wp-content/uploads/2015/06/CM_BVNOTEs-1527-3.mp3,https://www.bobvila.com/articles/wp-content/uploads/2015/06/CM_BVNOTEs-1527-3.mp3
https://empire-s3-production.bobvila.com/articles/wp-content/uploads/2015/06/CM_BVNOTES-1524-7.mp3,https://www.bobvila.com/articles/wp-content/uploads/2015/06/CM_BVNOTES-1524-7.mp3
https://empire-s3-production.bobvila.com/articles/wp-content/uploads/2015/05/BVPaintPrep-1.gif,https://www.bobvila.com/articles/wp-content/uploads/2015/05/BVPaintPrep-1.gif
https://empire-s3-production.bobvila.com/articles/wp-content/uploads/2015/03/CM_BVNOTES-1513-7.mp3,https://www.bobvila.com/articles/wp-content/uploads/2015/03/CM_BVNOTES-1513-7.mp3
https://empire-s3-production.bobvila.com/articles/wp-content/uploads/2015/01/CM_BVNOTED-1502-6.mp3,https://www.bobvila.com/articles/wp-content/uploads/2015/01/CM_BVNOTED-1502-6.mp3
https://empire-s3-production.bobvila.com/articles/wp-content/uploads/2014/12/CM_BVNOTES-1501-5.mp3,https://www.bobvila.com/articles/wp-content/uploads/2014/12/CM_BVNOTES-1501-5.mp3
https://empire-s3-production.bobvila.com/articles/wp-content/uploads/2014/11/CM_BVNOTED-1448-7.mp3,https://www.bobvila.com/articles/wp-content/uploads/2014/11/CM_BVNOTED-1448-7.mp3
https://empire-s3-production.bobvila.com/articles/wp-content/uploads/2014/09/CM_BVNOTES-1438-3.mp3,https://www.bobvila.com/articles/wp-content/uploads/2014/09/CM_BVNOTES-1438-3.mp3
https://empire-s3-production.bobvila.com/articles/wp-content/uploads/2014/08/CM_BVNOTES-1435-6.mp3,https://www.bobvila.com/articles/wp-content/uploads/2014/08/CM_BVNOTES-1435-6.mp3
https://empire-s3-production.bobvila.com/articles/wp-content/uploads/2014/08/uses-for-alchohol.jpg,https://www.bobvila.com/articles/wp-content/uploads/2014/08/uses-for-alchohol.jpg
https://empire-s3-production.bobvila.com/articles/wp-content/uploads/2014/07/step-1.jpg,https://www.bobvila.com/articles/wp-content/uploads/2014/07/step-1.jpg
https://empire-s3-production.bobvila.com/articles/wp-content/uploads/2014/07/step-3.jpg,https://www.bobvila.com/articles/wp-content/uploads/2014/07/step-3.jpg
https://empire-s3-production.bobvila.com/articles/wp-content/uploads/2014/07/step-4.jpg,https://www.bobvila.com/articles/wp-content/uploads/2014/07/step-4.jpg
https://empire-s3-production.bobvila.com/articles/wp-content/uploads/2014/07/step-5.jpg,https://www.bobvila.com/articles/wp-content/uploads/2014/07/step-5.jpg
https://empire-s3-production.bobvila.com/articles/wp-content/uploads/2014/07/step-6.jpg,https://www.bobvila.com/articles/wp-content/uploads/2014/07/step-6.jpg
https://empire-s3-production.bobvila.com/articles/wp-content/uploads/2014/07/step-7.jpg,https://www.bobvila.com/articles/wp-content/uploads/2014/07/step-7.jpg
https://empire-s3-production.bobvila.com/articles/wp-content/uploads/2014/07/step-8.jpg,https://www.bobvila.com/articles/wp-content/uploads/2014/07/step-8.jpg
https://empire-s3-production.bobvila.com/articles/wp-content/uploads/2014/07/pouring-concrete-into-counter-mold.jpg,https://www.bobvila.com/articles/wp-content/uploads/2014/07/pouring-concrete-into-counter-mold.jpg
https://empire-s3-production.bobvila.com/articles/wp-content/uploads/2014/07/Pete-Sveen-making-a-concrete-table.jpg,https://www.bobvila.com/articles/wp-content/uploads/2014/07/Pete-Sveen-making-a-concrete-table.jpg
https://empire-s3-production.bobvila.com/articles/wp-content/uploads/2014/07/packingtheconcretetablemold.jpg,https://www.bobvila.com/articles/wp-content/uploads/2014/07/packingtheconcretetablemold.jpg
https://empire-s3-production.bobvila.com/articles/wp-content/uploads/2014/07/screeding-concrete-counter.jpg,https://www.bobvila.com/articles/wp-content/uploads/2014/07/screeding-concrete-counter.jpg
https://empire-s3-production.bobvila.com/articles/wp-content/uploads/2014/07/Finishing-Concrete-Table-Vibrate-and-Trowel.jpg,https://www.bobvila.com/articles/wp-content/uploads/2014/07/Finishing-Concrete-Table-Vibrate-and-Trowel.jpg
https://empire-s3-production.bobvila.com/articles/wp-content/uploads/2014/07/remove-concrete-from-mold.jpg,https://www.bobvila.com/articles/wp-content/uploads/2014/07/remove-concrete-from-mold.jpg
https://empire-s3-production.bobvila.com/articles/wp-content/uploads/2014/07/sanding-concrete-edges.jpg,https://www.bobvila.com/articles/wp-content/uploads/2014/07/sanding-concrete-edges.jpg
https://empire-s3-production.bobvila.com/articles/wp-content/uploads/2014/07/concrete-table-instructions.jpg,https://www.bobvila.com/articles/wp-content/uploads/2014/07/concrete-table-instructions.jpg
https://empire-s3-production.bobvila.com/articles/wp-content/uploads/2014/07/Final-Sanding-Concrete-Counters.jpg,https://www.bobvila.com/articles/wp-content/uploads/2014/07/Final-Sanding-Concrete-Counters.jpg
https://empire-s3-production.bobvila.com/articles/wp-content/uploads/2014/07/waxing-concrete-table.jpg,https://www.bobvila.com/articles/wp-content/uploads/2014/07/waxing-concrete-table.jpg
https://empire-s3-production.bobvila.com/articles/wp-content/uploads/2014/07/finished-concrete-table-sanding1.jpg,https://www.bobvila.com/articles/wp-content/uploads/2014/07/finished-concrete-table-sanding1.jpg
https://empire-s3-production.bobvila.com/articles/wp-content/uploads/2014/07/concrete-table-finished.jpg,https://www.bobvila.com/articles/wp-content/uploads/2014/07/concrete-table-finished.jpg
https://empire-s3-production.bobvila.com/articles/wp-content/uploads/2014/03/Painting-Paneling.mp3,https://www.bobvila.com/articles/wp-content/uploads/2014/03/Painting-Paneling.mp3
https://empire-s3-production.bobvila.com/2012/01/02/19_32_34_630_Celerie_Kemble_black_and_white_bathroom_Bob_Vila.jpg,https://www.bobvila.com/wp-content/uploads/2024/05/19_32_34_630_Celerie_Kemble_black_and_white_bathroom_Bob_Vila.jpg
https://empire-s3-production.bobvila.com/2012/09/11/03/59/25/391/siliconsolar_how_evac_tubes_work.jpg,https://www.bobvila.com/wp-content/uploads/2024/05/siliconsolar_how_evac_tubes_work.jpg
https://empire-s3-production.bobvila.com/2012/07/18/01/55/42/545/CadKitchenPlans_Stainless_Steel_Machine_hammered_countertop.jpg,https://www.bobvila.com/wp-content/uploads/2024/05/CadKitchenPlans_Stainless_Steel_Machine_hammered_countertop.jpg
https://empire-s3-production.bobvila.com/2012/07/18/01/48/35/512/newgreekmarble_marble_countertop.jpg,https://www.bobvila.com/wp-content/uploads/2024/05/newgreekmarble_marble_countertop.jpg
https://empire-s3-production.bobvila.com/2011/10/20/15_16_24_778_Pfazio_clogged_drain_1_Bob_Vila_rev.jpg,https://www.bobvila.com/wp-content/uploads/2024/05/15_16_24_778_Pfazio_clogged_drain_1_Bob_Vila_rev.jpg
https://empire-s3-production.bobvila.com/2012/04/20/15_30_43_576_green_seal_certified_logo.jpg,https://www.bobvila.com/wp-content/uploads/2024/05/15_30_43_576_green_seal_certified_logo.jpg
https://empire-s3-production.bobvila.com/2012/04/05/10_19_16_27_CRI_GreenLabel.jpg,https://www.bobvila.com/wp-content/uploads/2024/05/10_19_16_27_CRI_GreenLabel.jpg
https://empire-s3-production.bobvila.com/2012/04/20/15_33_23_843_USGB.member.logo_copy_rev.jpg,https://www.bobvila.com/wp-content/uploads/2024/05/15_33_23_843_USGB.member.logo_copy_rev.jpg
https://empire-s3-production.bobvila.com/2012/04/05/10_31_38_55_logo_NAHBGreen_copy.jpg,https://www.bobvila.com/wp-content/uploads/2024/05/10_31_38_55_logo_NAHBGreen_copy.jpg
https://empire-s3-production.bobvila.com/2013/01/11/17/06/01/394/photo_2_.JPG,https://www.bobvila.com/wp-content/uploads/2024/05/photo_2_.jpeg
https://empire-s3-production.bobvila.com/2011/10/29/21_20_47_728_ePlans_Dutch_Colonial_Revival_House_style_bob_vila.jpg,https://www.bobvila.com/wp-content/uploads/2024/05/21_20_47_728_ePlans_Dutch_Colonial_Revival_House_style_bob_vila.jpg
https://empire-s3-production.bobvila.com/2013/01/17/22/45/16/219/paintfurniture2.jpg,https://www.bobvila.com/wp-content/uploads/2024/05/paintfurniture2.jpg
https://empire-s3-production.bobvila.com/2013/01/17/22/50/44/204/paintfurniture3.jpg,https://www.bobvila.com/wp-content/uploads/2024/05/paintfurniture3.jpg
https://empire-s3-production.bobvila.com/2013/01/17/22/57/34/41/paintfurniture4.jpg,https://www.bobvila.com/wp-content/uploads/2024/05/paintfurniture4.jpg
https://empire-s3-production.bobvila.com/articles/wp-content/uploads/2012/10/PumpkinDecoupage.jpg,https://www.bobvila.com/articles/wp-content/uploads/2012/10/PumpkinDecoupage.jpg
https://empire-s3-production.bobvila.com/articles/wp-content/uploads/2012/10/PumpkinPorcupine.jpg,https://www.bobvila.com/articles/wp-content/uploads/2012/10/PumpkinPorcupine.jpg
https://empire-s3-production.bobvila.com/articles/wp-content/uploads/2012/10/PumpkinClock.jpg,https://www.bobvila.com/articles/wp-content/uploads/2012/10/PumpkinClock.jpg
https://empire-s3-production.bobvila.com/articles/wp-content/uploads/2012/10/PumpkinThumbtack.jpg,https://www.bobvila.com/articles/wp-content/uploads/2012/10/PumpkinThumbtack.jpg
https://empire-s3-production.bobvila.com/articles/wp-content/uploads/2012/10/PumpkinSteampunk.jpg,https://www.bobvila.com/articles/wp-content/uploads/2012/10/PumpkinSteampunk.jpg
https://empire-s3-production.bobvila.com/articles/wp-content/uploads/2012/10/PumpkinOmbre.jpg,https://www.bobvila.com/articles/wp-content/uploads/2012/10/PumpkinOmbre.jpg
https://empire-s3-production.bobvila.com/articles/wp-content/uploads/2012/10/PumpkinBowl.jpg,https://www.bobvila.com/articles/wp-content/uploads/2012/10/PumpkinBowl.jpg
https://empire-s3-production.bobvila.com/articles/wp-content/uploads/2012/10/PumpkinDryIce.jpg,https://www.bobvila.com/articles/wp-content/uploads/2012/10/PumpkinDryIce.jpg
https://empire-s3-production.bobvila.com/articles/wp-content/uploads/2012/10/PumpkinVase.jpg,https://www.bobvila.com/articles/wp-content/uploads/2012/10/PumpkinVase.jpg
https://empire-s3-production.bobvila.com/articles/wp-content/uploads/2012/10/PumpkinCheeseburger.jpg,https://www.bobvila.com/articles/wp-content/uploads/2012/10/PumpkinCheeseburger.jpg
https://empire-s3-production.bobvila.com/articles/wp-content/uploads/2012/10/PumpkinMiniVampire.jpg,https://www.bobvila.com/articles/wp-content/uploads/2012/10/PumpkinMiniVampire.jpg
https://empire-s3-production.bobvila.com/articles/wp-content/uploads/2012/10/PumpkinInstagram.jpg,https://www.bobvila.com/articles/wp-content/uploads/2012/10/PumpkinInstagram.jpg
https://empire-s3-production.bobvila.com/articles/wp-content/uploads/2012/10/PumpkinPolyhedral.jpg,https://www.bobvila.com/articles/wp-content/uploads/2012/10/PumpkinPolyhedral.jpg
https://empire-s3-production.bobvila.com/articles/wp-content/uploads/2012/10/PumpkinEmbroidered.jpg,https://www.bobvila.com/articles/wp-content/uploads/2012/10/PumpkinEmbroidered.jpg
https://empire-s3-production.bobvila.com/articles/wp-content/uploads/2012/10/PumpkinCannibal.jpg,https://www.bobvila.com/articles/wp-content/uploads/2012/10/PumpkinCannibal.jpg
https://empire-s3-production.bobvila.com/articles/wp-content/uploads/2012/10/PumpkinCrayon.jpg,https://www.bobvila.com/articles/wp-content/uploads/2012/10/PumpkinCrayon.jpg
https://empire-s3-production.bobvila.com/articles/wp-content/uploads/2012/10/PumpkinDeathStar.jpg,https://www.bobvila.com/articles/wp-content/uploads/2012/10/PumpkinDeathStar.jpg
https://empire-s3-production.bobvila.com/articles/wp-content/uploads/2012/10/PumpkinCHalkboard.jpg,https://www.bobvila.com/articles/wp-content/uploads/2012/10/PumpkinCHalkboard.jpg
https://empire-s3-production.bobvila.com/articles/wp-content/uploads/2012/10/PumpkinLacePattern.jpg,https://www.bobvila.com/articles/wp-content/uploads/2012/10/PumpkinLacePattern.jpg
https://empire-s3-production.bobvila.com/articles/wp-content/uploads/2012/10/PumpkinGlitter.jpg,https://www.bobvila.com/articles/wp-content/uploads/2012/10/PumpkinGlitter.jpg
https://empire-s3-production.bobvila.com/articles/wp-content/uploads/2012/10/PumpKinsCookieCutters.jpg,https://www.bobvila.com/articles/wp-content/uploads/2012/10/PumpKinsCookieCutters.jpg
https://empire-s3-production.bobvila.com/articles/wp-content/uploads/2012/10/PumpkinVW.jpg,https://www.bobvila.com/articles/wp-content/uploads/2012/10/PumpkinVW.jpg
https://empire-s3-production.bobvila.com/articles/wp-content/uploads/2012/10/PumpkinLiberace.jpg,https://www.bobvila.com/articles/wp-content/uploads/2012/10/PumpkinLiberace.jpg
https://empire-s3-production.bobvila.com/articles/wp-content/uploads/2012/10/PumpkinDetail.jpg,https://www.bobvila.com/articles/wp-content/uploads/2012/10/PumpkinDetail.jpg
https://empire-s3-production.bobvila.com/articles/wp-content/uploads/2012/10/PumpkinNylon.jpg,https://www.bobvila.com/articles/wp-content/uploads/2012/10/PumpkinNylon.jpg
https://empire-s3-production.bobvila.com/articles/wp-content/uploads/2012/10/Pumpkin-Diarama.jpg,https://www.bobvila.com/articles/wp-content/uploads/2012/10/Pumpkin-Diarama.jpg
https://empire-s3-production.bobvila.com/articles/wp-content/uploads/2012/10/PumpkinJail.jpg,https://www.bobvila.com/articles/wp-content/uploads/2012/10/PumpkinJail.jpg
https://empire-s3-production.bobvila.com/articles/wp-content/uploads/2012/10/PumpkinArgyle.jpg,https://www.bobvila.com/articles/wp-content/uploads/2012/10/PumpkinArgyle.jpg
https://empire-s3-production.bobvila.com/articles/wp-content/uploads/2012/10/PumpkinCeltic.jpg,https://www.bobvila.com/articles/wp-content/uploads/2012/10/PumpkinCeltic.jpg
https://empire-s3-production.bobvila.com/articles/wp-content/uploads/2012/10/PumpkinFrontTEeth.jpg,https://www.bobvila.com/articles/wp-content/uploads/2012/10/PumpkinFrontTEeth.jpg
https://empire-s3-production.bobvila.com/articles/wp-content/uploads/2012/10/PumpkinGoldLeaf.jpeg,https://www.bobvila.com/articles/wp-content/uploads/2012/10/PumpkinGoldLeaf.jpeg
https://empire-s3-production.bobvila.com/articles/wp-content/uploads/2012/10/PumpkinSalt.jpg,https://www.bobvila.com/articles/wp-content/uploads/2012/10/PumpkinSalt.jpg
https://empire-s3-production.bobvila.com/articles/wp-content/uploads/2012/10/PumpkinMessage.jpg,https://www.bobvila.com/articles/wp-content/uploads/2012/10/PumpkinMessage.jpg
https://empire-s3-production.bobvila.com/articles/wp-content/uploads/2012/10/PumpkinColorblock.jpg,https://www.bobvila.com/articles/wp-content/uploads/2012/10/PumpkinColorblock.jpg
https://empire-s3-production.bobvila.com/articles/wp-content/uploads/2012/10/PumpkinVanGOgh.jpg,https://www.bobvila.com/articles/wp-content/uploads/2012/10/PumpkinVanGOgh.jpg
https://empire-s3-production.bobvila.com/articles/wp-content/uploads/2012/10/PumpkinOrange.jpg,https://www.bobvila.com/articles/wp-content/uploads/2012/10/PumpkinOrange.jpg
https://empire-s3-production.bobvila.com/articles/wp-content/uploads/2012/10/Pumpkinglazed.jpg,https://www.bobvila.com/articles/wp-content/uploads/2012/10/Pumpkinglazed.jpg
https://empire-s3-production.bobvila.com/articles/wp-content/uploads/2012/10/PumpkinMardiGras.jpg,https://www.bobvila.com/articles/wp-content/uploads/2012/10/PumpkinMardiGras.jpg
https://empire-s3-production.bobvila.com/articles/wp-content/uploads/2012/10/PumpkinONSide.jpg,https://www.bobvila.com/articles/wp-content/uploads/2012/10/PumpkinONSide.jpg
https://empire-s3-production.bobvila.com/articles/wp-content/uploads/2012/10/6311328446_c108ce5174_z.jpg,https://www.bobvila.com/articles/wp-content/uploads/2012/10/6311328446_c108ce5174_z.jpg
https://empire-s3-production.bobvila.com/articles/wp-content/uploads/2012/10/PumpkinPortrainJackS.jpg,https://www.bobvila.com/articles/wp-content/uploads/2012/10/PumpkinPortrainJackS.jpg
https://empire-s3-production.bobvila.com/articles/wp-content/uploads/2012/10/PumpkinPortraitYoda.jpg,https://www.bobvila.com/articles/wp-content/uploads/2012/10/PumpkinPortraitYoda.jpg
https://empire-s3-production.bobvila.com/articles/wp-content/uploads/2012/10/PumpkinPortraitJackN.jpg,https://www.bobvila.com/articles/wp-content/uploads/2012/10/PumpkinPortraitJackN.jpg
https://empire-s3-production.bobvila.com/articles/wp-content/uploads/2012/10/PumpkinBirdFeeder.jpg,https://www.bobvila.com/articles/wp-content/uploads/2012/10/PumpkinBirdFeeder.jpg
https://empire-s3-production.bobvila.com/articles/wp-content/uploads/2012/10/PumpkinCaterpillar.jpg,https://www.bobvila.com/articles/wp-content/uploads/2012/10/PumpkinCaterpillar.jpg
https://empire-s3-production.bobvila.com/articles/wp-content/uploads/2012/10/PumpkinChevron.jpg,https://www.bobvila.com/articles/wp-content/uploads/2012/10/PumpkinChevron.jpg
https://empire-s3-production.bobvila.com/articles/wp-content/uploads/2012/10/PumpkinGoogle.jpg,https://www.bobvila.com/articles/wp-content/uploads/2012/10/PumpkinGoogle.jpg
https://empire-s3-production.bobvila.com/articles/wp-content/uploads/2012/10/pumpkinpolkadotpowerdrill.jpg,https://www.bobvila.com/articles/wp-content/uploads/2012/10/pumpkinpolkadotpowerdrill.jpg
https://empire-s3-production.bobvila.com/articles/wp-content/uploads/2012/10/PumpkinDipDyed.jpg,https://www.bobvila.com/articles/wp-content/uploads/2012/10/PumpkinDipDyed.jpg
https://empire-s3-production.bobvila.com/articles/wp-content/uploads/2012/10/PumpkinRibbon.jpg,https://www.bobvila.com/articles/wp-content/uploads/2012/10/PumpkinRibbon.jpg
https://empire-s3-production.bobvila.com/articles/wp-content/uploads/2012/10/Carousel-Pumpkin.jpg,https://www.bobvila.com/articles/wp-content/uploads/2012/10/Carousel-Pumpkin.jpg
https://empire-s3-production.bobvila.com/articles/wp-content/uploads/2012/10/PumpkinLeafPring.jpg,https://www.bobvila.com/articles/wp-content/uploads/2012/10/PumpkinLeafPring.jpg
https://empire-s3-production.bobvila.com/articles/wp-content/uploads/2012/10/PumpkinCheshireCat.png,https://www.bobvila.com/articles/wp-content/uploads/2012/10/PumpkinCheshireCat.png
https://empire-s3-production.bobvila.com/articles/wp-content/uploads/2012/10/PumpkinKeg.jpg,https://www.bobvila.com/articles/wp-content/uploads/2012/10/PumpkinKeg.jpg
https://empire-s3-production.bobvila.com/articles/wp-content/uploads/2012/10/Screen-Shot-2012-10-08-at-3.52.41-PM.png,https://www.bobvila.com/articles/wp-content/uploads/2012/10/Screen-Shot-2012-10-08-at-3.52.41-PM.png
https://empire-s3-production.bobvila.com/articles/wp-content/uploads/2012/10/CM_BVNOTES-1241-5.mp3,https://www.bobvila.com/articles/wp-content/uploads/2012/10/CM_BVNOTES-1241-5.mp3
https://empire-s3-production.bobvila.com/articles/wp-content/uploads/2012/07/CM_BVNOTES-1232-2-Bee-and-Wasp-Control.mp3,https://www.bobvila.com/articles/wp-content/uploads/2012/07/CM_BVNOTES-1232-2-Bee-and-Wasp-Control.mp3
https://empire-s3-production.bobvila.com/2012/05/19/13/41/08/932/EPHenry_Coventry_Brick_Pavers_1_rev.jpg,https://www.bobvila.com/wp-content/uploads/2024/05/EPHenry_Coventry_Brick_Pavers_1_rev.jpg
https://empire-s3-production.bobvila.com/2011/12/06/09_08_06_900_Flickr_trekkyandy_artificial_Christmas_tree_Bob_Vila.jpg,https://www.bobvila.com/wp-content/uploads/2024/05/09_08_06_900_Flickr_trekkyandy_artificial_Christmas_tree_Bob_Vila.jpg