https://domino.com/style-shopping/best-outdoor-side-tables;https://www.domino.com/style-shopping/best-outdoor-side-tables/
https://domino.com/style-shopping/best-things-to-buy-at-hm-home;https://www.domino.com/style-shopping/best-things-to-buy-at-hm-home/
https://domino.com/content/best-white-curtains;https://www.domino.com/content/best-white-curtains/
https://domino.com/content/best-linen-curtains;https://www.domino.com/content/best-linen-curtains/
https://domino.com/content/unique-fathers-day-gifts;https://www.domino.com/content/unique-fathers-day-gifts/
https://domino.com/style-shopping/saatva-mattress-sale;https://www.domino.com/style-shopping/saatva-mattress-sale/
https://www.domino.com/content/jeremiah-brent-entryway-ideas;https://www.domino.com/content/jeremiah-brent-entryway-ideas/
https://www.domino.com/content/home-is-where-you-are-issue/?amp;https://www.domino.com/content/home-is-where-you-are-issue/
https://www.domino.com/house-party-issue/?amp;https://www.domino.com/house-party-issue/
https://www.domino.com/content/rebel-rebel-issue/?amp;https://www.domino.com/content/rebel-rebel-issue/
https://www.domino.com/digital-issues/work-and-play-issue/?amp;https://www.domino.com/digital-issues/work-and-play-issue/
https://www.domino.com/sponsored-content/summer-of-sass-allmodern-home/?amp;https://www.domino.com/sponsored-content/summer-of-sass-allmodern-home/
https://www.domino.com/design-inspiration/jeremiah-brent-design-process-palm-beach-home/?amp;https://www.domino.com/design-inspiration/jeremiah-brent-design-process-palm-beach-home/
https://www.domino.com/design-inspiration/marjon-carlos-brooklyn-apartment/?amp;https://www.domino.com/design-inspiration/marjon-carlos-brooklyn-apartment/
https://www.domino.com/sponsored-content/katie-hintz-zambrano-living-room-walmart?amp;https://www.domino.com/sponsored-content/katie-hintz-zambrano-living-room-walmart
https://www.domino.com/design-by-room/alicia-lund-dining-room/?amp;https://www.domino.com/design-by-room/alicia-lund-dining-room/
https://www.domino.com/tags/bathroom-ideas/;https://www.domino.com/content/bathroom-ideas/
https://www.domino.com/design-by-room/formica-surface-inspiration/?amp;https://www.domino.com/design-by-room/formica-surface-inspiration/
https://www.domino.com/design-by-room/chloe-fleury-reading-nook-walmart/?amp;https://www.domino.com/design-by-room/chloe-fleury-reading-nook-walmart/
https://www.domino.com/design-by-room/kendra-smoot-bedroom/?amp;https://www.domino.com/design-by-room/kendra-smoot-bedroom/
https://www.domino.com/design-by-room/simone-bodmer-turner-bedroom/?amp;https://www.domino.com/design-by-room/simone-bodmer-turner-bedroom/
https://www.domino.com/content/sherwin-williams-emerald-designer-edition-paint/?amp;https://www.domino.com/content/sherwin-williams-emerald-designer-edition-paint/
https://www.domino.com/design-by-room/jordan-ferney-game-room/?amp;https://www.domino.com/design-by-room/jordan-ferney-game-room/
https://www.domino.com/sponsored-content/kellie-brown-walmart/?amp;https://www.domino.com/sponsored-content/kellie-brown-walmart/
https://www.domino.com/digital-issues/naomi-demanana-indoor-gardening/?amp;https://www.domino.com/digital-issues/naomi-demanana-indoor-gardening/
https://www.domino.com/content/regency-era-design-ideas/?amp;https://www.domino.com/content/regency-era-design-ideas/
https://www.domino.com/content/advice-for-renovating-a-rental/?amp;https://www.domino.com/content/advice-for-renovating-a-rental/
https://www.domino.com/content/sophie-colle-brooklyn-home-tour/?amp;https://www.domino.com/content/sophie-colle-brooklyn-home-tour/
https://www.domino.com/design-by-room/april-lockhart-nashville-office/?amp;https://www.domino.com/design-by-room/april-lockhart-nashville-office/
https://www.domino.com/authors/sharon-radisch/;https://www.sharonradisch.com/
http://domino.com/content/studio-cak-mies-van-der-rohe-apartment/(opens%20in%20a%20new%20tab);https://www.domino.com/content/studio-cak-mies-van-der-rohe-apartment/(opens%20in%20a%20new%20tab
https://www.domino.com/design-inspiration/leanne-ford-pittsburgh-carriage-house-makeover/?amp;https://www.domino.com/design-inspiration/leanne-ford-pittsburgh-carriage-house-makeover/
https://www.domino.com/lifestyle/sara-charlesworth-home/?amp;https://www.domino.com/lifestyle/sara-charlesworth-home/
https://www.domino.com/content/outdoor-furniture-for-indoors/?amp;https://www.domino.com/content/outdoor-furniture-for-indoors/
https://www.domino.com/content/best-flea-markets-by-state/?amp;https://www.domino.com/content/best-flea-markets-by-state/
https://www.domino.com/style-shopping/max-humphrey-home/?amp;https://www.domino.com/style-shopping/max-humphrey-home/
https://www.domino.com/digital-issues/raven-mcmillan-yoga-room-ideas/?amp;https://www.domino.com/digital-issues/raven-mcmillan-yoga-room-ideas/
https://www.domino.com/sponsored-content/perennials-fabrics/?amp;https://www.domino.com/sponsored-content/perennials-fabrics/
https://www.domino.com/design-by-room/kate-berry-allmodern/?amp;https://www.domino.com/design-by-room/kate-berry-allmodern/
https://www.domino.com/digital-issues/good-design-awards-2022/?amp;https://www.domino.com/digital-issues/good-design-awards-2022/
https://www.domino.com/content/sarah-sherman-samuel-home-michigan/?amp;https://www.domino.com/content/sarah-sherman-samuel-home-michigan/
https://www.domino.com/style-shopping/best-outdoor-side-tables;https://www.domino.com/style-shopping/best-outdoor-side-tables/
https://www.domino.com/style-shopping/best-things-to-buy-at-hm-home;https://www.domino.com/style-shopping/best-things-to-buy-at-hm-home/
https://www.domino.com/content/best-white-curtains;https://www.domino.com/content/best-white-curtains/
https://www.domino.com/content/best-linen-curtains;https://www.domino.com/content/best-linen-curtains/
https://www.domino.com/content/unique-fathers-day-gifts;https://www.domino.com/content/unique-fathers-day-gifts/
https://www.domino.com/style-shopping/saatva-mattress-sale;https://www.domino.com/style-shopping/saatva-mattress-sale/
https://www.domino.com/content/jeremiah-brent-entryway-ideas?amp;https://www.domino.com/content/jeremiah-brent-entryway-ideas/?amp
https://www.domino.com/content/brandon-blackwood-brooklyn-brownstone/?amp;https://www.domino.com/content/brandon-blackwood-brooklyn-brownstone/
https://www.domino.com/tags/bathroom-ideas/?amp;https://www.domino.com/content/bathroom-ideas/?amp
https://www.domino.com/content/kids-bathroom/;https://www.domino.com/content/kids-bathroom-makeover-jenny-komenda/
https://www.domino.com/content/jill-singer-east-hampton-home-tour/?amp;https://www.domino.com/content/jill-singer-east-hampton-home-tour/
https://www.domino.com/content/ojai-california-home-renovation-thayer-gowdy/?amp;https://www.domino.com/content/ojai-california-home-renovation-thayer-gowdy/
https://www.domino.com/content/amanda-jane-jones-family-home-renovation-utah/?amp;https://www.domino.com/content/amanda-jane-jones-family-home-renovation-utah/
https://www.domino.com/content/heather-taylor-laurel-canyon-home-renovation/?amp;https://www.domino.com/content/heather-taylor-laurel-canyon-home-renovation/
https://www.domino.com/content/alex-boudreau-todos-santos/;https://www.domino.com/design-inspiration/alex-boudreau-todos-santos-home/
https://www.domino.com/content/beth-birkett-los-angeles-home/?amp;https://www.domino.com/content/beth-birkett-los-angeles-home/
https://www.domino.com/content/jordan-ferney-new-york-city-apartment/?amp;https://www.domino.com/content/jordan-ferney-new-york-city-apartment/
https://www.domino.com/content/hannah-carpenter-family-home/?amp;https://www.domino.com/content/hannah-carpenter-family-home/
https://www.domino.com/content/color-creates-whole-new-worlds-in-this-danish-photographers-copenhagen-apartment/?amp;https://www.domino.com/content/color-creates-whole-new-worlds-in-this-danish-photographers-copenhagen-apartment/
https://www.domino.com/digital-issues/charlotte-cosby-home-farrow-and-ball-paint/?amp;https://www.domino.com/digital-issues/charlotte-cosby-home-farrow-and-ball-paint/
https://www.domino.com/content/unique-cocktail-glasses/?amp;https://www.domino.com/content/unique-cocktail-glasses/
https://www.domino.com/content/christian-siriano-nyc-apartment/?amp;https://www.domino.com/content/christian-siriano-nyc-apartment/
https://www.domino.com/digital-issues/schoolhouse-home-delaware-country-new-york/?param4=dom-us-pinterest&amp;https://www.domino.com/digital-issues/schoolhouse-home-delaware-country-new-york/?param4=dom-us-pinterest
https://www.domino.com/digital-issues/schoolhouse-home-delaware-country-new-york/?param4=dom-us-pinterest.&amp;https://www.domino.com/digital-issues/schoolhouse-home-delaware-country-new-york/?param4=dom-us-pinterest.
https://www.domino.com/digital-issues/candace-marie-apartment-new-york/?amp;https://www.domino.com/digital-issues/candace-marie-apartment-new-york/
https://www.domino.com/digital-issues/lydia-pang-home-wales/?amp;https://www.domino.com/digital-issues/lydia-pang-home-wales/
https://www.domino.com/digital-issues/molly-baz-home-altadena-california/?amp;https://www.domino.com/digital-issues/molly-baz-home-altadena-california/
https://www.domino.com/digital-issues/anita-calero-home-cali-colombia/?amp;https://www.domino.com/digital-issues/anita-calero-home-cali-colombia/
https://www.domino.com/digital-issues/schoolhouse-home-delaware-country-new-york/?amp;https://www.domino.com/digital-issues/schoolhouse-home-delaware-country-new-york/
https://www.domino.com/digital-issues/amal-iqbal-diy-room-divider/?amp;https://www.domino.com/digital-issues/amal-iqbal-diy-room-divider/
https://www.domino.com/digital-issues/desk-accessories/?amp;https://www.domino.com/digital-issues/desk-accessories/
https://www.domino.com/digital-issues/julia-stevens-dinner-party-ideas/?amp;https://www.domino.com/digital-issues/julia-stevens-dinner-party-ideas/
https://www.domino.com/digital-issues/julie-vadnal-listening-room-ideas/?amp;https://www.domino.com/digital-issues/julie-vadnal-listening-room-ideas/
https://www.domino.com/digital-issues/ed-letter/?amp;https://www.domino.com/digital-issues/ed-letter/
https://www.domino.com/digital-issues/guy-philoche-10-things/?amp;https://www.domino.com/digital-issues/guy-philoche-10-things/
https://www.domino.com/digital-issues/backyard-shed-adu-studio-ideas/?amp;https://www.domino.com/digital-issues/backyard-shed-adu-studio-ideas/
https://www.domino.com/content/emily-ward-west-marin-california-home/?amp;https://www.domino.com/content/emily-ward-west-marin-california-home/
https://www.domino.com/content/mia-moretti-los-angeles-home/?amp;https://www.domino.com/content/mia-moretti-los-angeles-home/
https://www.domino.com/content/oahu-hawaii-mid-century-modern-home/?amp;https://www.domino.com/content/oahu-hawaii-mid-century-modern-home/
https://www.domino.com/content/atelier-akuko-london-apartment/?param4=dom-us-pinterest&amp;https://www.domino.com/content/atelier-akuko-london-apartment/?param4=dom-us-pinterest
https://www.domino.com/content/atelier-akuko-london-apartment/?amp;https://www.domino.com/content/atelier-akuko-london-apartment/
https://www.domino.com/content/abel-macias-los-angeles-home-studio/?amp;https://www.domino.com/content/abel-macias-los-angeles-home-studio/
https://www.domino.com/content/julia-rouzaud-rueil-malmaison-france-home-tour/?amp;https://www.domino.com/content/julia-rouzaud-rueil-malmaison-france-home-tour/
https://www.domino.com/content/adrian-grenier-brooklyn-brownstone-home-renovation/?amp;https://www.domino.com/content/adrian-grenier-brooklyn-brownstone-home-renovation/
https://www.domino.com/style-shopping/best-room-dividers/%E2%80%9Dhttps://www.domino.com/content/lily-sullivan-brooklyn-home/%22;https://www.domino.com/style-shopping/best-room-dividers/%E2%80%9Dhttps:/www.domino.com/content/lily-sullivan-brooklyn-home/
http://www.domino.com/content/studio-cak-mies-van-der-rohe-apartment/(opens%20in%20a%20new%20tab);https://www.domino.com/content/studio-cak-mies-van-der-rohe-apartment/(opens%20in%20a%20new%20tab
https://www.domino.com/content/joy-cho-studio-guest-house-build/?amp;https://www.domino.com/content/joy-cho-studio-guest-house-build/
https://www.domino.com/design-by-room/hausmatter-nursery-design/https://www.domino.com/design-by-room/hausmatter-nursery-design/;https://www.domino.com/design-by-room/hausmatter-nursery-design/https:/www.domino.com/design-by-room/hausmatter-nursery-design/
https://www.domino.com/content/jessica-ayromloo-venice-california-home/?amp;https://www.domino.com/content/jessica-ayromloo-venice-california-home/
https://www.domino.com/content/drew-barrymore-at-home-with-kids/?amp;https://www.domino.com/content/drew-barrymore-at-home-with-kids/
https://www.domino.com/content/holiday-leftovers-fridge-organization-tips/;https://www.domino.com/content/how-to-organize-fridge/
https://www.domino.com/content/striped-wallpaper-kids-room-wit-and-delight/?amp;https://www.domino.com/content/striped-wallpaper-kids-room-wit-and-delight/
https://www.domino.com/content/virginia-sin-brooklyn-navy-yard-office/?amp;https://www.domino.com/content/virginia-sin-brooklyn-navy-yard-office/
https://www.domino.com/content/naomi-demanana-what-to-bring-to-the-beach/?amp;https://www.domino.com/content/naomi-demanana-what-to-bring-to-the-beach/
https://www.domino.com/content/julia-stevens-what-to-bring-to-a-picnic/?amp;https://www.domino.com/content/julia-stevens-what-to-bring-to-a-picnic/
https://www.domino.com/content/raven-mcmillan-ranch-backyard-decor/?amp;https://www.domino.com/content/raven-mcmillan-ranch-backyard-decor/
https://www.domino.com/content/aneesha-rao-richmond-virginia-church/?amp;https://www.domino.com/content/aneesha-rao-richmond-virginia-church/
https://www.domino.com/content/julie-vadnal-camping-packing-list/?amp;https://www.domino.com/content/julie-vadnal-camping-packing-list/
https://www.domino.com/content/katie-sturino-palm-beach-florida-home/?amp;https://www.domino.com/content/katie-sturino-palm-beach-florida-home/
https://www.domino.com/content/glenn-lawson-los-feliz-los-angeles-home/?amp;https://www.domino.com/content/glenn-lawson-los-feliz-los-angeles-home/
https://www.domino.com/content/kate-berry-editors-letter-summer-2022/?amp;https://www.domino.com/content/kate-berry-editors-letter-summer-2022/
https://www.domino.com/content/latonya-yvette-mae-house-hudson-valley/?amp;https://www.domino.com/content/latonya-yvette-mae-house-hudson-valley/
https://www.domino.com/content/furniture-making-business-advice-robby-simon/?amp;https://www.domino.com/content/furniture-making-business-advice-robby-simon/
https://www.domino.com/content/sheila-bridges-hudson-valley-home-renovation/?amp;https://www.domino.com/content/sheila-bridges-hudson-valley-home-renovation/
https://www.domino.com/content/joss-and-main-summer-collection-raven-mcmillan/?amp;https://www.domino.com/content/joss-and-main-summer-collection-raven-mcmillan/
https://www.domino.com/content/joss-and-main-summer-collection-julie-vadnal/?amp;https://www.domino.com/content/joss-and-main-summer-collection-julie-vadnal/
https://www.domino.com/content/plant-kween-you-grow-gurl-excerpt/?amp;https://www.domino.com/content/plant-kween-you-grow-gurl-excerpt/
https://www.domino.com/content/kate-berry-editors-letter-spring-2022/?amp;https://www.domino.com/content/kate-berry-editors-letter-spring-2022/
https://www.domino.com/content/julie-vadnal-beautiful-home-essentials/?amp;https://www.domino.com/content/julie-vadnal-beautiful-home-essentials/
https://www.domino.com/content/jassy-choke-hole-new-orleans-home-tour/?amp;https://www.domino.com/content/jassy-choke-hole-new-orleans-home-tour/
https://www.domino.com/content/cassandra-rhodin-mini-rodini-sweden-home/?amp;https://www.domino.com/content/cassandra-rhodin-mini-rodini-sweden-home/
https://www.domino.com/content/nice-work-studio-ko-los-angeles/?amp;https://www.domino.com/content/nice-work-studio-ko-los-angeles/
https://www.domino.com/content/naomi-demanana-goth-trend/?amp;https://www.domino.com/content/naomi-demanana-goth-trend/
https://www.domino.com/content/leslie-kulesh-london-bathroom-renovation/?amp;https://www.domino.com/content/leslie-kulesh-london-bathroom-renovation/
https://www.domino.com/content/julia-stevens-big-furniture-trend/?amp;https://www.domino.com/content/julia-stevens-big-furniture-trend/
https://www.domino.com/content/kate-berry-night-in-essentials/?amp;https://www.domino.com/content/kate-berry-night-in-essentials/
https://www.domino.com/content/matilda-goad-london-home-renovation/?amp;https://www.domino.com/content/matilda-goad-london-home-renovation/
https://www.domino.com/content/holiday-gift-guide-2021/?amp;https://www.domino.com/content/holiday-gift-guide-2021/
https://www.domino.com/content/mood-lighting/?amp;https://www.domino.com/content/mood-lighting/
https://www.domino.com/content/domino-kids-minisite/?amp;https://www.domino.com/content/domino-kids-minisite/
https://www.domino.com/content/james-perkins-fire-island-home-renovation/?amp;https://www.domino.com/content/james-perkins-fire-island-home-renovation/
https://www.domino.com/content/eskayel-hamptons-beach-house/?amp;https://www.domino.com/content/eskayel-hamptons-beach-house/
https://www.domino.com/content/alexa-chung-office-tour/?amp;https://www.domino.com/content/alexa-chung-office-tour/
https://www.domino.com/content/julia-sherman-pasadena-home-tour/?amp;https://www.domino.com/content/julia-sherman-pasadena-home-tour/
https://www.domino.com/content/tiny-kitchen-garage-renovation/);https://www.domino.com/content/tiny-kitchen-garage-renovation/
https://www.domino.com/content/kids-bathroom/?amp;https://www.domino.com/content/kids-bathroom-makeover-jenny-komenda/?amp
https://www.domino.com/content/shared-nursery-tour-ryan-norville/?amp;https://www.domino.com/content/shared-nursery-tour-ryan-norville/
https://www.domino.com/content/estelle-bailey-babenzien-kids-room-brooklyn/?amp;https://www.domino.com/content/estelle-bailey-babenzien-kids-room-brooklyn/
https://www.domino.com/content/julia-sherman-nursery-toddler-rooms/?amp;https://www.domino.com/content/julia-sherman-nursery-toddler-rooms/
https://www.domino.com/content/energy-efficient-home-improvements/?amp;https://www.domino.com/content/energy-efficient-home-improvements/
https://www.domino.com/content/cb2-outdoor-spring-2021-collection/?amp;https://www.domino.com/content/cb2-outdoor-spring-2021-collection/
https://www.domino.com/content/usa-design-destinations/?amp;https://www.domino.com/content/usa-design-destinations/
https://www.domino.com/content/lauren-chan-henning-bedroom-tour/?amp;https://www.domino.com/content/lauren-chan-henning-bedroom-tour/
https://www.domino.com/content/holiday-decor-inspiration-design-blogs/photo%20courtesy%20of%20Wit%20and%20Delight;https://www.domino.com/content/holiday-decor-inspiration-design-blogs/
https://www.domino.com/content/tea-party-decor-ideas/?amp;https://www.domino.com/content/tea-party-decor-ideas/
https://www.domino.com/content/arvin-olano-bedroom-walmart/?amp;https://www.domino.com/content/arvin-olano-bedroom-walmart/
https://www.domino.com/content/lena-dunham-home/?amp;https://www.domino.com/content/lena-dunham-home/
http://domino.com/content/best-throw-blanket/;https://www.domino.com/content/best-throw-blanket/
https://www.domino.com/content/alex-boudreau-todos-santos/?amp;https://www.domino.com/design-inspiration/alex-boudreau-todos-santos-home/?amp
https://www.domino.com/content/susan-woo-tali-roth-hudson-valley-home-renovation/?amp;https://www.domino.com/content/susan-woo-tali-roth-hudson-valley-home-renovation/
https://www.domino.com/content/cb2-spring-2021-collection/?amp;https://www.domino.com/content/cb2-spring-2021-collection/
https://www.domino.com/?newsletter/;https://www.domino.com/?newsletter%2F
https://www.domino.com/content/joy-cho-studio-guest-house-build/%22;https://www.domino.com/content/joy-cho-studio-guest-house-build/
https://www.domino.com/content/maayan-zilberman-holiday-decorating-cb2/?amp;https://www.domino.com/content/maayan-zilberman-holiday-decorating-cb2/
https://www.domino.com/content/flamingo-estate-fridays-from-the-garden-cookbook/?amp;https://www.domino.com/content/flamingo-estate-fridays-from-the-garden-cookbook/
https://www.domino.com/content/samantha-weiss-hills-cocktail-party-essentials/?amp;https://www.domino.com/content/samantha-weiss-hills-cocktail-party-essentials/
https://www.domino.com/content/julie-vadnal-dinner-party-essentials/?amp;https://www.domino.com/content/julie-vadnal-dinner-party-essentials/
https://www.domino.com/content/kate-berry-brunch-essentials/?amp;https://www.domino.com/content/kate-berry-brunch-essentials/
https://www.domino.com/content/jordan-ferney-how-to-reupholster-tips/?amp;https://www.domino.com/content/jordan-ferney-how-to-reupholster-tips/
https://www.domino.com/content/delia-brennan-brooklyn-designer-home-tour/?amp;https://www.domino.com/content/delia-brennan-brooklyn-designer-home-tour/
https://www.domino.com/content/kate-berry-domino-crate-and-kids-bedroom/?amp;https://www.domino.com/content/kate-berry-domino-crate-and-kids-bedroom/
https://www.domino.com/content/sarah-sherman-samuel-home-michigan/?param4=dom-us-pinterest&amp;https://www.domino.com/content/sarah-sherman-samuel-home-michigan/?param4=dom-us-pinterest
https://www.domino.com/content/small-bathroom-makeovers/Amber%20Lewis;https://www.domino.com/content/small-bathroom-makeovers/
https://www.domino.com/content/sarin-vongkusolkit-bangkok-apartment/?amp;https://www.domino.com/content/sarin-vongkusolkit-bangkok-apartment/
https://www.domino.com/content/modern-caravan-isla-airstream-tour/ward%20off%20clutter%20with%20custom%20built-ins%20Be%20it%20a%20100-something%20square-foot%20apartment,%20eco-friendly%20hut,%20or,%20in%20this%20case,%20a%20retro%20caravan,%20no%20smaller-than-average%20home%20can%20make%20do%20without%20ample%20storage.%20Taking%20full%20advantage%20of%20every%20nook%20and%20cranny,%20the%20sleek%20built-in%20wardrobe,%20which%20lines%20the%20hallway%20leading%20toward%20the%20bedroom,%20offers%20extensive%20room%20for%20the%20couple%20to%20hang,%20organize,%20and%20stash%20their%20daily%20gear.%20%E2%80%9CWhen%20deciding%20on%20what%20storage%20to%20incorporate%20in%20a%20tiny%20space,%20the%20first%20rule%20is%20accessibility:%20if%20you%20can%E2%80%99t%20easily%20get%20to%20your%20stored%20items,%20there%E2%80%99s%20really%20no%20point%20in%20having%20the%20storage,%E2%80%9D%20explains%20Oliver.%20If%20given%20more%20time,%20Oliver%20notes%20she%20would%20have%20liked%20to%20wallpaper%20the%20interior%20of%20the%20closet%20%E2%80%9Csomething%20deep,%20dark,%20and%20floral%E2%80%9D%20for%20an%20unexpected%20pop%20of%20color.%20Feeling%20motivated%20to%20hit%20the%20road%20yourself?%20You%20can%20keep%20up%20with%20The%20Modern%20Caravan%E2%80%99s%20latest%20projects%20and%20adventures%20on%20Instagram,%20or%20peek%20inside%20Oliver%20and%20Prasse's%C2%A0current%20home%20for%20more%20tiny-home%20inspo.;https://www.domino.com/content/modern-caravan-isla-airstream-tour/
https://www.domino.com/content/studio-cak-mies-van-der-rohe-apartment/(opens%20in%20a%20new%20tab);https://www.domino.com/content/studio-cak-mies-van-der-rohe-apartment/(opens%20in%20a%20new%20tab
https://www.domino.com/design-by-room/hausmatter-nursery-design/https://www.domino.com/design-by-room/hausmatter-nursery-design/?amp;https://www.domino.com/design-by-room/hausmatter-nursery-design/https:/www.domino.com/design-by-room/hausmatter-nursery-design/?amp
https://www.domino.com/content/what-to-register-for-wedding/?amp;https://www.domino.com/content/what-to-register-for-wedding/
https://www.domino.com/ferm-living-wallsmart-wallpaper--terrazzo/178/;https://www.domino.com/?product=178318
http://domino.com/style-shopping/walmart-sherpa-swivel-chair-vs-cb2-gwyneth-chair/;https://www.domino.com/style-shopping/walmart-sherpa-swivel-chair-vs-cb2-gwyneth-chair/
https://www.domino.com/herbivore-botanicals-pink-clay-exfoliating-mask/7/;https://www.domino.com/?product=7-5-flying-landed-butterflies-plate-by-astier-de-vilatte
https://www.domino.com/yamazaki-usa-tower-hanger-rack/2297/;https://www.domino.com/?product=229736
https://www.domino.com/sweepstakes/the-ultimate-plant-parent-giveaway/?utm_source=domino.com&utm_medium=website&utm_campaign=plantparent_sweeps&utm_content=plantparent_article&amp;https://www.domino.com/sweepstakes/the-ultimate-plant-parent-giveaway/?utm_source=domino.com&utm_medium=website&utm_campaign=plantparent_sweeps&utm_content=plantparent_article
https://www.domino.com/content/home-as-we-know-it/?amp;https://www.domino.com/content/home-as-we-know-it/
https://www.domino.com/content/wedding-color-palette-generator/?amp;https://www.domino.com/content/wedding-color-palette-generator/
https://www.domino.com/content/honeymoon-quiz/?amp;https://www.domino.com/content/honeymoon-quiz/
https://www.domino.com/content/domino-weddings/?amp;https://www.domino.com/content/domino-weddings/
https://www.domino.com/content/editors-letter-fall-2021/?amp;https://www.domino.com/content/editors-letter-fall-2021/
https://www.domino.com/content/beverly-nguyen-new-york-city-apartment/?amp;https://www.domino.com/content/beverly-nguyen-new-york-city-apartment/
https://www.domino.com/content/raw-milan-owners-paris-home-tour/);https://www.domino.com/content/raw-milan-owners-paris-home-tour/
http://domino.com/style-shopping/best-decorative-wall-plates/(opens%20in%20a%20new%20tab);https://www.domino.com/style-shopping/best-decorative-wall-plates/(opens%20in%20a%20new%20tab
https://www.domino.com/content/best-platform-beds/https://www.domino.com/content/best-platform-beds/;https://www.domino.com/content/best-platform-beds/https:/www.domino.com/content/best-platform-beds/
https://www.domino.com/content/anna-polonsky-fernando-aciar-brownstone-renovation/?amp;https://www.domino.com/content/anna-polonsky-fernando-aciar-brownstone-renovation/
https://www.domino.com/content/tiny-kitchen-garage-renovation/)?amp;https://www.domino.com/content/tiny-kitchen-garage-renovation/?amp
https://www.domino.com/content/michelle-nader-tv-producer-la-home-tour/);https://www.domino.com/content/michelle-nader-tv-producer-la-home-tour/
https://www.domino.com/caitlin-wilson-spotted-pillow-cover/18/;https://www.domino.com/?product=18-cinnamon-mohair-pillow-cb2-119
https://www.domino.com/content/beautiful-porches-pinterest/(https://thejoshuatreehouse.com/;https://www.domino.com/content/beautiful-porches-pinterest/
https://domino.com/content/handpainted-mural-home-tour/;https://www.domino.com/content/handpainted-mural-home-tour/
https://www.domino.com/content/megan-oneill-goop-brooklyn-brownstone-renovation/?amp;https://www.domino.com/content/megan-oneill-goop-brooklyn-brownstone-renovation/
https://www.domino.com/content/rent-vs-buy-homeownership/?&source=stashwealth;https://www.domino.com/content/rent-vs-buy-homeownership/?source=stashwealth
https://www.domino.com/content/benjamin-reynaert-morning-routine/?amp;https://www.domino.com/content/benjamin-reynaert-morning-routine/
https://www.domino.com/content/holiday-decor-inspiration-design-blogs/photo%20courtesy%20of%20Wit%20and%20Delight?amp;https://www.domino.com/content/holiday-decor-inspiration-design-blogs/
http://www.domino.com/content/best-throw-blanket/;https://www.domino.com/content/best-throw-blanket/
https://www.domino.com/content/joy-cho-studio-guest-house-build/%22?amp;https://www.domino.com/content/joy-cho-studio-guest-house-build/
https://www.domino.com/home-decor/home-accents/frames/;https://www.domino.com/?product=frames-bathmat
https://www.domino.com/content/thishouse5000-elena-lohse-kitchen-renovation/?amp;https://www.domino.com/content/thishouse5000-elena-lohse-kitchen-renovation/
https://www.domino.com/content/holloway-li-renovation-materials/?amp;https://www.domino.com/content/holloway-li-renovation-materials/
https://www.domino.com/content/julia-stevens-after-party-essentials/?amp;https://www.domino.com/content/julia-stevens-after-party-essentials/
https://www.domino.com/content/abby-pendergrast-moving-after-divorce/Photography%20by%20Brittany%20Kalaj%20Margulieux;https://www.domino.com/content/friday-favesfriday-faves-bala-casa-velasquez-mels/
https://www.domino.com/content/small-bathroom-makeovers/Amber%20Lewis?amp;https://www.domino.com/content/small-bathroom-makeovers/
https://www.domino.com/ferm-living-wallsmart-wallpaper--terrazzo/178/?amp;https://www.domino.com/?product=178318&amp
http://www.domino.com/style-shopping/walmart-sherpa-swivel-chair-vs-cb2-gwyneth-chair/;https://www.domino.com/style-shopping/walmart-sherpa-swivel-chair-vs-cb2-gwyneth-chair/
https://www.domino.com/herbivore-botanicals-pink-clay-exfoliating-mask/7/?amp;https://www.domino.com/?product=7-5-flying-landed-butterflies-plate-by-astier-de-vilatte&amp
https://www.domino.com/august-morgan-light-weight-cocktail-napkins-set4-in-gift-box/light-weight/;https://www.domino.com/?product=light-weight-microfiber-duvet-cover-set
https://www.domino.com/content/1970-family-home-schoolhouse-lighting-founder-portland-oregon/?amp;https://www.domino.com/content/1970-family-home-schoolhouse-lighting-founder-portland-oregon/
https://www.domino.com/caitlin-wilson-spotted-pillow-cover/13/;https://www.domino.com/?product=13-6-inch-oval-platter-by-fiesta-bed-bath-beyond-32
https://www.domino.com/yamazaki-usa-tower-hanger-rack/2297/?amp;https://www.domino.com/?product=229736&amp
https://www.domino.com/content/homemade-halloween-candy/Photography%20by%20Sugar%20and%20Cloth;https://www.domino.com/content/homemade-halloween-candy/
https://www.domino.com/boy-smells-prunus/pru/;https://www.domino.com/?product=prune-a-cookbook-abes-books-22
https://www.domino.com/content/raw-milan-owners-paris-home-tour/)?amp;https://www.domino.com/content/raw-milan-owners-paris-home-tour/?amp
http://www.domino.com/style-shopping/best-decorative-wall-plates/(opens%20in%20a%20new%20tab);https://www.domino.com/style-shopping/best-decorative-wall-plates/(opens%20in%20a%20new%20tab
https://www.domino.com/shop/Rugs%20&%20Windows/Windows/;https://www.domino.com/?product=windows-by-sierra-pacific-windows
https://www.domino.com/content/best-platform-beds/https://www.domino.com/content/best-platform-beds/?amp;https://www.domino.com/content/best-platform-beds/https:/www.domino.com/content/best-platform-beds/?amp
https://www.domino.com/simple-springtime-bouquets/story-image/all/;https://www.domino.com/?product=all-about-love-by-bell-hooks
https://www.domino.com/content/michelle-nader-tv-producer-la-home-tour/)?amp;https://www.domino.com/content/michelle-nader-tv-producer-la-home-tour/?amp
https://www.domino.com/caitlin-wilson-spotted-pillow-cover/18/?amp;https://www.domino.com/?product=18-cinnamon-mohair-pillow-cb2-119&amp
https://www.domino.com/content/beautiful-porches-pinterest/(https:/thejoshuatreehouse.com/;https://www.domino.com/content/beautiful-porches-pinterest/
https://www.domino.com/content/best-walmart-kids-products/?amp;https://www.domino.com/content/best-walmart-kids-products/
https://www.domino.com/?p=216040?p=216040&preview=true;https://www.domino.com/
https://www.domino.com/content/best-perennials-fabrics/?amp;https://www.domino.com/content/best-perennials-fabrics/
https://www.domino.com/home-decor/home-accents/frames/?amp;https://www.domino.com/?product=frames-bathmat&amp
https://www.domino.com/content/claude-home-maggie-holiday-new-york-studio-tour/?amp;https://www.domino.com/content/claude-home-maggie-holiday-new-york-studio-tour/
https://www.domino.com/content/c-by-ge-smart-lighting-family-room-renovation/?amp;https://www.domino.com/content/c-by-ge-smart-lighting-family-room-renovation/
https://www.domino.com/content/best-home-gifts/?amp;https://www.domino.com/content/best-home-gifts/
https://www.domino.com/content/abby-pendergrast-moving-after-divorce/Photography%20by%20Brittany%20Kalaj%20Margulieux?amp;https://www.domino.com/content/abby-pendergrast-moving-after-divorce/
https://www.domino.com/content/rechargable-outdoor-lighting/?amp;https://www.domino.com/content/rechargable-outdoor-lighting/
https://www.domino.com/content/le-creuset-agave-spring-2021-colors/?amp;https://www.domino.com/content/le-creuset-agave-spring-2021-colors/
https://www.domino.com/august-morgan-light-weight-cocktail-napkins-set4-in-gift-box/light-weight/?amp;https://www.domino.com/?product=light-weight-microfiber-duvet-cover-set&amp
https://www.domino.com/caitlin-wilson-spotted-pillow-cover/13/?amp;https://www.domino.com/?product=13-6-inch-oval-platter-by-fiesta-bed-bath-beyond-32&amp
https://www.domino.com/content/homemade-halloween-candy/Photography%20by%20Sugar%20and%20Cloth?amp;https://www.domino.com/content/homemade-halloween-candy/
https://www.domino.com/boy-smells-prunus/pru/?amp;https://www.domino.com/?product=prune-a-cookbook-abes-books-22&amp
https://www.domino.com/style-shopping/best-decorative-wall-plates/(opens%20in%20a%20new%20tab);https://www.domino.com/style-shopping/best-decorative-wall-plates/(opens%20in%20a%20new%20tab
https://www.domino.com/shop/Rugs%20&%20Windows/Windows/?amp;https://www.domino.com/?product=windows-by-sierra-pacific-windows&amp
https://www.domino.com/simple-springtime-bouquets/story-image/all/?amp;https://www.domino.com/?product=all-about-love-by-bell-hooks&amp
https://www.domino.com/ferm-living-grid-wallpaper--black--white/160/;https://www.domino.com/?product=160-piece-pearn-crystal-earseeds
https://www.domino.com/?p=216040%3Fp%3D216040&preview=true&amp;https://www.domino.com/uploads/2022/05/25/saatva-solaire.png
https://www.domino.com/sweepstakes/domino-urban-outfitters-sweepstakes/?amp;https://www.domino.com/sweepstakes/domino-urban-outfitters-sweepstakes/
https://www.domino.com/content/hannah-carpenter-family-home/?param4=dom-us-pinterest&amp;https://www.domino.com/content/hannah-carpenter-family-home/?param4=dom-us-pinterest
https://www.domino.com/sweepstakes/domino-urban-outfitters-sweepstakes-2022/?amp;https://www.domino.com/sweepstakes/domino-urban-outfitters-sweepstakes-2022/
https://www.domino.com/ferm-living-grid-wallpaper--black--white/160/?amp;https://www.domino.com/?product=160-piece-pearn-crystal-earseeds&amp
https://www.domino.com/content/best-adjustable-mattresses/attachment/saatva-solaire-2/?amp;https://www.domino.com/uploads/2022/05/25/saatva-solaire.png
https://www.domino.com/hayley-sarno-oui-print/4/;https://www.domino.com/?product=4-7-x-3-7-decorative-porcelain-vase-white-target-14-99
https://www.domino.com/golden-ponies-large-bag-3-holographic-plastic-satchel-crossbody-strap/satchel/;https://www.domino.com/?brand=satchel-page
https://www.domino.com/golden-ponies-holographic-vegan-faux-leather-carryall-pouch/pouch/;https://www.domino.com/?product=pouch-loeffler-randall-78
https://www.domino.com/hayley-sarno-oui-print/4/?amp;https://www.domino.com/?product=4-7-x-3-7-decorative-porcelain-vase-white-target-14-99&amp
https://www.domino.com/golden-ponies-large-bag-3-holographic-plastic-satchel-crossbody-strap/satchel/?amp;https://www.domino.com/?brand=satchel-page&amp
https://www.domino.com/golden-ponies-holographic-vegan-faux-leather-carryall-pouch/pouch/?amp;https://www.domino.com/?product=pouch-loeffler-randall-78&amp
https://www.domino.com/content/delonghi-coffee-machine-quiz/?amp;https://www.domino.com/content/delonghi-coffee-machine-quiz/
https://www.domino.com/sweepstakes/domino-hay-giveaway/?amp;https://www.domino.com/sweepstakes/domino-hay-giveaway/
https://www.domino.com/sweepstakes/domino-crate-and-kids-giveaway/?amp;https://www.domino.com/sweepstakes/domino-crate-and-kids-giveaway/