https://www.outdoorlife.com/app/uploads/2021/06/14/MCAB8742-1024x683.jpg;https://www.outdoorlife.com/uploads/2021/06/14/MCAB8742-1024x683.jpg
https://www.outdoorlife.com/files/editor_files/quad/buyers/2/suzuki-qor0808_new031.jpg;https://www.outdoorlife.com/
https://www.outdoorlife.com/app/uploads/2021/05/21/T-3-1024x683.jpg;https://www.outdoorlife.com/uploads/2021/05/21/T-3-1024x683.jpg
https://www.outdoorlife.com/app/uploads/2021/06/10/196117382_10159198068974294_1316626892666850711_n.jpg;https://www.outdoorlife.com/uploads/2021/06/10/196117382_10159198068974294_1316626892666850711_n.jpg
https://www.outdoorlife.com/files/editor_files/quad/products/arctic_cat-prowler-green.600x483.jpg;https://www.outdoorlife.com/
https://www.outdoorlife.com/app/uploads/2021/03/25/public-lands-pie-chart.jpeg;https://www.outdoorlife.com/uploads/2021/03/25/public-lands-pie-chart.jpeg
https://www.outdoorlife.com/app/uploads/2021/05/18/Victory-RF-794x1024.jpeg;https://www.outdoorlife.com/uploads/2021/05/18/Victory-RF-794x1024.jpeg
https://www.outdoorlife.com/app/uploads/2021/06/15/COOL-ELK-SHOT-2-1024x683.jpg;https://www.outdoorlife.com/uploads/2021/06/15/COOL-ELK-SHOT-2-1024x683.jpg
https://www.outdoorlife.com/app/uploads/2021/03/25/ELK-WV-ELK-DEER-AND-ELK-MARK-BIAS-PHOTO-2021-02-24_074-1024x683.jpg;https://www.outdoorlife.com/uploads/2021/03/25/ELK-WV-ELK-DEER-AND-ELK-MARK-BIAS-PHOTO-2021-02-24_074-1024x683.jpg
https://www.outdoorlife.com/app/uploads/2021/04/20/cast_iron_backstrap-1024x683.jpg;https://www.outdoorlife.com/uploads/2021/04/20/cast_iron_backstrap-1024x683.jpg
https://www.outdoorlife.com/files/editor_files/quad/buyers/2/can-am-qor0908_can101.jpg;https://www.outdoorlife.com/
https://www.outdoorlife.com/app/uploads/2021/06/15/FULL-DRAW-1024x768.jpeg;https://www.outdoorlife.com/uploads/2021/06/15/FULL-DRAW-1024x768.jpeg
https://www.outdoorlife.com/app/uploads/2021/04/27/People_Crabtree_Copy-683x1024.jpg;https://www.outdoorlife.com/uploads/2021/04/27/People_Crabtree_Copy-683x1024.jpg
https://www.outdoorlife.com/app/uploads/2021/04/27/Reelfoot_Sign-1024x698.jpg;https://www.outdoorlife.com/uploads/2021/04/27/Reelfoot_Sign-1024x698.jpg
https://www.outdoorlife.com/app/uploads/2021/03/30/Private-land-success-1024x683.jpeg;https://www.outdoorlife.com/uploads/2021/03/30/Private-land-success-1024x683.jpeg
https://www.outdoorlife.com/files/editor_files/quad/buyers/4/artic-cat-90-se1.jpg;https://www.outdoorlife.com/
https://www.outdoorlife.com/app/uploads/2021/05/18/IMG_6739.jpg;https://www.outdoorlife.com/uploads/2021/05/18/IMG_6739.jpg
https://www.outdoorlife.com/app/uploads/2021/06/15/Toyota-Tundra-1024x576.jpg;https://www.outdoorlife.com/uploads/2021/06/15/Toyota-Tundra-1024x576.jpg
https://www.outdoorlife.com/app/uploads/2021/06/08/Stevens_555-1024x204.jpg;https://www.outdoorlife.com/uploads/2021/06/08/Stevens_555-1024x204.jpg
https://www.outdoorlife.com/app/uploads/2021/05/22/Him-Her-1024x683.jpg;https://www.outdoorlife.com/uploads/2021/05/22/Him-Her-1024x683.jpg
https://www.outdoorlife.com/app/uploads/2021/04/27/Walnut_Log_Ditch_ramp_youth_hunt-1024x574.jpg;https://www.outdoorlife.com/uploads/2021/04/27/Walnut_Log_Ditch_ramp_youth_hunt-1024x574.jpg
https://www.outdoorlife.com/app/uploads/2021/03/31/3.-Panther-Fawn-1-1024x768.jpeg;https://www.outdoorlife.com/uploads/2021/03/31/3.-Panther-Fawn-1-1024x768.jpeg
https://www.outdoorlife.com/app/uploads/2021/03/30/gum.wrapper.jpg;https://www.outdoorlife.com/uploads/2021/03/30/gum.wrapper.jpg
https://www.outdoorlife.com/app/uploads/2021/04/03/Savage-Model-42_takedown.jpg;https://www.outdoorlife.com/uploads/2021/04/03/Savage-Model-42_takedown.jpg
https://www.outdoorlife.com/files/editor_files/quad/buyers/2/kymco-qor0209_kym041.jpg;https://www.outdoorlife.com/
https://www.outdoorlife.com/app/uploads/2021/06/22/DSC_0050-1024x712.jpeg;https://www.outdoorlife.com/uploads/2021/06/22/DSC_0050-1024x712.jpeg
https://www.outdoorlife.com/app/uploads/2021/05/27/Grip-1024x688.jpeg;https://www.outdoorlife.com/uploads/2021/05/27/Grip-1024x688.jpeg
https://www.outdoorlife.com/files/editor_files/quad/buyers/2/honda-trx250x.jpg;https://www.outdoorlife.com/
https://www.outdoorlife.com/app/uploads/2021/04/21/original.img_-1024x182.jpg;https://www.outdoorlife.com/uploads/2021/04/21/original.img_-1024x182.jpg
https://www.outdoorlife.com/files/editor_files/quad/buyers/2/arctic-cat-300-dvx.jpg;https://www.outdoorlife.com/
https://www.outdoorlife.com/app/uploads/2021/04/20/bows-1024x797.jpg;https://www.outdoorlife.com/uploads/2021/04/20/bows-1024x797.jpg
https://www.outdoorlife.com/files/editor_files/quad/buyers/4/arctic-cat-90-dvx-se.jpg;https://www.outdoorlife.com/
https://www.outdoorlife.com/app/uploads/2021/05/17/IMG_20170612_204554_1111-819x1024.jpg;https://www.outdoorlife.com/uploads/2021/05/17/IMG_20170612_204554_1111-819x1024.jpg
https://www.outdoorlife.com/files/editor_files/quad/buyers/2/suzuki-qor1008_spe081.jpg;https://www.outdoorlife.com/
https://www.outdoorlife.com/app/uploads/2021/04/27/Blind58_Shooting_Holes_1-683x1024.jpg;https://www.outdoorlife.com/uploads/2021/04/27/Blind58_Shooting_Holes_1-683x1024.jpg
https://www.outdoorlife.com/app/uploads/2021/06/28/2021-Ford-Bronco_Drive_18-1024x681.jpg;https://www.outdoorlife.com/uploads/2021/06/28/2021-Ford-Bronco_Drive_18-1024x681.jpg
https://www.outdoorlife.com/app/uploads/2021/04/07/Surrept24WHoslter-1024x967.jpg;https://www.outdoorlife.com/uploads/2021/04/07/Surrept24WHoslter-1024x967.jpg
https://www.outdoorlife.com/files/editor_files/quad/buyers/4/yamaha-qor0808_new181.jpg;https://www.outdoorlife.com/
https://www.outdoorlife.com/files/editor_files/quad/buyers/4/polaris-qor0209_pol111.thumbnail.jpg;https://www.outdoorlife.com/
https://www.outdoorlife.com/app/uploads/2021/06/09/Mission_sub-1-xr-1024x682.jpeg;https://www.outdoorlife.com/uploads/2021/06/09/Mission_sub-1-xr-1024x682.jpeg
https://www.outdoorlife.com/app/uploads/2021/05/28/couesdeer-1024x682.jpg;https://www.outdoorlife.com/uploads/2021/05/28/couesdeer-1024x682.jpg
https://www.outdoorlife.com/files/editor_files/quad/buyers/2/polaris-qor0908_pol031.thumbnail.jpg;https://www.outdoorlife.com/
https://www.outdoorlife.com/app/uploads/2021/04/21/first.aid_-1024x768.jpg;https://www.outdoorlife.com/uploads/2021/04/21/first.aid_-1024x768.jpg
https://www.outdoorlife.com/files/editor_files/quad/workshop_snorkel/snorkel-step-7.jpg;https://www.outdoorlife.com/
https://www.outdoorlife.com/app/uploads/2021/04/03/Remington-870-Rock-Island-1024x332.png;https://www.outdoorlife.com/uploads/2021/04/03/Remington-870-Rock-Island-1024x332.png
https://www.outdoorlife.com/app/uploads/2021/04/03/HR-Pardner.jpg;https://www.outdoorlife.com/uploads/2021/04/03/HR-Pardner.jpg
https://www.outdoorlife.com/files/editor_files/quad/buyers/2/polaris-qor0908_pol011.thumbnail.jpg;https://www.outdoorlife.com/
https://www.outdoorlife.com/app/uploads/2021/05/17/IMG_20170705_204430_1931-1024x1024.jpg;https://www.outdoorlife.com/uploads/2021/05/17/IMG_20170705_204430_1931-1024x1024.jpg
https://www.outdoorlife.com/app/uploads/2021/04/07/Surrept16BottomPocket-1024x624.jpg;https://www.outdoorlife.com/uploads/2021/04/07/Surrept16BottomPocket-1024x624.jpg
https://www.outdoorlife.com/app/uploads/2021/06/07/trackingwolfman-1024x686.jpg;https://www.outdoorlife.com/uploads/2021/06/07/trackingwolfman-1024x686.jpg
https://www.outdoorlife.com/app/uploads/2021/04/27/Blind58_view_of_Blind164-1024x683.jpg;https://www.outdoorlife.com/uploads/2021/04/27/Blind58_view_of_Blind164-1024x683.jpg
https://www.outdoorlife.com/app/uploads/2021/04/20/cxbnhvm-839x1024.png;https://www.outdoorlife.com/uploads/2021/04/20/cxbnhvm-839x1024.png
https://www.outdoorlife.com/app/uploads/2021/04/27/Screen-Shot-2021-04-26-at-9.17.35-PM.png;https://www.outdoorlife.com/uploads/2021/04/27/Screen-Shot-2021-04-26-at-9.17.35-PM.png
https://www.outdoorlife.com/app/uploads/2021/05/18/Zeiss-Victory-Rangefinder-1.jpeg;https://www.outdoorlife.com/uploads/2021/05/18/Zeiss-Victory-Rangefinder-1.jpeg
https://www.outdoorlife.com/app/uploads/2021/05/20/burger-1024x682.jpg;https://www.outdoorlife.com/uploads/2021/05/20/burger-1024x682.jpg
https://www.outdoorlife.com/app/uploads/2021/06/22/DSC_0036-1024x696.jpeg;https://www.outdoorlife.com/uploads/2021/06/22/DSC_0036-1024x696.jpeg
https://www.outdoorlife.com/app/uploads/2021/04/14/221-Fireball-1024x768.jpg;https://www.outdoorlife.com/uploads/2021/04/14/221-Fireball-1024x768.jpg
https://www.outdoorlife.com/files/editor_files/quad/buyers/2/honda-qor1008_spe031.jpg;https://www.outdoorlife.com/
https://www.outdoorlife.com/app/uploads/2021/06/08/CZ-1012-AllTerrain-1024x271.png;https://www.outdoorlife.com/uploads/2021/06/08/CZ-1012-AllTerrain-1024x271.png
https://www.outdoorlife.com/app/uploads/2021/04/21/knife.safety.jpg;https://www.outdoorlife.com/uploads/2021/04/21/knife.safety.jpg
https://www.outdoorlife.com/app/uploads/2021/03/24/CQFLK2ZRGJBUXCRUO2IIR2AG64-1024x586.jpg;https://www.outdoorlife.com/uploads/2021/03/24/CQFLK2ZRGJBUXCRUO2IIR2AG64-1024x586.jpg
https://www.outdoorlife.com/app/uploads/2021/03/30/jumper.cable_.jpg;https://www.outdoorlife.com/uploads/2021/03/30/jumper.cable_.jpg
https://www.outdoorlife.com/app/uploads/2021/04/07/Surrept36straps-1024x768.jpg;https://www.outdoorlife.com/uploads/2021/04/07/Surrept36straps-1024x768.jpg
https://www.outdoorlife.com/app/uploads/2021/06/03/IMG_3764-1024x683.jpg;https://www.outdoorlife.com/uploads/2021/06/03/IMG_3764-1024x683.jpg
https://www.outdoorlife.com/app/uploads/2021/04/27/Reelfoot_NWR_Photo-by-Drew-Wirwa-USFWS-1-1024x657.jpg;https://www.outdoorlife.com/uploads/2021/04/27/Reelfoot_NWR_Photo-by-Drew-Wirwa-USFWS-1-1024x657.jpg
https://www.outdoorlife.com/files/editor_files/quad/buyers/4/can-am-qor0209_can021.thumbnail.jpg;https://www.outdoorlife.com/
https://www.outdoorlife.com/app/uploads/2021/06/08/Mossberg-Silver-Reserve-Eventide-1024x210.jpg;https://www.outdoorlife.com/uploads/2021/06/08/Mossberg-Silver-Reserve-Eventide-1024x210.jpg
https://www.outdoorlife.com/app/uploads/2021/04/27/Screen-Shot-2021-04-26-at-11.26.03-PM-1024x637.png;https://www.outdoorlife.com/uploads/2021/04/27/Screen-Shot-2021-04-26-at-11.26.03-PM-1024x637.png
https://www.outdoorlife.com/app/uploads/2021/05/18/IMG_6738.jpg;https://www.outdoorlife.com/uploads/2021/05/18/IMG_6738.jpg
https://www.outdoorlife.com/app/uploads/2021/05/21/T-5.jpg;https://www.outdoorlife.com/uploads/2021/05/21/T-5.jpg
https://www.outdoorlife.com/app/uploads/2021/04/13/beretta-so5.jpg;https://www.outdoorlife.com/uploads/2021/04/13/beretta-so5.jpg
https://www.outdoorlife.com/app/uploads/2021/03/24/OKYPEUFSXREZXNCWIMJGEBO5PM-1024x683.jpg;https://www.outdoorlife.com/uploads/2021/03/24/OKYPEUFSXREZXNCWIMJGEBO5PM-1024x683.jpg
https://www.outdoorlife.com/files/editor_files/quad/top_10_tires/leaky-bead.jpg;https://www.outdoorlife.com/
https://www.outdoorlife.com/files/editor_files/quad/5_ways_to_keep/alarm.jpg;https://www.outdoorlife.com/
https://www.outdoorlife.com/files/editor_files/quad/workshop_snorkel/snorkel-step-8.jpg;https://www.outdoorlife.com/
https://www.outdoorlife.com/app/uploads/2021/04/28/DSC_0077-1024x683.jpg;https://www.outdoorlife.com/uploads/2021/04/28/DSC_0077-1024x683.jpg
https://www.outdoorlife.com/app/uploads/2021/04/21/knife.sharpen.jpg;https://www.outdoorlife.com/uploads/2021/04/21/knife.sharpen.jpg
https://www.outdoorlife.com/files/editor_files/quad/top_10_tires/tire-stretch.jpg;https://www.outdoorlife.com/
https://www.outdoorlife.com/app/uploads/2021/05/25/YRS0002-1024x683.jpg;https://www.outdoorlife.com/uploads/2021/05/25/YRS0002-1024x683.jpg
https://www.outdoorlife.com/files/editor_files/quad/buyers/2/yamaha-qor1108_yam04_r11.jpg;https://www.outdoorlife.com/
https://www.outdoorlife.com/app/uploads/2021/06/10/Mountain-Goat-Hunt-1024x683.jpeg;https://www.outdoorlife.com/uploads/2021/06/10/Mountain-Goat-Hunt-1024x683.jpeg
https://www.outdoorlife.com/files/editor_files/quad/buyers/4/kymco-qor0209_kym061.jpg;https://www.outdoorlife.com/
https://www.outdoorlife.com/app/uploads/2021/04/13/Browning-Superposed-Rock-Island-1024x249.jpg;https://www.outdoorlife.com/uploads/2021/04/13/Browning-Superposed-Rock-Island-1024x249.jpg
https://www.outdoorlife.com/files/editor_files/quad/workshop_snorkel/snorkel-tip.jpg;https://www.outdoorlife.com/
https://www.outdoorlife.com/app/uploads/2021/05/25/YRS0017-683x1024.jpg;https://www.outdoorlife.com/uploads/2021/05/25/YRS0017-683x1024.jpg
https://www.outdoorlife.com/app/uploads/2021/06/10/Alex_Blacktail.jpeg;https://www.outdoorlife.com/uploads/2021/06/10/Alex_Blacktail.jpeg
https://www.outdoorlife.com/files/editor_files/quad/products/arctic_cat-mudpro.600x386.jpg;https://www.outdoorlife.com/
https://www.outdoorlife.com/app/uploads/2021/03/23/Z6BFFY3L35E2ZKYSOHMOWYMX4I-1024x768.jpg;https://www.outdoorlife.com/uploads/2021/03/23/Z6BFFY3L35E2ZKYSOHMOWYMX4I-1024x768.jpg
https://www.outdoorlife.com/app/uploads/2021/06/16/JIM-and-USA-hunter-2-1024x682.jpeg;https://www.outdoorlife.com/uploads/2021/06/16/JIM-and-USA-hunter-2-1024x682.jpeg
https://www.outdoorlife.com/app/uploads/2021/06/24/TUN_MY20_0042_V001-1024x576.jpeg;https://www.outdoorlife.com/uploads/2021/06/24/TUN_MY20_0042_V001-1024x576.jpeg
https://www.outdoorlife.com/app/uploads/2021/06/28/2021-Ford-Bronco_Drive_05-1024x682.jpg;https://www.outdoorlife.com/uploads/2021/06/28/2021-Ford-Bronco_Drive_05-1024x682.jpg
https://www.outdoorlife.com/files/editor_files/quad/top_10_tires/snow-studs.jpg;https://www.outdoorlife.com/
https://www.outdoorlife.com/files/editor_files/quad/buyers/2/kawisaki-qor1008_kaw081.jpg;https://www.outdoorlife.com/
https://www.outdoorlife.com/app/uploads/2021/04/21/water.jpg;https://www.outdoorlife.com/uploads/2021/04/21/water.jpg
https://www.outdoorlife.com/app/uploads/2021/05/05/IMG_20210417_162529_Bokeh-1024x768.jpg;https://www.outdoorlife.com/uploads/2021/05/05/IMG_20210417_162529_Bokeh-1024x768.jpg
https://www.outdoorlife.com/app/uploads/2021/04/21/GPS-1024x768.jpg;https://www.outdoorlife.com/uploads/2021/04/21/GPS-1024x768.jpg
https://www.outdoorlife.com/app/uploads/2021/06/10/196276275_10159198068979294_2545891560235988223_n.jpg;https://www.outdoorlife.com/uploads/2021/06/10/196276275_10159198068979294_2545891560235988223_n.jpg
https://www.outdoorlife.com/app/uploads/2021/06/08/powerbait-1024x768.jpg;https://www.outdoorlife.com/uploads/2021/06/08/powerbait-1024x768.jpg
https://www.outdoorlife.com/app/uploads/2021/04/14/222-Rem-Family-1024x683.jpg;https://www.outdoorlife.com/uploads/2021/04/14/222-Rem-Family-1024x683.jpg
https://www.outdoorlife.com/app/uploads/2021/06/22/DSC0183-1024x683.jpeg;https://www.outdoorlife.com/uploads/2021/06/22/DSC0183-1024x683.jpeg
https://www.outdoorlife.com/app/uploads/2021/06/14/MCAB9020-1024x683.jpg;https://www.outdoorlife.com/uploads/2021/06/14/MCAB9020-1024x683.jpg
https://www.outdoorlife.com/app/uploads/2021/06/08/gilly.jpeg;https://www.outdoorlife.com/uploads/2021/06/08/gilly.jpeg
https://www.outdoorlife.com/app/uploads/2021/06/03/first.aid_.kit_.jpg;https://www.outdoorlife.com/uploads/2021/06/03/first.aid_.kit_.jpg
https://www.outdoorlife.com/app/uploads/2021/06/08/Winchester-SX4-Composite-511205392-1024x154.jpg;https://www.outdoorlife.com/uploads/2021/06/08/Winchester-SX4-Composite-511205392-1024x154.jpg
https://www.outdoorlife.com/app/uploads/2021/06/09/Mission_Sub-1_XR_2-682x1024.jpeg;https://www.outdoorlife.com/uploads/2021/06/09/Mission_Sub-1_XR_2-682x1024.jpeg
https://www.outdoorlife.com/app/uploads/2021/06/22/goose-4641090_1920-1024x682.jpg;https://www.outdoorlife.com/uploads/2021/06/22/goose-4641090_1920-1024x682.jpg
https://www.outdoorlife.com/app/uploads/2021/05/05/IMG_20210417_164501_Bokeh-01-1024x768.jpeg;https://www.outdoorlife.com/uploads/2021/05/05/IMG_20210417_164501_Bokeh-01-1024x768.jpeg
https://www.outdoorlife.com/app/uploads/2021/04/13/Remington-32-NRA-1024x512.png;https://www.outdoorlife.com/uploads/2021/04/13/Remington-32-NRA-1024x512.png
https://www.outdoorlife.com/files/editor_files/quad/workshop_snorkel/snokel-step-6.jpg;https://www.outdoorlife.com/
https://www.outdoorlife.com/files/editor_files/quad/buyers/2/honda-qu0608_hon01_r11.thumbnail.jpg;https://www.outdoorlife.com/
https://www.outdoorlife.com/app/uploads/2021/03/29/Illinois-pheasants-1024x683.jpeg;https://www.outdoorlife.com/uploads/2021/03/29/Illinois-pheasants-1024x683.jpeg
https://www.outdoorlife.com/app/uploads/2021/06/24/2003-Ford-F-150-Bejara70-CC0-1.0-Wikimedia-Commons-1024x671.jpg;https://www.outdoorlife.com/uploads/2021/06/24/2003-Ford-F-150-Bejara70-CC0-1.0-Wikimedia-Commons-1024x671.jpg
https://www.outdoorlife.com/app/uploads/2021/04/03/Mossberg-SA-410.png;https://www.outdoorlife.com/uploads/2021/04/03/Mossberg-SA-410.png
https://www.outdoorlife.com/app/uploads/2021/05/27/Two-Point-Anchor-768x1024.jpeg;https://www.outdoorlife.com/uploads/2021/05/27/Two-Point-Anchor-768x1024.jpeg
https://www.outdoorlife.com/files/editor_files/quad/buyers/2/ktm-qor0908_ktm061.jpg;https://www.outdoorlife.com/
https://www.outdoorlife.com/app/uploads/2021/05/03/DeltaPoint-Micro-178745-on-Glock-A-25-1024x938.jpg;https://www.outdoorlife.com/uploads/2021/05/03/DeltaPoint-Micro-178745-on-Glock-A-25-1024x938.jpg
https://www.outdoorlife.com/app/uploads/2021/05/25/IMG_5888_Original-1024x768.jpg;https://www.outdoorlife.com/uploads/2021/05/25/IMG_5888_Original-1024x768.jpg
https://www.outdoorlife.com/app/uploads/2021/03/27/Franchi-hooded-sight-1024x768.jpeg;https://www.outdoorlife.com/uploads/2021/03/27/Franchi-hooded-sight-1024x768.jpeg
https://www.outdoorlife.com/app/uploads/2021/05/27/swaro2-1024x580.png;https://www.outdoorlife.com/uploads/2021/05/27/swaro2-1024x580.png
https://www.outdoorlife.com/app/uploads/2021/04/03/CZ-628-1024x234.png;https://www.outdoorlife.com/uploads/2021/04/03/CZ-628-1024x234.png
https://www.outdoorlife.com/app/uploads/2021/04/27/Vowell_and_Sons_Martin-1024x683.jpg;https://www.outdoorlife.com/uploads/2021/04/27/Vowell_and_Sons_Martin-1024x683.jpg
https://www.outdoorlife.com/files/editor_files/quad/buyers/4/suzuki-qor1008_spe081.jpg;https://www.outdoorlife.com/
https://www.outdoorlife.com/app/uploads/2021/06/08/Weatherby-Element-Synthetic-1024x683.jpg;https://www.outdoorlife.com/uploads/2021/06/08/Weatherby-Element-Synthetic-1024x683.jpg
https://www.outdoorlife.com/app/uploads/2021/04/27/Fly-Fishing-National-Park-Service-1024x683.jpeg;https://www.outdoorlife.com/uploads/2021/04/27/Fly-Fishing-National-Park-Service-1024x683.jpeg
https://www.outdoorlife.com/app/uploads/2021/05/25/YRS0008-1024x683.jpg;https://www.outdoorlife.com/uploads/2021/05/25/YRS0008-1024x683.jpg
https://www.outdoorlife.com/files/editor_files/quad/buyers/2/polaris-qor1008_spe171.jpg;https://www.outdoorlife.com/
https://www.outdoorlife.com/app/uploads/2021/04/20/Teton-Rifle-Sling-1024x683.jpg;https://www.outdoorlife.com/uploads/2021/04/20/Teton-Rifle-Sling-1024x683.jpg
https://www.outdoorlife.com/app/uploads/2021/04/27/TBI_1-1024x768.jpeg;https://www.outdoorlife.com/uploads/2021/04/27/TBI_1-1024x768.jpeg
https://www.outdoorlife.com/app/uploads/2021/06/15/SEVER-1.5-MECHANICAL-HEAD-1024x683.jpg;https://www.outdoorlife.com/uploads/2021/06/15/SEVER-1.5-MECHANICAL-HEAD-1024x683.jpg
https://www.outdoorlife.com/files/editor_files/quad/workshop_snorkel/snorkel-step-5.jpg;https://www.outdoorlife.com/
https://www.outdoorlife.com/app/uploads/2021/04/27/Blind58_Entrance_to_Crabtree_Seat-1024x683.jpg;https://www.outdoorlife.com/uploads/2021/04/27/Blind58_Entrance_to_Crabtree_Seat-1024x683.jpg
https://www.outdoorlife.com/app/uploads/2021/04/03/Winchester-Model-37.jpg;https://www.outdoorlife.com/uploads/2021/04/03/Winchester-Model-37.jpg
https://www.outdoorlife.com/app/uploads/2021/06/08/Franchi-Affinity-1024x305.jpg;https://www.outdoorlife.com/uploads/2021/06/08/Franchi-Affinity-1024x305.jpg
https://www.outdoorlife.com/app/uploads/2021/05/27/How-to-draw.jpeg;https://www.outdoorlife.com/uploads/2021/05/27/How-to-draw.jpeg
https://www.outdoorlife.com/app/uploads/2021/03/26/public_land_elk-1024x769.jpg;https://www.outdoorlife.com/uploads/2021/03/26/public_land_elk-1024x769.jpg
https://www.outdoorlife.com/app/uploads/2021/05/24/busnellforge2-1024x682.jpeg;https://www.outdoorlife.com/uploads/2021/05/24/busnellforge2-1024x682.jpeg
https://www.outdoorlife.com/app/uploads/2021/06/10/196227688_10159198068969294_8180323944206863258_n.jpg;https://www.outdoorlife.com/uploads/2021/06/10/196227688_10159198068969294_8180323944206863258_n.jpg
https://www.outdoorlife.com/app/uploads/2021/04/20/Cur-Custom-23-1024x683.jpg;https://www.outdoorlife.com/uploads/2021/04/20/Cur-Custom-23-1024x683.jpg
https://www.outdoorlife.com/app/uploads/2021/06/08/Tristar-Hunter-Mag-2-1024x189.jpg;https://www.outdoorlife.com/uploads/2021/06/08/Tristar-Hunter-Mag-2-1024x189.jpg
https://www.outdoorlife.com/app/uploads/2021/04/21/knot-1024x768.jpg;https://www.outdoorlife.com/uploads/2021/04/21/knot-1024x768.jpg
https://www.outdoorlife.com/app/uploads/2021/04/22/32984028253_82567be333_o-1024x683.jpg;https://www.outdoorlife.com/uploads/2021/04/22/32984028253_82567be333_o-1024x683.jpg
https://www.outdoorlife.com/app/uploads/2021/04/22/Fly-Fishing-Au-Sable-River-Grayling-3.jpg;https://www.outdoorlife.com/uploads/2021/04/22/Fly-Fishing-Au-Sable-River-Grayling-3.jpg
https://www.outdoorlife.com/files/editor_files/quad/5_ways_to_keep/cover.thumbnail.jpg;https://www.outdoorlife.com/
https://www.outdoorlife.com/app/uploads/2021/03/30/water.bottle-1024x768.jpg;https://www.outdoorlife.com/uploads/2021/03/30/water.bottle-1024x768.jpg
https://www.outdoorlife.com/app/uploads/2021/04/27/People_Crabtree_Shop_Breakfast-734x1024.jpg;https://www.outdoorlife.com/uploads/2021/04/27/People_Crabtree_Shop_Breakfast-734x1024.jpg
https://www.outdoorlife.com/app/uploads/2021/06/10/Stone-Glacier-Tent-.jpeg;https://www.outdoorlife.com/uploads/2021/06/10/Stone-Glacier-Tent-.jpeg
https://www.outdoorlife.com/files/editor_files/quad/buyers/2/can-am-qor0908_can091.jpg;https://www.outdoorlife.com/
https://www.outdoorlife.com/app/uploads/2021/04/20/Join-or-Die-Photo-Credit-Scott-Einsmann-7-1024x683.jpg;https://www.outdoorlife.com/uploads/2021/04/20/Join-or-Die-Photo-Credit-Scott-Einsmann-7-1024x683.jpg
https://www.outdoorlife.com/files/editor_files/quad/workshop_snorkel/snorkel-step-3.jpg;https://www.outdoorlife.com/
https://www.outdoorlife.com/app/uploads/2021/03/26/deer_hunters_range-1024x683.jpg;https://www.outdoorlife.com/uploads/2021/03/26/deer_hunters_range-1024x683.jpg
https://www.outdoorlife.com/app/uploads/2021/04/19/arrowhead-in-creek-1024x768.jpeg;https://www.outdoorlife.com/uploads/2021/04/19/arrowhead-in-creek-1024x768.jpeg
https://www.outdoorlife.com/app/uploads/2021/06/15/DSC0033-1024x683.jpg;https://www.outdoorlife.com/uploads/2021/06/15/DSC0033-1024x683.jpg
https://www.outdoorlife.com/app/uploads/2021/03/30/parabolic.mirror-1024x768.jpg;https://www.outdoorlife.com/uploads/2021/03/30/parabolic.mirror-1024x768.jpg
https://www.outdoorlife.com/app/uploads/2021/04/27/Reelfoot_Refuge_Crop-1024x450.jpg;https://www.outdoorlife.com/uploads/2021/04/27/Reelfoot_Refuge_Crop-1024x450.jpg
https://www.outdoorlife.com/app/uploads/2021/06/24/TRX_Plays-Dirty.jpg.image_.1440-1024x576.jpg;https://www.outdoorlife.com/uploads/2021/06/24/TRX_Plays-Dirty.jpg.image_.1440-1024x576.jpg
https://www.outdoorlife.com/app/uploads/2021/05/22/Lone-Tree-1024x768.jpg;https://www.outdoorlife.com/uploads/2021/05/22/Lone-Tree-1024x768.jpg
https://www.outdoorlife.com/app/uploads/2021/05/27/AC-3-1024x854.jpg;https://www.outdoorlife.com/uploads/2021/05/27/AC-3-1024x854.jpg
https://www.outdoorlife.com/app/uploads/2021/03/27/Franchi-pistol-grip-1024x768.jpeg;https://www.outdoorlife.com/uploads/2021/03/27/Franchi-pistol-grip-1024x768.jpeg
https://www.outdoorlife.com/files/editor_files/quad/buyers/2/yamaha-qor0209_yam191.jpg;https://www.outdoorlife.com/
https://www.outdoorlife.com/app/uploads/2021/06/22/unnamed.jpg;https://www.outdoorlife.com/uploads/2021/06/22/unnamed.jpg
https://www.outdoorlife.com/app/uploads/2021/04/13/Winchester-21-Rock-Island-1024x183.png;https://www.outdoorlife.com/uploads/2021/04/13/Winchester-21-Rock-Island-1024x183.png
https://www.outdoorlife.com/app/uploads/2021/05/05/IMG_20210417_155852_Bokeh-1024x768.jpg;https://www.outdoorlife.com/uploads/2021/05/05/IMG_20210417_155852_Bokeh-1024x768.jpg
https://www.outdoorlife.com/app/uploads/2021/04/28/DSC_0015-1024x681.jpg;https://www.outdoorlife.com/uploads/2021/04/28/DSC_0015-1024x681.jpg
https://www.outdoorlife.com/files/editor_files/quad/buyers/2/polaris-trail-blazer-330.jpg;https://www.outdoorlife.com/
https://www.outdoorlife.com/files/editor_files/quad/top_10_tires/truck-tire.jpg;https://www.outdoorlife.com/
https://www.outdoorlife.com/files/editor_files/quad/buyers/4/polaris-qor0209_pol011.thumbnail.jpg;https://www.outdoorlife.com/
https://www.outdoorlife.com/app/uploads/2021/06/10/Skyscraper-2p-7_800x.jpeg;https://www.outdoorlife.com/uploads/2021/06/10/Skyscraper-2p-7_800x.jpeg
https://www.outdoorlife.com/app/uploads/2021/04/20/Join-or-Die-Photo-Credit-Scott-Einsmann-4-1024x791.jpg;https://www.outdoorlife.com/uploads/2021/04/20/Join-or-Die-Photo-Credit-Scott-Einsmann-4-1024x791.jpg
https://www.outdoorlife.com/app/uploads/2021/05/07/TMG-44-Mag-detail-1024x872.jpg;https://www.outdoorlife.com/uploads/2021/05/07/TMG-44-Mag-detail-1024x872.jpg
https://www.outdoorlife.com/app/uploads/2021/06/22/GooseHarvestNumbersChart2018.jpg;https://www.outdoorlife.com/uploads/2021/06/22/GooseHarvestNumbersChart2018.jpg
https://www.outdoorlife.com/app/uploads/2021/04/21/foraging.jpg;https://www.outdoorlife.com/uploads/2021/04/21/foraging.jpg
https://www.outdoorlife.com/app/uploads/2021/04/20/image1-2-768x1024.jpeg;https://www.outdoorlife.com/uploads/2021/04/20/image1-2-768x1024.jpeg
https://www.outdoorlife.com/files/editor_files/quad/buyers/2/yamaha-qor0209_yam131.jpg;https://www.outdoorlife.com/
https://www.outdoorlife.com/app/uploads/2021/03/24/RC76I6WQLVEPVHPTKCX6GWTZCE-1024x683.jpg;https://www.outdoorlife.com/uploads/2021/03/24/RC76I6WQLVEPVHPTKCX6GWTZCE-1024x683.jpg
https://www.outdoorlife.com/app/uploads/2021/04/27/BlueBasinMap-1024x606.jpg;https://www.outdoorlife.com/uploads/2021/04/27/BlueBasinMap-1024x606.jpg
https://www.outdoorlife.com/app/uploads/2021/06/25/DSC0060-1024x683.jpeg;https://www.outdoorlife.com/uploads/2021/06/25/DSC0060-1024x683.jpeg
https://www.outdoorlife.com/app/uploads/2021/03/26/Gerry_bethge_quonset_edit-1024x553.jpg;https://www.outdoorlife.com/uploads/2021/03/26/Gerry_bethge_quonset_edit-1024x553.jpg
https://www.outdoorlife.com/app/uploads/2019/01/23/6KJHAIVY3VMDG4LL4HOI6VJL6I.jpg;https://www.outdoorlife.com/uploads/2019/01/23/6KJHAIVY3VMDG4LL4HOI6VJL6I.jpg
https://www.outdoorlife.com/app/uploads/2021/06/28/1_2021-Ford-Bronco_Drive_17-1024x681.jpg;https://www.outdoorlife.com/uploads/2021/06/28/1_2021-Ford-Bronco_Drive_17-1024x681.jpg
https://www.outdoorlife.com/files/editor_files/quad/buyers/4/can-am-qor0209_can031.jpg;https://www.outdoorlife.com/
https://www.outdoorlife.com/files/editor_files/quad/buyers/4/kymco-mongoose-50-youth.jpg;https://www.outdoorlife.com/
https://www.outdoorlife.com/files/editor_files/quad/workshop_snorkel/snorkel-step-4.jpg;https://www.outdoorlife.com/
https://www.outdoorlife.com/app/uploads/2021/06/28/2_2021-Ford-Bronco_Drive_34-1024x683.jpg;https://www.outdoorlife.com/uploads/2021/06/28/2_2021-Ford-Bronco_Drive_34-1024x683.jpg
https://www.outdoorlife.com/app/uploads/2021/05/26/17_SQ-1024x1024.jpg;https://www.outdoorlife.com/uploads/2021/05/26/17_SQ-1024x1024.jpg
https://www.outdoorlife.com/app/uploads/2021/03/30/chip.fire_.jpg;https://www.outdoorlife.com/uploads/2021/03/30/chip.fire_.jpg
https://www.outdoorlife.com/app/uploads/2021/05/26/22_SQ-1024x1024.jpg;https://www.outdoorlife.com/uploads/2021/05/26/22_SQ-1024x1024.jpg
https://www.outdoorlife.com/app/uploads/2021/06/15/Chevrolet-Colorado-ZR2-1024x576.jpg;https://www.outdoorlife.com/uploads/2021/06/15/Chevrolet-Colorado-ZR2-1024x576.jpg
https://www.outdoorlife.com/app/uploads/2021/04/07/Surrept24Pouches-1024x682.jpg;https://www.outdoorlife.com/uploads/2021/04/07/Surrept24Pouches-1024x682.jpg
https://www.outdoorlife.com/app/uploads/2021/04/03/Tristar-Viper-G2.jpg;https://www.outdoorlife.com/uploads/2021/04/03/Tristar-Viper-G2.jpg
https://www.outdoorlife.com/app/uploads/2021/04/12/caribou-1024x683.jpeg;https://www.outdoorlife.com/uploads/2021/04/12/caribou-1024x683.jpeg
https://www.outdoorlife.com/app/uploads/2021/06/28/4_2021-Ford-Bronco_Drive_15-1-1024x681.jpg;https://www.outdoorlife.com/uploads/2021/06/28/4_2021-Ford-Bronco_Drive_15-1-1024x681.jpg
https://www.outdoorlife.com/app/uploads/2021/06/16/Vortex-fury-1024x598.png;https://www.outdoorlife.com/uploads/2021/06/16/Vortex-fury-1024x598.png
https://www.outdoorlife.com/files/editor_files/quad/buyers/2/yamaha-qor0209_yam181.jpg;https://www.outdoorlife.com/
https://www.outdoorlife.com/app/uploads/2021/06/24/Lake-vermillion.png;https://www.outdoorlife.com/uploads/2021/06/24/Lake-vermillion.png
https://www.outdoorlife.com/files/editor_files/quad/buyers/2/can-am-qor0209_can141.jpg;https://www.outdoorlife.com/
https://www.outdoorlife.com/app/uploads/2021/05/17/Screenshot_20170501-181517-01-1024x583.jpg;https://www.outdoorlife.com/uploads/2021/05/17/Screenshot_20170501-181517-01-1024x583.jpg
https://www.outdoorlife.com/app/uploads/2021/06/10/Tongass-Hike.jpeg;https://www.outdoorlife.com/uploads/2021/06/10/Tongass-Hike.jpeg
https://www.outdoorlife.com/app/uploads/2021/05/27/Follow-Through-1024x802.jpeg;https://www.outdoorlife.com/uploads/2021/05/27/Follow-Through-1024x802.jpeg
https://www.outdoorlife.com/app/uploads/2021/06/03/flares-1024x768.jpg;https://www.outdoorlife.com/uploads/2021/06/03/flares-1024x768.jpg
https://www.outdoorlife.com/app/uploads/2021/05/26/fawn_head.jpg;https://www.outdoorlife.com/uploads/2021/05/26/fawn_head.jpg
https://www.outdoorlife.com/files/editor_files/quad/buyers/2/polaris-qor0209_pol061.jpg;https://www.outdoorlife.com/
https://www.outdoorlife.com/files/editor_files/quad/workshop_snorkel/snorkel-step-2.jpg;https://www.outdoorlife.com/
https://www.outdoorlife.com/files/editor_files/quad/products/arctic-logo.jpg;https://www.outdoorlife.com/
https://www.outdoorlife.com/app/uploads/2021/06/02/PA-5-1024x683.jpg;https://www.outdoorlife.com/uploads/2021/06/02/PA-5-1024x683.jpg
https://www.outdoorlife.com/app/uploads/2021/06/24/Chevrolet-K1500-RL-GNZLZ-CCA-2.0-Wikimedia-Commons-Flickr-1024x768.jpg;https://www.outdoorlife.com/uploads/2021/06/24/Chevrolet-K1500-RL-GNZLZ-CCA-2.0-Wikimedia-Commons-Flickr-1024x768.jpg
https://www.outdoorlife.com/app/uploads/2021/06/24/Alex_smallmouth.jpeg;https://www.outdoorlife.com/uploads/2021/06/24/Alex_smallmouth.jpeg
https://www.outdoorlife.com/app/uploads/2021/06/03/IMG_3744-1024x683.jpg;https://www.outdoorlife.com/uploads/2021/06/03/IMG_3744-1024x683.jpg
https://www.outdoorlife.com/app/uploads/2021/04/14/17-Remington-20-gr.-B.C.-.183-982x1024.png;https://www.outdoorlife.com/uploads/2021/04/14/17-Remington-20-gr.-B.C.-.183-982x1024.png
https://www.outdoorlife.com/files/editor_files/quad/buyers/2/ktm-qor0209_ktm011.jpg;https://www.outdoorlife.com/
https://www.outdoorlife.com/app/uploads/2021/03/30/fresnel.lens_-rotated.jpg;https://www.outdoorlife.com/uploads/2021/03/30/fresnel.lens_-rotated.jpg
https://www.outdoorlife.com/files/editor_files/quad/features/hid-retro-layout.600x470.jpg;https://www.outdoorlife.com/
https://www.outdoorlife.com/app/uploads/2021/04/20/Teton-1.jpg;https://www.outdoorlife.com/uploads/2021/04/20/Teton-1.jpg
https://www.outdoorlife.com/app/uploads/2021/04/27/Blind58_Boathouse_Entry-1024x683.jpg;https://www.outdoorlife.com/uploads/2021/04/27/Blind58_Boathouse_Entry-1024x683.jpg
https://www.outdoorlife.com/files/editor_files/quad/buyers/2/yamaha-qor0209_yam121.jpg;https://www.outdoorlife.com/
https://www.outdoorlife.com/app/uploads/2021/04/21/planning.jpg;https://www.outdoorlife.com/uploads/2021/04/21/planning.jpg
https://www.outdoorlife.com/app/uploads/2021/04/03/Stoeger-Coach-Gun.png;https://www.outdoorlife.com/uploads/2021/04/03/Stoeger-Coach-Gun.png
https://www.outdoorlife.com/app/uploads/2021/06/15/MOVEABLE-SIGHT-1024x768.jpeg;https://www.outdoorlife.com/uploads/2021/06/15/MOVEABLE-SIGHT-1024x768.jpeg
https://www.outdoorlife.com/app/uploads/2021/06/16/fury-hd.jpeg;https://www.outdoorlife.com/uploads/2021/06/16/fury-hd.jpeg
https://www.outdoorlife.com/app/uploads/2021/06/28/3_2021-Ford-Bronco_Drive_19-1-1024x683.jpg;https://www.outdoorlife.com/uploads/2021/06/28/3_2021-Ford-Bronco_Drive_19-1-1024x683.jpg
https://www.outdoorlife.com/app/uploads/2021/04/27/Chance_Black_Courtesy_Cody_Black.jpg;https://www.outdoorlife.com/uploads/2021/04/27/Chance_Black_Courtesy_Cody_Black.jpg
https://www.outdoorlife.com/app/uploads/2021/04/20/bows2-1024x954.jpg;https://www.outdoorlife.com/uploads/2021/04/20/bows2-1024x954.jpg
https://www.outdoorlife.com/app/uploads/2021/06/15/Jeep-Cherokee-1024x576.jpg;https://www.outdoorlife.com/uploads/2021/06/15/Jeep-Cherokee-1024x576.jpg
https://www.outdoorlife.com/app/uploads/2021/05/05/small_game-1024x1024.jpeg;https://www.outdoorlife.com/uploads/2021/05/05/small_game-1024x1024.jpeg
https://www.outdoorlife.com/files/editor_files/quad/buyers/2/yamaha-qor1108_yam011.thumbnail.jpg;https://www.outdoorlife.com/
https://www.outdoorlife.com/app/uploads/2021/04/27/2018-line-taper-design-1024x302.jpg;https://www.outdoorlife.com/uploads/2021/04/27/2018-line-taper-design-1024x302.jpg
https://www.outdoorlife.com/app/uploads/2021/03/25/ELK-WV-ELK-COW-AND-CALF-MARK-BIAS-PHOTO-2020-1024x683.jpg;https://www.outdoorlife.com/uploads/2021/03/25/ELK-WV-ELK-COW-AND-CALF-MARK-BIAS-PHOTO-2020-1024x683.jpg
https://www.outdoorlife.com/app/uploads/2021/06/22/DU_figs_all_birds_v04-1024x791.jpg;https://www.outdoorlife.com/uploads/2021/06/22/DU_figs_all_birds_v04-1024x791.jpg
https://www.outdoorlife.com/app/uploads/2021/06/16/vortex-fury_1.jpeg;https://www.outdoorlife.com/uploads/2021/06/16/vortex-fury_1.jpeg
https://www.outdoorlife.com/files/editor_files/quad/top_10_tires/water-weight.jpg;https://www.outdoorlife.com/
https://www.outdoorlife.com/files/editor_files/quad/buyers/2/suzuki-qor1208_suz051.jpg;https://www.outdoorlife.com/
https://www.outdoorlife.com/files/editor_files/quad/buyers/2/polaris-qor0908_pol021.jpg;https://www.outdoorlife.com/
https://www.outdoorlife.com/files/editor_files/quad/buyers/2/can-am-qor0209_can131.jpg;https://www.outdoorlife.com/
https://www.outdoorlife.com/files/editor_files/quad/buyers/2/honda-qor1008_spe021.jpg;https://www.outdoorlife.com/
https://www.outdoorlife.com/files/editor_files/quad/buyers/4/kymco-qor0209_kym031.jpg;https://www.outdoorlife.com/
https://www.outdoorlife.com/app/uploads/2021/05/07/TMG-38-Spl-Revolver-1024x683.jpg;https://www.outdoorlife.com/uploads/2021/05/07/TMG-38-Spl-Revolver-1024x683.jpg
https://www.outdoorlife.com/files/editor_files/quad/buyers/2/can-am-can-am-q1093e831.jpg;https://www.outdoorlife.com/
https://www.outdoorlife.com/app/uploads/2021/03/25/federal-land-ownership-bar-chart.jpeg;https://www.outdoorlife.com/uploads/2021/03/25/federal-land-ownership-bar-chart.jpeg
https://www.outdoorlife.com/app/uploads/2021/04/19/3_shotshell-patterns-1024x683.jpg;https://www.outdoorlife.com/uploads/2021/04/19/3_shotshell-patterns-1024x683.jpg
https://www.outdoorlife.com/app/uploads/2021/04/14/Benelli-HK-1024x683.jpeg;https://www.outdoorlife.com/uploads/2021/04/14/Benelli-HK-1024x683.jpeg
https://www.outdoorlife.com/app/uploads/2021/06/02/PA-2-1024x683.jpg;https://www.outdoorlife.com/uploads/2021/06/02/PA-2-1024x683.jpg
https://www.outdoorlife.com/app/uploads/2021/06/04/lymerange.png;https://www.outdoorlife.com/uploads/2021/06/04/lymerange.png
https://www.outdoorlife.com/app/uploads/2021/03/26/montana_public_land_mule_deer-1024x1024.jpg;https://www.outdoorlife.com/uploads/2021/03/26/montana_public_land_mule_deer-1024x1024.jpg
https://www.outdoorlife.com/app/uploads/2021/05/20/chilieconquesoburger-1024x682.jpg;https://www.outdoorlife.com/uploads/2021/05/20/chilieconquesoburger-1024x682.jpg
https://www.outdoorlife.com/files/editor_files/quad/5_ways_to_keep/lock.thumbnail.jpg;https://www.outdoorlife.com/
https://www.outdoorlife.com/app/uploads/2021/05/27/full-draw-2.jpeg;https://www.outdoorlife.com/uploads/2021/05/27/full-draw-2.jpeg
https://www.outdoorlife.com/app/uploads/2021/06/14/MCAB9031-1024x683.jpg;https://www.outdoorlife.com/uploads/2021/06/14/MCAB9031-1024x683.jpg
https://www.outdoorlife.com/app/uploads/2021/06/16/vortex-fury-hd-1024x768.jpeg;https://www.outdoorlife.com/uploads/2021/06/16/vortex-fury-hd-1024x768.jpeg
https://www.outdoorlife.com/app/uploads/2021/06/08/Browning-BPS-1024x164.jpg;https://www.outdoorlife.com/uploads/2021/06/08/Browning-BPS-1024x164.jpg
https://www.outdoorlife.com/app/uploads/2021/05/27/AC-5-1024x778.jpg;https://www.outdoorlife.com/uploads/2021/05/27/AC-5-1024x778.jpg
https://www.outdoorlife.com/app/uploads/2021/06/22/bow_practice_turkey_season-996x1024.jpg;https://www.outdoorlife.com/uploads/2021/06/22/bow_practice_turkey_season-996x1024.jpg
https://www.outdoorlife.com/app/uploads/2021/06/03/IMG_3721-1024x683.jpg;https://www.outdoorlife.com/uploads/2021/06/03/IMG_3721-1024x683.jpg
https://www.outdoorlife.com/app/uploads/2020/07/01/KY3QYIIDI5FK3NTV6GJHWJAEBY-1024x768.jpg;https://www.outdoorlife.com/uploads/2020/07/01/KY3QYIIDI5FK3NTV6GJHWJAEBY-1024x768.jpg
https://www.outdoorlife.com/files/editor_files/quad/workshop_snorkel/snorkel-step-1.jpg;https://www.outdoorlife.com/
https://www.outdoorlife.com/app/uploads/2021/06/07/subscriber-label-OL.png;https://www.outdoorlife.com/uploads/2021/06/07/subscriber-label-OL.png
https://www.outdoorlife.com/app/uploads/2021/04/14/300-Blackout-221-Fireball-1024x768.jpg;https://www.outdoorlife.com/uploads/2021/04/14/300-Blackout-221-Fireball-1024x768.jpg
https://www.outdoorlife.com/app/uploads/2021/04/21/Screen-Shot-2021-04-20-at-3.32.27-PM.png;https://www.outdoorlife.com/uploads/2021/04/21/Screen-Shot-2021-04-20-at-3.32.27-PM.png
https://www.outdoorlife.com/app/uploads/2021/05/21/T-4-1024x509.jpg;https://www.outdoorlife.com/uploads/2021/05/21/T-4-1024x509.jpg
https://www.outdoorlife.com/app/uploads/2021/04/27/David_Vowell_Dog_Courtesy_Richard_Vowell-1024x768.jpg;https://www.outdoorlife.com/uploads/2021/04/27/David_Vowell_Dog_Courtesy_Richard_Vowell-1024x768.jpg
https://www.outdoorlife.com/app/uploads/2021/04/03/Henry-Lever-Action-Side-Gate-1024x266.jpg;https://www.outdoorlife.com/uploads/2021/04/03/Henry-Lever-Action-Side-Gate-1024x266.jpg
https://www.outdoorlife.com/app/uploads/2021/03/25/8628-1024x768.jpg;https://www.outdoorlife.com/uploads/2021/03/25/8628-1024x768.jpg
https://www.outdoorlife.com/app/uploads/2021/05/03/DeltaPoint-Micro-178745-A-16-840x1024.jpg;https://www.outdoorlife.com/uploads/2021/05/03/DeltaPoint-Micro-178745-A-16-840x1024.jpg
https://www.outdoorlife.com/app/uploads/2021/04/14/204-Ruger-40-gr.-B.C.-225-991x1024.png;https://www.outdoorlife.com/uploads/2021/04/14/204-Ruger-40-gr.-B.C.-225-991x1024.png
https://www.outdoorlife.com/app/uploads/2021/05/24/bushnellforge3-1024x682.jpeg;https://www.outdoorlife.com/uploads/2021/05/24/bushnellforge3-1024x682.jpeg
https://www.outdoorlife.com/files/editor_files/quad/buyers/2/can-am-qor0908_can121.jpg;https://www.outdoorlife.com/
https://www.outdoorlife.com/app/uploads/2021/05/17/IMAG5599_1-1024x768.jpg;https://www.outdoorlife.com/uploads/2021/05/17/IMAG5599_1-1024x768.jpg
https://www.outdoorlife.com/app/uploads/2021/04/21/camp-1024x768.jpg;https://www.outdoorlife.com/uploads/2021/04/21/camp-1024x768.jpg
https://www.outdoorlife.com/app/uploads/2021/04/06/IMG_3681-593x1024.jpeg;https://www.outdoorlife.com/uploads/2021/04/06/IMG_3681-593x1024.jpeg
https://www.outdoorlife.com/app/uploads/2021/03/30/steel.wool_-1024x768.jpg;https://www.outdoorlife.com/uploads/2021/03/30/steel.wool_-1024x768.jpg
https://www.outdoorlife.com/app/uploads/2019/01/23/ZFRAZC4PHEHLUCMYXCZDL5CMYY.jpg;https://www.outdoorlife.com/uploads/2019/01/23/ZFRAZC4PHEHLUCMYXCZDL5CMYY.jpg
https://www.outdoorlife.com/app/uploads/2021/03/30/permanganate.jpg;https://www.outdoorlife.com/uploads/2021/03/30/permanganate.jpg
https://www.outdoorlife.com/app/uploads/2021/06/15/Chevrolet-1500-1024x576.jpg;https://www.outdoorlife.com/uploads/2021/06/15/Chevrolet-1500-1024x576.jpg
https://www.outdoorlife.com/app/uploads/2021/04/21/mirror.jpg;https://www.outdoorlife.com/uploads/2021/04/21/mirror.jpg
https://www.outdoorlife.com/app/uploads/2021/03/31/2.-Panther-Fawn-1024x768.jpeg;https://www.outdoorlife.com/uploads/2021/03/31/2.-Panther-Fawn-1024x768.jpeg
https://www.outdoorlife.com/app/uploads/2021/04/08/game_camera_record_elk-1024x768.jpg;https://www.outdoorlife.com/uploads/2021/04/08/game_camera_record_elk-1024x768.jpg
https://www.outdoorlife.com/app/uploads/2021/04/20/Join-or-Die-Photo-Credit-Scott-Einsmann-8-1024x683.jpg;https://www.outdoorlife.com/uploads/2021/04/20/Join-or-Die-Photo-Credit-Scott-Einsmann-8-1024x683.jpg
https://www.outdoorlife.com/files/editor_files/quad/buyers/2/ktm-qor0209_ktm021.thumbnail.jpg;https://www.outdoorlife.com/
https://www.outdoorlife.com/app/uploads/2021/06/15/Dodge-Ram-3500-1024x576.jpg;https://www.outdoorlife.com/uploads/2021/06/15/Dodge-Ram-3500-1024x576.jpg
https://www.outdoorlife.com/app/uploads/2021/05/02/Detroit-River-Lake-Sturgeon-768x1024.jpg;https://www.outdoorlife.com/uploads/2021/05/02/Detroit-River-Lake-Sturgeon-768x1024.jpg
https://www.outdoorlife.com/files/editor_files/quad/buyers/2/kawisaki-qor1008_kaw09.jpg;https://www.outdoorlife.com/
https://www.outdoorlife.com/app/uploads/2021/04/08/oshea_field_photo_record_archery_elk.jpg;https://www.outdoorlife.com/uploads/2021/04/08/oshea_field_photo_record_archery_elk.jpg
https://www.outdoorlife.com/files/editor_files/quad/buyers/4/kymco-qor0209_kym021.jpg;https://www.outdoorlife.com/
https://www.outdoorlife.com/app/uploads/2021/06/10/194273315_10159198068989294_2079135783864523300_n.jpg;https://www.outdoorlife.com/uploads/2021/06/10/194273315_10159198068989294_2079135783864523300_n.jpg
https://www.outdoorlife.com/app/uploads/2021/06/08/theauthor-937x1024.jpg;https://www.outdoorlife.com/uploads/2021/06/08/theauthor-937x1024.jpg
https://www.outdoorlife.com/files/editor_files/quad/features/lsh16035.450x600.jpg;https://www.outdoorlife.com/
https://www.outdoorlife.com/app/uploads/2021/05/18/Zeiss-Victory-RF-ergonomic-design.jpeg;https://www.outdoorlife.com/uploads/2021/05/18/Zeiss-Victory-RF-ergonomic-design.jpeg
https://www.outdoorlife.com/app/uploads/2021/06/08/Mossberg-Flex-1024x233.jpg;https://www.outdoorlife.com/uploads/2021/06/08/Mossberg-Flex-1024x233.jpg
https://www.outdoorlife.com/app/uploads/2021/06/09/Mission-Sub-1-XR_hunter-1024x682.jpeg;https://www.outdoorlife.com/uploads/2021/06/09/Mission-Sub-1-XR_hunter-1024x682.jpeg
https://www.outdoorlife.com/files/editor_files/quad/5_ways_to_keep/insurance.thumbnail.jpg;https://www.outdoorlife.com/
https://www.outdoorlife.com/files/editor_files/quad/buyers/4/kawisaki-qor0209_kaw041.thumbnail.jpg;https://www.outdoorlife.com/
https://www.outdoorlife.com/app/uploads/2021/06/15/DSC0706-1024x683.jpeg;https://www.outdoorlife.com/uploads/2021/06/15/DSC0706-1024x683.jpeg
https://www.outdoorlife.com/app/uploads/2021/03/25/8637-1024x768.jpg;https://www.outdoorlife.com/uploads/2021/03/25/8637-1024x768.jpg
https://www.outdoorlife.com/files/editor_files/quad/buyers/2/can-am-qor0908_can071.jpg;https://www.outdoorlife.com/
https://www.outdoorlife.com/files/editor_files/quad/buyers/2/kymco-qor0209_kym051.jpg;https://www.outdoorlife.com/
https://www.outdoorlife.com/app/uploads/2021/06/08/Stoeger-P3000-1024x296.jpg;https://www.outdoorlife.com/uploads/2021/06/08/Stoeger-P3000-1024x296.jpg
https://www.outdoorlife.com/app/uploads/2021/04/07/WaistpackWPistol1-1024x978.jpg;https://www.outdoorlife.com/uploads/2021/04/07/WaistpackWPistol1-1024x978.jpg
https://www.outdoorlife.com/app/uploads/2021/04/19/1_Non-turkey-loads-1024x683.jpg;https://www.outdoorlife.com/uploads/2021/04/19/1_Non-turkey-loads-1024x683.jpg
https://www.outdoorlife.com/app/uploads/2021/06/24/Abu-Garcia-vs-Ugly-Stick-1024x767.png;https://www.outdoorlife.com/uploads/2021/06/24/Abu-Garcia-vs-Ugly-Stick-1024x767.png
https://www.outdoorlife.com/app/uploads/2021/04/14/AR-223-Fame-1024x683.jpg;https://www.outdoorlife.com/uploads/2021/04/14/AR-223-Fame-1024x683.jpg
https://www.outdoorlife.com/app/uploads/2019/01/23/UOMVCIO6E5RTMH4DKJ4WFASLIE.jpg;https://www.outdoorlife.com/uploads/2019/01/23/UOMVCIO6E5RTMH4DKJ4WFASLIE.jpg
https://www.outdoorlife.com/files/editor_files/quad/buyers/2/yamaha-qor0808_new221.jpg;https://www.outdoorlife.com/
https://www.outdoorlife.com/app/uploads/2021/04/08/oshea_bull_elk_euro.jpg;https://www.outdoorlife.com/uploads/2021/04/08/oshea_bull_elk_euro.jpg
https://www.outdoorlife.com/app/uploads/2021/03/24/5IW3IEPLWFHDTIRZYWKJEFZ5HU-1024x683.jpg;https://www.outdoorlife.com/uploads/2021/03/24/5IW3IEPLWFHDTIRZYWKJEFZ5HU-1024x683.jpg
https://www.outdoorlife.com/files/editor_files/quad/products/05210757a.600x379.jpg;https://www.outdoorlife.com/
https://www.outdoorlife.com/app/uploads/2021/06/24/2020-Chevrolet-Silverado-TrailBoss-060-1024x683.jpg;https://www.outdoorlife.com/uploads/2021/06/24/2020-Chevrolet-Silverado-TrailBoss-060-1024x683.jpg
https://www.outdoorlife.com/files/editor_files/quad/features/mud_rebel_kits_mounted3.440x600.jpg;https://www.outdoorlife.com/
https://www.outdoorlife.com/files/editor_files/quad/features/mud_rebel_kits_beauty.404x600.jpg;https://www.outdoorlife.com/
https://www.outdoorlife.com/app/uploads/2021/05/18/DSC5876-1024x683.jpg;https://www.outdoorlife.com/uploads/2021/05/18/DSC5876-1024x683.jpg
https://www.outdoorlife.com/app/uploads/2021/05/18/DSC00178-1024x683.jpg;https://www.outdoorlife.com/uploads/2021/05/18/DSC00178-1024x683.jpg
https://www.outdoorlife.com/app/uploads/2021/05/18/DSC00876-1024x683.jpg;https://www.outdoorlife.com/uploads/2021/05/18/DSC00876-1024x683.jpg
https://www.outdoorlife.com/app/uploads/2021/06/03/7L9A5113-1024x683.jpg;https://www.outdoorlife.com/uploads/2021/06/03/7L9A5113-1024x683.jpg
https://www.outdoorlife.com/app/uploads/2021/06/03/Syren_Tempio_Sporting_profile_no_roses-1024x192.png;https://www.outdoorlife.com/uploads/2021/06/03/Syren_Tempio_Sporting_profile_no_roses-1024x192.png
https://www.outdoorlife.com/app/uploads/2021/06/03/7L9A5123-1024x683.jpg;https://www.outdoorlife.com/uploads/2021/06/03/7L9A5123-1024x683.jpg
https://www.outdoorlife.com/app/uploads/2021/06/03/41080-Affinity-3.0-Compact-SYN-20_24-Silo-1024x305.jpg;https://www.outdoorlife.com/uploads/2021/06/03/41080-Affinity-3.0-Compact-SYN-20_24-Silo-1024x305.jpg
https://www.outdoorlife.com/app/uploads/2021/06/03/Screen-Shot-2021-06-03-at-1.41.25-PM.png;https://www.outdoorlife.com/uploads/2021/06/03/Screen-Shot-2021-06-03-at-1.41.25-PM.png
https://www.outdoorlife.com/app/uploads/2021/06/03/Winchester-SX4-Composite-511205392-1024x154.jpg;https://www.outdoorlife.com/uploads/2021/06/03/Winchester-SX4-Composite-511205392-1024x154.jpg
https://www.outdoorlife.com/app/uploads/2021/06/03/7L9A5529-1024x741.jpg;https://www.outdoorlife.com/uploads/2021/06/03/7L9A5529-1024x741.jpg
https://www.outdoorlife.com/app/uploads/2021/06/21/23719566_1.jpg;https://www.outdoorlife.com/uploads/2021/06/21/23719566_1.jpg
https://www.outdoorlife.com/app/uploads/2021/06/21/H22021-L233451078.jpg;https://www.outdoorlife.com/uploads/2021/06/21/H22021-L233451078.jpg
https://www.outdoorlife.com/app/uploads/2021/06/21/Screen-Shot-2021-06-21-at-2.14.27-PM.png;https://www.outdoorlife.com/uploads/2021/06/21/Screen-Shot-2021-06-21-at-2.14.27-PM.png
https://www.outdoorlife.com/app/uploads/2021/06/21/original.img_-1024x182.jpg;https://www.outdoorlife.com/uploads/2021/06/21/original.img_-1024x182.jpg
https://www.outdoorlife.com/app/uploads/2021/06/21/chester37.jpg;https://www.outdoorlife.com/uploads/2021/06/21/chester37.jpg
https://www.outdoorlife.com/app/uploads/2021/06/21/DSC0817-1024x683.jpeg;https://www.outdoorlife.com/uploads/2021/06/21/DSC0817-1024x683.jpeg
https://www.outdoorlife.com/app/uploads/2021/04/23/CZHammerCoach_8-1024x408.jpg;https://www.outdoorlife.com/uploads/2021/04/23/CZHammerCoach_8-1024x408.jpg
https://www.outdoorlife.com/app/uploads/2021/04/23/CZHammerCoach_12-1024x306.jpg;https://www.outdoorlife.com/uploads/2021/04/23/CZHammerCoach_12-1024x306.jpg
https://www.outdoorlife.com/app/uploads/2021/04/23/15z_CZHammerCoach_R_06130-1024x301.png;https://www.outdoorlife.com/uploads/2021/04/23/15z_CZHammerCoach_R_06130-1024x301.png
https://www.outdoorlife.com/app/uploads/2021/05/06/fabarmUSA-1024x459.jpeg;https://www.outdoorlife.com/uploads/2021/05/06/fabarmUSA-1024x459.jpeg
https://www.outdoorlife.com/app/uploads/2021/05/03/Fabarm-Autumn-profile-1024x214.png;https://www.outdoorlife.com/uploads/2021/05/03/Fabarm-Autumn-profile-1024x214.png
https://www.outdoorlife.com/app/uploads/2021/06/02/IMG_7533-scaled-1-1024x683.jpg;https://www.outdoorlife.com/uploads/2021/06/02/IMG_7533-scaled-1-1024x683.jpg
https://www.outdoorlife.com/app/uploads/2021/06/02/Screen-Shot-2021-06-02-at-11.39.19-AM.png;https://www.outdoorlife.com/uploads/2021/06/02/Screen-Shot-2021-06-02-at-11.39.19-AM.png
https://www.outdoorlife.com/app/uploads/2021/06/02/040919_EasternDiamondback_Hunter_01-1024x486.jpg;https://www.outdoorlife.com/uploads/2021/06/02/040919_EasternDiamondback_Hunter_01-1024x486.jpg
https://www.outdoorlife.com/app/uploads/2021/06/02/Mohave-Green.png;https://www.outdoorlife.com/uploads/2021/06/02/Mohave-Green.png
https://www.outdoorlife.com/app/uploads/2021/06/02/copperhead.jpg;https://www.outdoorlife.com/uploads/2021/06/02/copperhead.jpg
https://www.outdoorlife.com/app/uploads/2021/06/02/image-1024x686.png;https://www.outdoorlife.com/uploads/2021/06/02/image-1024x686.png
https://www.outdoorlife.com/app/uploads/2021/06/02/Timber-Rattlesnake_Clay-Barnes.jpg;https://www.outdoorlife.com/uploads/2021/06/02/Timber-Rattlesnake_Clay-Barnes.jpg
https://www.outdoorlife.com/app/uploads/2021/06/02/Screen-Shot-2021-06-02-at-11.12.28-AM.png;https://www.outdoorlife.com/uploads/2021/06/02/Screen-Shot-2021-06-02-at-11.12.28-AM.png
https://www.outdoorlife.com/app/uploads/2021/06/21/lizroyer-1024x892.png;https://www.outdoorlife.com/uploads/2021/06/21/lizroyer-1024x892.png
https://www.outdoorlife.com/app/uploads/2021/06/07/NINTCHDBPICT000657133547.jpg;https://www.outdoorlife.com/uploads/2021/06/07/NINTCHDBPICT000657133547.jpg
https://www.outdoorlife.com/app/uploads/2021/06/23/stunna1.jpg;https://www.outdoorlife.com/uploads/2021/06/23/stunna1.jpg
https://www.outdoorlife.com/app/uploads/2021/06/23/362255274541223454-1-768x1024.jpg;https://www.outdoorlife.com/uploads/2021/06/23/362255274541223454-1-768x1024.jpg
https://www.outdoorlife.com/app/uploads/2021/04/30/IMG_1563-1024x768.jpg;https://www.outdoorlife.com/uploads/2021/04/30/IMG_1563-1024x768.jpg
https://www.outdoorlife.com/app/uploads/2021/04/30/IMG_0131-1024x768.jpg;https://www.outdoorlife.com/uploads/2021/04/30/IMG_0131-1024x768.jpg
https://www.outdoorlife.com/app/uploads/2021/01/14/AQ6H22E7JFBKNCLAS4MRVW242U-1024x768.jpg;https://www.outdoorlife.com/uploads/2021/01/14/AQ6H22E7JFBKNCLAS4MRVW242U-1024x768.jpg
https://www.outdoorlife.com/app/uploads/2021/01/14/3YZFJ2PTZBFNJBJMQU6UFGRW64-1024x768.jpg;https://www.outdoorlife.com/uploads/2021/01/14/3YZFJ2PTZBFNJBJMQU6UFGRW64-1024x768.jpg
https://www.outdoorlife.com/app/uploads/2021/01/14/6FCKJCMBNBBWXMDUPAW5B2WVSA-1024x768.jpg;https://www.outdoorlife.com/uploads/2021/01/14/6FCKJCMBNBBWXMDUPAW5B2WVSA-1024x768.jpg
https://www.outdoorlife.com/app/uploads/2021/01/14/D2WLIWS3FRGHZALEDQP2DSXS3E-1024x768.jpg;https://www.outdoorlife.com/uploads/2021/01/14/D2WLIWS3FRGHZALEDQP2DSXS3E-1024x768.jpg
https://www.outdoorlife.com/app/uploads/2021/01/14/PN5AZCINYVCFXI2XY6MZN6K3UM-1024x768.jpg;https://www.outdoorlife.com/uploads/2021/01/14/PN5AZCINYVCFXI2XY6MZN6K3UM-1024x768.jpg
https://www.outdoorlife.com/app/uploads/2021/01/14/DB6V5J2I4RHUPKZU5FTPY56QLM-1024x768.jpg;https://www.outdoorlife.com/uploads/2021/01/14/DB6V5J2I4RHUPKZU5FTPY56QLM-1024x768.jpg
https://www.outdoorlife.com/app/uploads/2021/01/14/MVGLBVQGSBEGJI5XTTSU5SMNUU-1024x768.jpg;https://www.outdoorlife.com/uploads/2021/01/14/MVGLBVQGSBEGJI5XTTSU5SMNUU-1024x768.jpg
https://www.outdoorlife.com/app/uploads/2021/01/14/AZ6Z72L3CJCH5E2MHDFWJWOWAE-1024x768.jpg;https://www.outdoorlife.com/uploads/2021/01/14/AZ6Z72L3CJCH5E2MHDFWJWOWAE-1024x768.jpg
https://www.outdoorlife.com/app/uploads/2021/01/14/W3FFNJZB4JCLTLUMNMBPVPPHY4-1024x632.jpg;https://www.outdoorlife.com/uploads/2021/01/14/W3FFNJZB4JCLTLUMNMBPVPPHY4-1024x632.jpg
https://www.outdoorlife.com/app/uploads/2021/01/14/F6MKLJW2JFCGXH6UQWDPGTPADQ-1024x768.jpg;https://www.outdoorlife.com/uploads/2021/01/14/F6MKLJW2JFCGXH6UQWDPGTPADQ-1024x768.jpg
https://www.outdoorlife.com/app/uploads/2021/01/14/T2RO4PUFZFEBPG6TWCP5JJPDBE-1024x768.jpg;https://www.outdoorlife.com/uploads/2021/01/14/T2RO4PUFZFEBPG6TWCP5JJPDBE-1024x768.jpg
https://www.outdoorlife.com/app/uploads/2021/01/14/EN7AI76BPZDNDNP5Y5ILKX4BUQ-1024x768.jpg;https://www.outdoorlife.com/uploads/2021/01/14/EN7AI76BPZDNDNP5Y5ILKX4BUQ-1024x768.jpg
https://www.outdoorlife.com/app/uploads/2021/01/14/7YDXXCH6SFGDJJ32FMTJX6GAHQ-1024x768.jpg;https://www.outdoorlife.com/uploads/2021/01/14/7YDXXCH6SFGDJJ32FMTJX6GAHQ-1024x768.jpg
https://www.outdoorlife.com/app/uploads/2021/01/14/PLJF5OF7KBCEZALORDX3J5D7X4-1024x768.jpg;https://www.outdoorlife.com/uploads/2021/01/14/PLJF5OF7KBCEZALORDX3J5D7X4-1024x768.jpg
https://www.outdoorlife.com/app/uploads/2021/01/14/42QYPFF4MZGCVL3ISSH2XMMHKU-1024x768.jpg;https://www.outdoorlife.com/uploads/2021/01/14/42QYPFF4MZGCVL3ISSH2XMMHKU-1024x768.jpg
https://www.outdoorlife.com/app/uploads/2021/01/14/7IUQTJSBXNA5VEMUIZPLM7KWGY-1024x768.jpg;https://www.outdoorlife.com/uploads/2021/01/14/7IUQTJSBXNA5VEMUIZPLM7KWGY-1024x768.jpg
https://www.outdoorlife.com/app/uploads/2021/05/11/S.-Cal.-Footfallfish-819x1024.jpg;https://www.outdoorlife.com/uploads/2021/05/11/S.-Cal.-Footfallfish-819x1024.jpg
https://www.outdoorlife.com/app/uploads/2021/06/17/IMG_8768-1024x768.jpg;https://www.outdoorlife.com/uploads/2021/06/17/IMG_8768-1024x768.jpg
https://www.outdoorlife.com/app/uploads/2021/04/09/3_jarring-jelly.png;https://www.outdoorlife.com/uploads/2021/04/09/3_jarring-jelly.png
https://www.outdoorlife.com/app/uploads/2021/04/09/2_strain-the-flowers-1024x724.jpeg;https://www.outdoorlife.com/uploads/2021/04/09/2_strain-the-flowers-1024x724.jpeg
https://www.outdoorlife.com/app/uploads/2021/06/22/Bachelor-Bucks-2-1024x683.jpg;https://www.outdoorlife.com/uploads/2021/06/22/Bachelor-Bucks-2-1024x683.jpg
https://www.outdoorlife.com/app/uploads/2021/06/22/Velvet-Bucks-Looking-1024x576.jpg;https://www.outdoorlife.com/uploads/2021/06/22/Velvet-Bucks-Looking-1024x576.jpg
https://www.outdoorlife.com/app/uploads/2021/06/22/Velvet-Glassing-1024x576.jpg;https://www.outdoorlife.com/uploads/2021/06/22/Velvet-Glassing-1024x576.jpg
https://www.outdoorlife.com/app/uploads/2021/05/28/embark-1024x1002.jpg;https://www.outdoorlife.com/uploads/2021/05/28/embark-1024x1002.jpg
https://www.outdoorlife.com/app/uploads/2021/05/28/drivenxt-1016x1024.jpg;https://www.outdoorlife.com/uploads/2021/05/28/drivenxt-1016x1024.jpg
https://www.outdoorlife.com/app/uploads/2021/05/28/brutenxt-1024x959.jpg;https://www.outdoorlife.com/uploads/2021/05/28/brutenxt-1024x959.jpg
https://www.outdoorlife.com/app/uploads/2021/05/28/carbonstealth-1024x970.jpg;https://www.outdoorlife.com/uploads/2021/05/28/carbonstealth-1024x970.jpg
https://www.outdoorlife.com/app/uploads/2021/05/28/miniburner-1012x1024.jpg;https://www.outdoorlife.com/uploads/2021/05/28/miniburner-1012x1024.jpg
https://www.outdoorlife.com/app/uploads/2021/05/28/EVL-1024x945.jpg;https://www.outdoorlife.com/uploads/2021/05/28/EVL-1024x945.jpg
https://www.outdoorlife.com/app/uploads/2021/05/28/stinger-1018x1024.jpg;https://www.outdoorlife.com/uploads/2021/05/28/stinger-1018x1024.jpg
https://www.outdoorlife.com/files/editor_files/quad/sneek_peak_2010/sm-5270-225x150.jpg;https://www.outdoorlife.com/
https://www.outdoorlife.com/files/editor_files/quad/sneek_peak_2010/sm-5240-225x150.jpg;https://www.outdoorlife.com/
https://www.outdoorlife.com/files/editor_files/quad/sneek_peak_2010/rangerev_blue_10_pr_r2-225x150.jpg;https://www.outdoorlife.com/
https://www.outdoorlife.com/files/editor_files/quad/sneek_peak_2010/sm-5240-600x399.jpg;https://www.outdoorlife.com/
https://www.outdoorlife.com/files/editor_files/quad/sneek_peak_2010/ranger6x6_grn_10_3q_r3-225x150.jpg;https://www.outdoorlife.com/
https://www.outdoorlife.com/files/editor_files/quad/sneek_peak_2010/rangercrew_mok_10_pr-225x150.jpg;https://www.outdoorlife.com/
https://www.outdoorlife.com/files/editor_files/quad/sneek_peak_2010/sm-5256-600x399.jpg;https://www.outdoorlife.com/
https://www.outdoorlife.com/files/editor_files/quad/sneek_peak_2010/sm-52561-600x399.jpg;https://www.outdoorlife.com/
https://www.outdoorlife.com/files/editor_files/quad/sneek_peak_2010/sm-52561-225x150.jpg;https://www.outdoorlife.com/
https://www.outdoorlife.com/files/editor_files/quad/sneek_peak_2010/spmn550tour_blue_10_3q_r2-225x150.jpg;https://www.outdoorlife.com/
https://www.outdoorlife.com/files/editor_files/quad/sneek_peak_2010/sm-5194-225x150.jpg;https://www.outdoorlife.com/
https://www.outdoorlife.com/files/editor_files/quad/sneek_peak_2010/sm-5270-399x600.jpg;https://www.outdoorlife.com/
https://www.outdoorlife.com/files/editor_files/quad/sneek_peak_2010/ranger500_red_10_3qr2-225x150.jpg;https://www.outdoorlife.com/
https://www.outdoorlife.com/files/editor_files/quad/sneek_peak_2010/spmntour500ho_red_10_3qr2-225x150.jpg;https://www.outdoorlife.com/
https://www.outdoorlife.com/files/editor_files/quad/sneek_peak_2010/trailboss_red_10_3q_r3-225x150.jpg;https://www.outdoorlife.com/
https://www.outdoorlife.com/files/editor_files/quad/sneek_peak_2010/sm-5184-225x150.jpg;https://www.outdoorlife.com/
https://www.outdoorlife.com/files/editor_files/quad/sneek_peak_2010/rangerev_blue_10_3q_r2-225x150.jpg;https://www.outdoorlife.com/
https://www.outdoorlife.com/files/editor_files/quad/sneek_peak_2010/spmn550x2_grn_10_pr_r3-225x150.jpg;https://www.outdoorlife.com/
https://www.outdoorlife.com/files/editor_files/quad/sneek_peak_2010/rangerhd_grn_10_pr_r2-225x150.jpg;https://www.outdoorlife.com/
https://www.outdoorlife.com/files/editor_files/quad/sneek_peak_2010/sm-5184-600x399.jpg;https://www.outdoorlife.com/
https://www.outdoorlife.com/files/editor_files/quad/sneek_peak_2010/sm-51841-225x150.jpg;https://www.outdoorlife.com/
https://www.outdoorlife.com/files/editor_files/quad/sneek_peak_2010/spmn850tour_blue_10_3q_r2-225x150.jpg;https://www.outdoorlife.com/
https://www.outdoorlife.com/files/editor_files/quad/sneek_peak_2010/trailblazer_red_10_3q_r2-225x150.jpg;https://www.outdoorlife.com/
https://www.outdoorlife.com/files/editor_files/quad/sneek_peak_2010/sm-5256-225x150.jpg;https://www.outdoorlife.com/
https://www.outdoorlife.com/files/editor_files/quad/sneek_peak_2010/rangerxp_grn_10_3qr2-225x150.jpg;https://www.outdoorlife.com/
https://www.outdoorlife.com/files/editor_files/quad/sneek_peak_2010/sm-5210-225x150.jpg;https://www.outdoorlife.com/
https://www.outdoorlife.com/files/editor_files/quad/sneek_peak_2010/scrambler_red_10_3q_r2-225x150.jpg;https://www.outdoorlife.com/
https://www.outdoorlife.com/files/editor_files/quad/features/1991-honda-fourtrax-200d.jpg;https://www.outdoorlife.com/
https://www.outdoorlife.com/files/editor_files/quad/features/1980-yamaha-trimoto-125.jpg;https://www.outdoorlife.com/
https://www.outdoorlife.com/files/editor_files/quad/features/1989-yamaha-pro-hauler.jpg;https://www.outdoorlife.com/
https://www.outdoorlife.com/files/editor_files/quad/features/1983-kawasaki-duckster-200.jpg;https://www.outdoorlife.com/
https://www.outdoorlife.com/files/editor_files/quad/features/1985-yamaha-tri-z-250.jpg;https://www.outdoorlife.com/
https://www.outdoorlife.com/files/editor_files/quad/features/1987-kawasaki-tecate-4.jpg;https://www.outdoorlife.com/
https://www.outdoorlife.com/files/editor_files/quad/features/1984-kawasaki-tecate-250.jpg;https://www.outdoorlife.com/
https://www.outdoorlife.com/files/editor_files/quad/features/picture-1.jpg;https://www.outdoorlife.com/
https://www.outdoorlife.com/files/editor_files/quad/features/1991-suzuki-kingquad.jpg;https://www.outdoorlife.com/
https://www.outdoorlife.com/files/editor_files/quad/features/2001-arctic-cat-250.jpg;https://www.outdoorlife.com/
https://www.outdoorlife.com/app/uploads/2021/04/16/Browning-BPS-1024x178.jpg;https://www.outdoorlife.com/uploads/2021/04/16/Browning-BPS-1024x178.jpg
https://www.outdoorlife.com/app/uploads/2021/04/16/A400-Xtreme-Unico-left-Handed-900px.jpg;https://www.outdoorlife.com/uploads/2021/04/16/A400-Xtreme-Unico-left-Handed-900px.jpg
https://www.outdoorlife.com/app/uploads/2021/04/16/Mossberg-935.png;https://www.outdoorlife.com/uploads/2021/04/16/Mossberg-935.png
https://www.outdoorlife.com/app/uploads/2021/04/15/benelli-super-black-eagle-3-1024x175.png;https://www.outdoorlife.com/uploads/2021/04/15/benelli-super-black-eagle-3-1024x175.png
https://www.outdoorlife.com/app/uploads/2021/04/16/TriStar-Viper-G2-1024x250.png;https://www.outdoorlife.com/uploads/2021/04/16/TriStar-Viper-G2-1024x250.png
https://www.outdoorlife.com/app/uploads/2021/04/16/Screen-Shot-2021-04-15-at-7.11.14-PM-1024x177.png;https://www.outdoorlife.com/uploads/2021/04/16/Screen-Shot-2021-04-15-at-7.11.14-PM-1024x177.png
https://www.outdoorlife.com/app/uploads/2021/04/01/Remington-1100-1024x216.png;https://www.outdoorlife.com/uploads/2021/04/01/Remington-1100-1024x216.png
https://www.outdoorlife.com/app/uploads/2021/04/01/Winchester-Model-50.jpg;https://www.outdoorlife.com/uploads/2021/04/01/Winchester-Model-50.jpg
https://www.outdoorlife.com/app/uploads/2021/04/01/Multiple-Ithaca-Mag-10s-1024x549.png;https://www.outdoorlife.com/uploads/2021/04/01/Multiple-Ithaca-Mag-10s-1024x549.png
https://www.outdoorlife.com/app/uploads/2021/03/25/Ithaca-model-37-1024x299.jpg;https://www.outdoorlife.com/uploads/2021/03/25/Ithaca-model-37-1024x299.jpg
https://www.outdoorlife.com/app/uploads/2021/03/25/Winchester-21-1024x223.png;https://www.outdoorlife.com/uploads/2021/03/25/Winchester-21-1024x223.png
https://www.outdoorlife.com/app/uploads/2021/03/25/remington-model-870-1.jpg;https://www.outdoorlife.com/uploads/2021/03/25/remington-model-870-1.jpg
https://www.outdoorlife.com/app/uploads/2021/03/25/Remington-Model-17.png;https://www.outdoorlife.com/uploads/2021/03/25/Remington-Model-17.png
https://www.outdoorlife.com/app/uploads/2021/05/21/turkey_hunter_fan-1024x996.jpg;https://www.outdoorlife.com/uploads/2021/05/21/turkey_hunter_fan-1024x996.jpg
https://www.outdoorlife.com/app/uploads/2021/04/29/IMG_20210419_194104-01-1024x768.jpeg;https://www.outdoorlife.com/uploads/2021/04/29/IMG_20210419_194104-01-1024x768.jpeg
https://www.outdoorlife.com/app/uploads/2021/04/29/IMG_20210420_172440_Bokeh-01-1024x768.jpeg;https://www.outdoorlife.com/uploads/2021/04/29/IMG_20210420_172440_Bokeh-01-1024x768.jpeg
https://www.outdoorlife.com/app/uploads/2021/04/23/hdrhen.jpeg;https://www.outdoorlife.com/uploads/2021/04/23/hdrhen.jpeg
https://www.outdoorlife.com/app/uploads/2021/04/25/Mark-It-2--1024x683.jpg;https://www.outdoorlife.com/uploads/2021/04/25/Mark-It-2--1024x683.jpg
https://www.outdoorlife.com/app/uploads/2021/04/25/Rub-Line-On-Bedding-Area-1024x683.jpg;https://www.outdoorlife.com/uploads/2021/04/25/Rub-Line-On-Bedding-Area-1024x683.jpg
https://www.outdoorlife.com/app/uploads/2021/04/16/Bass-fingerlings-in-hand-Arkansas-GFD.jpg;https://www.outdoorlife.com/uploads/2021/04/16/Bass-fingerlings-in-hand-Arkansas-GFD.jpg
https://www.outdoorlife.com/app/uploads/2021/06/16/Howa-Carb-Stalker-008-1024x683.jpg;https://www.outdoorlife.com/uploads/2021/06/16/Howa-Carb-Stalker-008-1024x683.jpg
https://www.outdoorlife.com/app/uploads/2021/06/16/CarbonStalker_MiniThreaded-1024x300.png;https://www.outdoorlife.com/uploads/2021/06/16/CarbonStalker_MiniThreaded-1024x300.png
https://www.outdoorlife.com/app/uploads/2021/06/16/Howa-Carb-Stalker-005-1024x683.jpg;https://www.outdoorlife.com/uploads/2021/06/16/Howa-Carb-Stalker-005-1024x683.jpg
https://www.outdoorlife.com/app/uploads/2021/06/16/Howa-Carb-Stalker-004-1024x676.jpg;https://www.outdoorlife.com/uploads/2021/06/16/Howa-Carb-Stalker-004-1024x676.jpg
https://www.outdoorlife.com/app/uploads/2021/06/08/COL_6450-1024x758.jpg;https://www.outdoorlife.com/uploads/2021/06/08/COL_6450-1024x758.jpg
https://www.outdoorlife.com/app/uploads/2021/04/13/PS21971-1024x761.jpg;https://www.outdoorlife.com/uploads/2021/04/13/PS21971-1024x761.jpg
https://www.outdoorlife.com/app/uploads/2021/04/13/N45A1327-1024x683.jpg;https://www.outdoorlife.com/uploads/2021/04/13/N45A1327-1024x683.jpg
https://www.outdoorlife.com/app/uploads/2021/04/12/stacks-of-65-creedmoor-768x1024.jpg;https://www.outdoorlife.com/uploads/2021/04/12/stacks-of-65-creedmoor-768x1024.jpg
https://www.outdoorlife.com/app/uploads/2021/04/09/gunbroker-1024x591.png;https://www.outdoorlife.com/uploads/2021/04/09/gunbroker-1024x591.png
https://www.outdoorlife.com/app/uploads/2021/04/12/box_of_ammo-1024x722.jpg;https://www.outdoorlife.com/uploads/2021/04/12/box_of_ammo-1024x722.jpg
https://www.outdoorlife.com/app/uploads/2021/04/17/nyc_bowhunter_waiting_for_bus-768x1024.jpg;https://www.outdoorlife.com/uploads/2021/04/17/nyc_bowhunter_waiting_for_bus-768x1024.jpg
https://www.outdoorlife.com/app/uploads/2021/04/19/Mobile-Bay.jpg;https://www.outdoorlife.com/uploads/2021/04/19/Mobile-Bay.jpg
https://www.outdoorlife.com/app/uploads/2019/01/23/GOMAQCFPPILY3NZKXKR5I6XEVA.jpg;https://www.outdoorlife.com/uploads/2019/01/23/GOMAQCFPPILY3NZKXKR5I6XEVA.jpg
https://www.outdoorlife.com/app/uploads/2019/01/23/ZSX6AN3FDLZQACX5TDMET7CUKM.jpg;https://www.outdoorlife.com/uploads/2019/01/23/ZSX6AN3FDLZQACX5TDMET7CUKM.jpg
https://www.outdoorlife.com/app/uploads/2019/01/23/FT3FVUUJYORCMWBYQK3ECEIBLQ.jpg;https://www.outdoorlife.com/uploads/2019/01/23/FT3FVUUJYORCMWBYQK3ECEIBLQ.jpg
https://www.outdoorlife.com/app/uploads/2019/01/23/CLOQEQ6HLW7IJWC565S5GVROL4.jpg;https://www.outdoorlife.com/uploads/2019/01/23/CLOQEQ6HLW7IJWC565S5GVROL4.jpg
https://www.outdoorlife.com/app/uploads/2019/01/23/IOJG3F2TRCV77L4X3HZMOHVIF4.jpg;https://www.outdoorlife.com/uploads/2019/01/23/IOJG3F2TRCV77L4X3HZMOHVIF4.jpg
https://www.outdoorlife.com/app/uploads/2019/01/23/F3J55YFNCOJ3YRU6FLRRYMMCBE.jpg;https://www.outdoorlife.com/uploads/2019/01/23/F3J55YFNCOJ3YRU6FLRRYMMCBE.jpg
https://www.outdoorlife.com/app/uploads/2021/04/12/western_arctic_caribou_herd_population-1024x532.png;https://www.outdoorlife.com/uploads/2021/04/12/western_arctic_caribou_herd_population-1024x532.png
https://www.outdoorlife.com/app/uploads/2021/04/27/Vowell_Courtesy_John_reynolds-copy.jpg;https://www.outdoorlife.com/uploads/2021/04/27/Vowell_Courtesy_John_reynolds-copy.jpg
https://www.outdoorlife.com/app/uploads/2021/04/27/Reelfoot_Bayou_Du_Chein-1024x668.jpg;https://www.outdoorlife.com/uploads/2021/04/27/Reelfoot_Bayou_Du_Chein-1024x668.jpg
https://www.outdoorlife.com/app/uploads/2021/04/27/46767527_2139838996038464_8386572975775678464_n.jpg;https://www.outdoorlife.com/uploads/2021/04/27/46767527_2139838996038464_8386572975775678464_n.jpg
https://www.outdoorlife.com/app/uploads/2021/06/09/Screen-Shot-2021-06-03-at-11.31.43-AM-1024x680.png;https://www.outdoorlife.com/uploads/2021/06/09/Screen-Shot-2021-06-03-at-11.31.43-AM-1024x680.png
https://www.outdoorlife.com/app/uploads/2021/06/09/GUNCANAM-27-1024x666.jpg;https://www.outdoorlife.com/uploads/2021/06/09/GUNCANAM-27-1024x666.jpg
https://www.outdoorlife.com/app/uploads/2021/06/09/GUNCANAM-21-1024x683.jpg;https://www.outdoorlife.com/uploads/2021/06/09/GUNCANAM-21-1024x683.jpg
https://www.outdoorlife.com/app/uploads/2021/06/10/IMG_0083-1024x473.png;https://www.outdoorlife.com/uploads/2021/06/10/IMG_0083-1024x473.png
https://www.outdoorlife.com/app/uploads/2021/06/09/GUNCANAM-7-1024x683.jpg;https://www.outdoorlife.com/uploads/2021/06/09/GUNCANAM-7-1024x683.jpg
https://www.outdoorlife.com/app/uploads/2021/04/28/153586415_10224851047892833_2128073995751743210_n.jpg;https://www.outdoorlife.com/uploads/2021/04/28/153586415_10224851047892833_2128073995751743210_n.jpg
https://www.outdoorlife.com/app/uploads/2021/04/28/120185227_3555818507814774_4350324736264314499_n.jpg;https://www.outdoorlife.com/uploads/2021/04/28/120185227_3555818507814774_4350324736264314499_n.jpg
https://www.outdoorlife.com/app/uploads/2021/04/28/154605996_10224851047932834_7499942382176188113_n.jpg;https://www.outdoorlife.com/uploads/2021/04/28/154605996_10224851047932834_7499942382176188113_n.jpg
https://www.outdoorlife.com/app/uploads/2021/05/04/21752205_1630443030311399_7087673579660913489_n.jpg;https://www.outdoorlife.com/uploads/2021/05/04/21752205_1630443030311399_7087673579660913489_n.jpg
https://www.outdoorlife.com/app/uploads/2021/05/04/12088402_1044624948893213_3074253728978926831_n.jpg;https://www.outdoorlife.com/uploads/2021/05/04/12088402_1044624948893213_3074253728978926831_n.jpg
https://www.outdoorlife.com/app/uploads/2021/05/04/27173443_1807087299362735_5742593666804218404_o-1024x654.jpg;https://www.outdoorlife.com/uploads/2021/05/04/27173443_1807087299362735_5742593666804218404_o-1024x654.jpg
https://www.outdoorlife.com/app/uploads/2021/05/04/zack_grooms_pitching.jpeg;https://www.outdoorlife.com/uploads/2021/05/04/zack_grooms_pitching.jpeg
https://www.outdoorlife.com/app/uploads/2021/05/10/Screen-Shot-2021-05-10-at-10.13.40-AM.png;https://www.outdoorlife.com/uploads/2021/05/10/Screen-Shot-2021-05-10-at-10.13.40-AM.png
https://www.outdoorlife.com/app/uploads/2021/05/10/IMG_7226-1024x768.jpg;https://www.outdoorlife.com/uploads/2021/05/10/IMG_7226-1024x768.jpg
https://www.outdoorlife.com/app/uploads/2021/04/02/D24471-1024x683.jpg;https://www.outdoorlife.com/uploads/2021/04/02/D24471-1024x683.jpg
https://www.outdoorlife.com/app/uploads/2021/04/02/D62-1024x682.jpg;https://www.outdoorlife.com/uploads/2021/04/02/D62-1024x682.jpg
https://www.outdoorlife.com/app/uploads/2021/04/02/D22304-1024x622.jpg;https://www.outdoorlife.com/uploads/2021/04/02/D22304-1024x622.jpg
https://www.outdoorlife.com/app/uploads/2021/04/02/D24461-1024x691.jpg;https://www.outdoorlife.com/uploads/2021/04/02/D24461-1024x691.jpg
https://www.outdoorlife.com/app/uploads/2021/04/02/D24467-1024x683.jpg;https://www.outdoorlife.com/uploads/2021/04/02/D24467-1024x683.jpg
https://www.outdoorlife.com/app/uploads/2021/04/02/D24480-1024x682.jpg;https://www.outdoorlife.com/uploads/2021/04/02/D24480-1024x682.jpg
https://www.outdoorlife.com/outdoor/shotshow04/images/tcco.jpg;https://www.outdoorlife.com/
https://www.outdoorlife.com/outdoor/shotshow04/images/carry.jpg;https://www.outdoorlife.com/
https://www.outdoorlife.com/outdoor/shotshow04/images/service.jpg;https://www.outdoorlife.com/
https://www.outdoorlife.com/outdoor/shotshow04/images/kahr.jpg;https://www.outdoorlife.com/
https://www.outdoorlife.com/app/uploads/2021/03/29/IMG_9971-1024x768.jpeg;https://www.outdoorlife.com/uploads/2021/03/29/IMG_9971-1024x768.jpeg
https://www.outdoorlife.com/app/uploads/2021/03/29/IMG_9959-1024x768.jpeg;https://www.outdoorlife.com/uploads/2021/03/29/IMG_9959-1024x768.jpeg
https://www.outdoorlife.com/app/uploads/2021/04/13/5-1024x683.jpg;https://www.outdoorlife.com/uploads/2021/04/13/5-1024x683.jpg
https://www.outdoorlife.com/app/uploads/2021/04/13/cir-mod-2-promo_small.jpeg;https://www.outdoorlife.com/uploads/2021/04/13/cir-mod-2-promo_small.jpeg
https://www.outdoorlife.com/app/uploads/2021/04/13/1-683x1024.jpg;https://www.outdoorlife.com/uploads/2021/04/13/1-683x1024.jpg
https://www.outdoorlife.com/files/editor_files/quad/buyers/4/suzuki-qor0209_suz031.jpg;https://www.outdoorlife.com/
https://www.outdoorlife.com/files/editor_files/quad/buyers/4/artic-cat-1501.thumbnail.jpg;https://www.outdoorlife.com/
https://www.outdoorlife.com/files/editor_files/quad/buyers/4/honda-qor1008_spe011.jpg;https://www.outdoorlife.com/
https://www.outdoorlife.com/app/uploads/2021/04/05/TC4-1024x768.jpeg;https://www.outdoorlife.com/uploads/2021/04/05/TC4-1024x768.jpeg
https://www.outdoorlife.com/app/uploads/2021/04/05/TC5-1024x768.jpeg;https://www.outdoorlife.com/uploads/2021/04/05/TC5-1024x768.jpeg
https://www.outdoorlife.com/app/uploads/2021/01/14/CTMGEHYWL5HYRACOORXEPNVH44-1024x768.jpg;https://www.outdoorlife.com/uploads/2021/01/14/CTMGEHYWL5HYRACOORXEPNVH44-1024x768.jpg
https://www.outdoorlife.com/app/uploads/2021/01/14/ZQXDJR4FHZAXJDDK4EEEL7CPHI-1024x768.jpg;https://www.outdoorlife.com/uploads/2021/01/14/ZQXDJR4FHZAXJDDK4EEEL7CPHI-1024x768.jpg
https://www.outdoorlife.com/app/uploads/2021/01/14/3WOCGNEOMFHI5CCMB7ABAPLJKQ-1024x768.jpg;https://www.outdoorlife.com/uploads/2021/01/14/3WOCGNEOMFHI5CCMB7ABAPLJKQ-1024x768.jpg
https://www.outdoorlife.com/app/uploads/2021/01/14/LAPLVRZ2VVE7TDMPA7YLJ35WZI-1024x768.jpg;https://www.outdoorlife.com/uploads/2021/01/14/LAPLVRZ2VVE7TDMPA7YLJ35WZI-1024x768.jpg
https://www.outdoorlife.com/app/uploads/2021/06/24/Ravin-R26-Compact-1024x585.png;https://www.outdoorlife.com/uploads/2021/06/24/Ravin-R26-Compact-1024x585.png
https://www.outdoorlife.com/app/uploads/2021/06/24/IMG_5057-768x1024.jpg;https://www.outdoorlife.com/uploads/2021/06/24/IMG_5057-768x1024.jpg
https://www.outdoorlife.com/app/uploads/2021/06/24/R26-80-Yards-1024x768.jpg;https://www.outdoorlife.com/uploads/2021/06/24/R26-80-Yards-1024x768.jpg
https://www.outdoorlife.com/app/uploads/2021/06/24/IMG_5060-1024x768.jpg;https://www.outdoorlife.com/uploads/2021/06/24/IMG_5060-1024x768.jpg
https://www.outdoorlife.com/app/uploads/2021/06/24/IMG_0641-898x1024.jpeg;https://www.outdoorlife.com/uploads/2021/06/24/IMG_0641-898x1024.jpeg
https://www.outdoorlife.com/app/uploads/2021/06/24/IMG_0639-768x1024.jpeg;https://www.outdoorlife.com/uploads/2021/06/24/IMG_0639-768x1024.jpeg
https://www.outdoorlife.com/app/uploads/2021/06/24/mathews-846x1024.jpeg;https://www.outdoorlife.com/uploads/2021/06/24/mathews-846x1024.jpeg
https://www.outdoorlife.com/app/uploads/2021/06/24/camsbow-1024x768.jpeg;https://www.outdoorlife.com/uploads/2021/06/24/camsbow-1024x768.jpeg
https://www.outdoorlife.com/app/uploads/2021/06/24/shootingcompound-1024x768.jpeg;https://www.outdoorlife.com/uploads/2021/06/24/shootingcompound-1024x768.jpeg
https://www.outdoorlife.com/app/uploads/2021/06/24/IMG_0546-1024x768.jpg;https://www.outdoorlife.com/uploads/2021/06/24/IMG_0546-1024x768.jpg
https://www.outdoorlife.com/outdoor/images_category/diy_lure/5.jpg;https://www.outdoorlife.com/
https://www.outdoorlife.com/outdoor/images_category/diy_lure/4.jpg;https://www.outdoorlife.com/
https://www.outdoorlife.com/outdoor/images_category/diy_lure/3.jpg;https://www.outdoorlife.com/
https://www.outdoorlife.com/outdoor/images_category/diy_lure/2.jpg;https://www.outdoorlife.com/
https://www.outdoorlife.com/outdoor/images_category/diy_lure/1.jpg;https://www.outdoorlife.com/
https://www.outdoorlife.com/app/uploads/2021/05/04/DSC00601-1024x684.jpg;https://www.outdoorlife.com/uploads/2021/05/04/DSC00601-1024x684.jpg
https://www.outdoorlife.com/app/uploads/2021/05/04/DSC01241-987x1024.jpg;https://www.outdoorlife.com/uploads/2021/05/04/DSC01241-987x1024.jpg
https://www.outdoorlife.com/app/uploads/2021/05/11/Screen-Shot-2021-05-11-at-11.15.06-AM-1024x265.png;https://www.outdoorlife.com/uploads/2021/05/11/Screen-Shot-2021-05-11-at-11.15.06-AM-1024x265.png
https://www.outdoorlife.com/app/uploads/2021/05/11/csm_Mauser_M98_Magnum-re_089ff9972a-1024x203.jpg;https://www.outdoorlife.com/uploads/2021/05/11/csm_Mauser_M98_Magnum-re_089ff9972a-1024x203.jpg
https://www.outdoorlife.com/app/uploads/2021/05/11/henry1-1.jpg;https://www.outdoorlife.com/uploads/2021/05/11/henry1-1.jpg
https://www.outdoorlife.com/app/uploads/2021/05/11/ThompsonCenterContender.gif;https://www.outdoorlife.com/uploads/2021/05/11/ThompsonCenterContender.gif
https://www.outdoorlife.com/app/uploads/2021/05/11/MG_8518-1024x683.jpg;https://www.outdoorlife.com/uploads/2021/05/11/MG_8518-1024x683.jpg
https://www.outdoorlife.com/app/uploads/2021/05/11/Savage-Model-99-770.jpg;https://www.outdoorlife.com/uploads/2021/05/11/Savage-Model-99-770.jpg
https://www.outdoorlife.com/app/uploads/2021/05/11/Winchester-Model-70-Stainless-Supergrade-535235228-1024x170.jpg;https://www.outdoorlife.com/uploads/2021/05/11/Winchester-Model-70-Stainless-Supergrade-535235228-1024x170.jpg
https://www.outdoorlife.com/app/uploads/2021/05/11/1959-original-colt-ar-15-rifle-ww2_1_4a9caf18e5d0283edce9205bd8bf480f-1024x773.jpg;https://www.outdoorlife.com/uploads/2021/05/11/1959-original-colt-ar-15-rifle-ww2_1_4a9caf18e5d0283edce9205bd8bf480f-1024x773.jpg
https://www.outdoorlife.com/app/uploads/2021/05/11/Screen-Shot-2021-05-11-at-11.23.38-AM.png;https://www.outdoorlife.com/uploads/2021/05/11/Screen-Shot-2021-05-11-at-11.23.38-AM.png
https://www.outdoorlife.com/app/uploads/2019/08/23/YMT6FVYEODHEHHXHBI6E6HWUII-1024x768.jpg;https://www.outdoorlife.com/uploads/2019/08/23/YMT6FVYEODHEHHXHBI6E6HWUII-1024x768.jpg
https://www.outdoorlife.com/app/uploads/2019/08/01/BZD53UGNE4MAJ5ELK25DY7PGCA-1024x768.jpg;https://www.outdoorlife.com/uploads/2019/08/01/BZD53UGNE4MAJ5ELK25DY7PGCA-1024x768.jpg
https://www.outdoorlife.com/app/uploads/2019/08/23/H7ALVVKZONEZACIXDTCK2QEIJY-1024x768.jpg;https://www.outdoorlife.com/uploads/2019/08/23/H7ALVVKZONEZACIXDTCK2QEIJY-1024x768.jpg
https://www.outdoorlife.com/app/uploads/2019/08/02/SLJBZ3LOLNAYAYHOOG7SMSCUSQ-1024x768.jpg;https://www.outdoorlife.com/uploads/2019/08/02/SLJBZ3LOLNAYAYHOOG7SMSCUSQ-1024x768.jpg
https://www.outdoorlife.com/app/uploads/2019/08/01/QILGSS7DJ3DFKQXXOQKP2UMTTY-1024x768.jpg;https://www.outdoorlife.com/uploads/2019/08/01/QILGSS7DJ3DFKQXXOQKP2UMTTY-1024x768.jpg
https://www.outdoorlife.com/app/uploads/2019/08/23/HKZFPFAJIKTJ64NCWZF6U5Z7SE-1024x768.jpg;https://www.outdoorlife.com/uploads/2019/08/23/HKZFPFAJIKTJ64NCWZF6U5Z7SE-1024x768.jpg
https://www.outdoorlife.com/app/uploads/2019/09/05/QNLCDGLWZNUNB4FLFQUFV3TLWY-1024x768.jpg;https://www.outdoorlife.com/uploads/2019/09/05/QNLCDGLWZNUNB4FLFQUFV3TLWY-1024x768.jpg
https://www.outdoorlife.com/app/uploads/2019/09/05/P6KGCNMYZP4RIYEQOOTK6AIWBE-1024x768.jpg;https://www.outdoorlife.com/uploads/2019/09/05/P6KGCNMYZP4RIYEQOOTK6AIWBE-1024x768.jpg
https://www.outdoorlife.com/app/uploads/2021/03/25/Screen-Shot-2021-03-24-at-11.15.58-PM-1-1024x720.png;https://www.outdoorlife.com/uploads/2021/03/25/Screen-Shot-2021-03-24-at-11.15.58-PM-1-1024x720.png
https://www.outdoorlife.com/app/uploads/2019/08/19/G2QYBSZ7Q467BEJZ63W6RNWRC4-1024x768.jpg;https://www.outdoorlife.com/uploads/2019/08/19/G2QYBSZ7Q467BEJZ63W6RNWRC4-1024x768.jpg
https://www.outdoorlife.com/app/uploads/2019/08/19/CUA2EW3I3NCHXV4EXZIZPNOKZM-1024x768.jpg;https://www.outdoorlife.com/uploads/2019/08/19/CUA2EW3I3NCHXV4EXZIZPNOKZM-1024x768.jpg
https://www.outdoorlife.com/app/uploads/2021/05/04/clothing-1024x678.jpg;https://www.outdoorlife.com/uploads/2021/05/04/clothing-1024x678.jpg
https://www.outdoorlife.com/app/uploads/2021/05/04/catnip.jpg;https://www.outdoorlife.com/uploads/2021/05/04/catnip.jpg
https://www.outdoorlife.com/app/uploads/2021/05/04/repellent.jpg;https://www.outdoorlife.com/uploads/2021/05/04/repellent.jpg
https://www.outdoorlife.com/app/uploads/2021/05/04/cattail.smoke_-1024x768.jpg;https://www.outdoorlife.com/uploads/2021/05/04/cattail.smoke_-1024x768.jpg
https://www.outdoorlife.com/app/uploads/2021/05/27/String-Stop-1024x768.jpeg;https://www.outdoorlife.com/uploads/2021/05/27/String-Stop-1024x768.jpeg
https://www.outdoorlife.com/app/uploads/2021/05/27/Strings-Cabels-768x1024.jpeg;https://www.outdoorlife.com/uploads/2021/05/27/Strings-Cabels-768x1024.jpeg
https://www.outdoorlife.com/app/uploads/2021/05/27/Module-768x1024.jpeg;https://www.outdoorlife.com/uploads/2021/05/27/Module-768x1024.jpeg
https://www.outdoorlife.com/app/uploads/2021/05/27/Limb-Pocket-1024x768.jpeg;https://www.outdoorlife.com/uploads/2021/05/27/Limb-Pocket-1024x768.jpeg
https://www.outdoorlife.com/app/uploads/2021/05/27/Limbs-768x1024.jpeg;https://www.outdoorlife.com/uploads/2021/05/27/Limbs-768x1024.jpeg
https://www.outdoorlife.com/app/uploads/2021/05/27/Riser-768x1024.jpeg;https://www.outdoorlife.com/uploads/2021/05/27/Riser-768x1024.jpeg
https://www.outdoorlife.com/app/uploads/2021/06/23/bear-cruzer-hat.jpeg;https://www.outdoorlife.com/uploads/2021/06/23/bear-cruzer-hat.jpeg
https://www.outdoorlife.com/app/uploads/2021/06/23/Jace-1024x768.jpeg;https://www.outdoorlife.com/uploads/2021/06/23/Jace-1024x768.jpeg
https://www.outdoorlife.com/app/uploads/2021/06/23/Fixed-Blade-Performance-1024x768.jpeg;https://www.outdoorlife.com/uploads/2021/06/23/Fixed-Blade-Performance-1024x768.jpeg
https://www.outdoorlife.com/app/uploads/2021/06/23/Walk-Back-Tune-1024x768.jpeg;https://www.outdoorlife.com/uploads/2021/06/23/Walk-Back-Tune-1024x768.jpeg
https://www.outdoorlife.com/app/uploads/2021/06/23/40-Yard-Group-2-1024x768.jpeg;https://www.outdoorlife.com/uploads/2021/06/23/40-Yard-Group-2-1024x768.jpeg
https://www.outdoorlife.com/app/uploads/2021/05/25/Hoyt_Helix_Speedtest-768x1024.jpeg;https://www.outdoorlife.com/uploads/2021/05/25/Hoyt_Helix_Speedtest-768x1024.jpeg
https://www.outdoorlife.com/app/uploads/2021/06/23/Full-Draw-From-The-Stand-1-1024x768.jpeg;https://www.outdoorlife.com/uploads/2021/06/23/Full-Draw-From-The-Stand-1-1024x768.jpeg
https://www.outdoorlife.com/app/uploads/2021/05/25/Hoyt_Helix_1-768x1024.jpeg;https://www.outdoorlife.com/uploads/2021/05/25/Hoyt_Helix_1-768x1024.jpeg
https://www.outdoorlife.com/app/uploads/2021/05/25/Hoy_Helix_group-768x1024.jpeg;https://www.outdoorlife.com/uploads/2021/05/25/Hoy_Helix_group-768x1024.jpeg
https://www.outdoorlife.com/app/uploads/2021/06/03/OL_pse_stinger_max_5-1024x768.jpeg;https://www.outdoorlife.com/uploads/2021/06/03/OL_pse_stinger_max_5-1024x768.jpeg
https://www.outdoorlife.com/app/uploads/2021/06/03/OL_pse_stinger_3.jpeg;https://www.outdoorlife.com/uploads/2021/06/03/OL_pse_stinger_3.jpeg
https://www.outdoorlife.com/app/uploads/2021/06/03/OL_pse_stinger_max_4-1024x768.jpeg;https://www.outdoorlife.com/uploads/2021/06/03/OL_pse_stinger_max_4-1024x768.jpeg
https://www.outdoorlife.com/app/uploads/2021/06/03/OL_pse_stinger_2-1.jpeg;https://www.outdoorlife.com/uploads/2021/06/03/OL_pse_stinger_2-1.jpeg
https://www.outdoorlife.com/outdoor/shotshow04/images/gerber.jpg;https://www.outdoorlife.com/
https://www.outdoorlife.com/outdoor/shotshow04/images/gameear.jpg;https://www.outdoorlife.com/
https://www.outdoorlife.com/outdoor/shotshow04/images/columbia.jpg;https://www.outdoorlife.com/
https://www.outdoorlife.com/outdoor/shotshow04/images/flask.jpg;https://www.outdoorlife.com/
https://www.outdoorlife.com/outdoor/shotshow04/images/heritage.jpg;https://www.outdoorlife.com/
https://www.outdoorlife.com/app/uploads/2021/04/02/Suda4-1024x683.jpeg;https://www.outdoorlife.com/uploads/2021/04/02/Suda4-1024x683.jpeg
https://www.outdoorlife.com/app/uploads/2021/05/07/IMG_8896-Copy-1024x768.jpg;https://www.outdoorlife.com/uploads/2021/05/07/IMG_8896-Copy-1024x768.jpg
https://www.outdoorlife.com/app/uploads/2021/05/07/IMG_8904-Copy-768x1024.jpg;https://www.outdoorlife.com/uploads/2021/05/07/IMG_8904-Copy-768x1024.jpg
https://www.outdoorlife.com/app/uploads/2021/05/07/IMG_8900-Copy-1024x768.jpg;https://www.outdoorlife.com/uploads/2021/05/07/IMG_8900-Copy-1024x768.jpg
https://www.outdoorlife.com/app/uploads/2019/01/23/DFDUIHB52HNYE5ILIMJFOC3XN4.png;https://www.outdoorlife.com/uploads/2019/01/23/DFDUIHB52HNYE5ILIMJFOC3XN4.png
https://www.outdoorlife.com/app/uploads/2019/01/23/EJMQEBXUA7BWLPCKJVJS4YMXXA.jpg;https://www.outdoorlife.com/uploads/2019/01/23/EJMQEBXUA7BWLPCKJVJS4YMXXA.jpg
https://www.outdoorlife.com/app/uploads/2021/04/06/OutdoorRange48-1024x684.jpg;https://www.outdoorlife.com/uploads/2021/04/06/OutdoorRange48-1024x684.jpg
https://www.outdoorlife.com/app/uploads/2021/04/06/philip_smith_naaga_portrait-1024x591.jpg;https://www.outdoorlife.com/uploads/2021/04/06/philip_smith_naaga_portrait-1024x591.jpg
https://www.outdoorlife.com/app/uploads/2021/04/07/harlem-hellfighters-1024x797.jpeg;https://www.outdoorlife.com/uploads/2021/04/07/harlem-hellfighters-1024x797.jpeg
https://www.outdoorlife.com/files/editor_files/quad/features/evs-gearbag.jpg;https://www.outdoorlife.com/
https://www.outdoorlife.com/articles/fishing/2007/09/farm-pond-bass/images/farmpond.jpg;https://www.outdoorlife.com/
https://www.outdoorlife.com/app/uploads/2021/06/25/Realtree-Media-2021-2977-2-1024x683.jpg;https://www.outdoorlife.com/uploads/2021/06/25/Realtree-Media-2021-2977-2-1024x683.jpg
https://www.outdoorlife.com/app/uploads/2021/06/25/Realtree-Media-2021-0520-1024x575.jpg;https://www.outdoorlife.com/uploads/2021/06/25/Realtree-Media-2021-0520-1024x575.jpg
https://www.outdoorlife.com/app/uploads/2021/05/21/SR6-785x1024.jpeg;https://www.outdoorlife.com/uploads/2021/05/21/SR6-785x1024.jpeg
https://www.outdoorlife.com/app/uploads/2021/05/21/Bow3-330x1024.png;https://www.outdoorlife.com/uploads/2021/05/21/Bow3-330x1024.png
https://www.outdoorlife.com/app/uploads/2021/05/25/Bowtech_Amplify--1024x1024.png;https://www.outdoorlife.com/uploads/2021/05/25/Bowtech_Amplify--1024x1024.png
https://www.outdoorlife.com/app/uploads/2021/05/21/Solution-BreakupCountry-Angle-Left-287x1024.png;https://www.outdoorlife.com/uploads/2021/05/21/Solution-BreakupCountry-Angle-Left-287x1024.png
https://www.outdoorlife.com/app/uploads/2021/05/21/bow4-334x1024.png;https://www.outdoorlife.com/uploads/2021/05/21/bow4-334x1024.png
https://www.outdoorlife.com/app/uploads/2021/05/21/bowtechguardian-1024x1024.jpeg;https://www.outdoorlife.com/uploads/2021/05/21/bowtechguardian-1024x1024.jpeg
https://www.outdoorlife.com/app/uploads/2021/05/21/Zion-Black-Profile-Left-394x1024.png;https://www.outdoorlife.com/uploads/2021/05/21/Zion-Black-Profile-Left-394x1024.png
https://www.outdoorlife.com/app/uploads/2021/05/21/Bow2-299x1024.png;https://www.outdoorlife.com/uploads/2021/05/21/Bow2-299x1024.png
https://www.outdoorlife.com/app/uploads/2020/11/18/MIX5GO5S3ZDWJPIAOQ2DL22C6A-1024x816.jpg;https://www.outdoorlife.com/uploads/2020/11/18/MIX5GO5S3ZDWJPIAOQ2DL22C6A-1024x816.jpg
https://www.outdoorlife.com/outdoor/images_category/pillar/8.jpg;https://www.outdoorlife.com/
https://www.outdoorlife.com/outdoor/images_category/pillar/7.jpg;https://www.outdoorlife.com/
https://www.outdoorlife.com/outdoor/images_category/pillar/10.jpg;https://www.outdoorlife.com/
https://www.outdoorlife.com/outdoor/images_category/pillar/9.jpg;https://www.outdoorlife.com/
https://www.outdoorlife.com/outdoor/images_category/pillar/5.jpg;https://www.outdoorlife.com/
https://www.outdoorlife.com/outdoor/images_category/pillar/6.jpg;https://www.outdoorlife.com/
https://www.outdoorlife.com/outdoor/images_category/pillar/1.jpg;https://www.outdoorlife.com/
https://www.outdoorlife.com/outdoor/images_category/pillar/3.jpg;https://www.outdoorlife.com/
https://www.outdoorlife.com/outdoor/images_category/pillar/4.jpg;https://www.outdoorlife.com/
https://www.outdoorlife.com/outdoor/images_category/pillar/2.jpg;https://www.outdoorlife.com/
https://www.outdoorlife.com/17-holiday-gift-ideas-for-women-who-hunt;https://www.outdoorlife.com/gear/best-gifts-for-hunters/
https://www.outdoorlife.com/app/uploads/2021/06/11/deer_map-featured.jpg;https://www.outdoorlife.com/uploads/2021/06/11/deer_map-featured.jpg
https://www.outdoorlife.com/app/uploads/2021/06/16/DSCF6917-668x1024.jpg;https://www.outdoorlife.com/uploads/2021/06/16/DSCF6917-668x1024.jpg
https://www.outdoorlife.com/app/uploads/2021/06/16/axis_ear_tag-1024x702.jpg;https://www.outdoorlife.com/uploads/2021/06/16/axis_ear_tag-1024x702.jpg
https://www.outdoorlife.com/app/uploads/2021/06/16/hosing_Axis_deer-1024x683.jpg;https://www.outdoorlife.com/uploads/2021/06/16/hosing_Axis_deer-1024x683.jpg
https://www.outdoorlife.com/app/uploads/2021/06/16/20161101-Sara-Parker-Pauley-outside-portrait-005-1024x683.jpg;https://www.outdoorlife.com/uploads/2021/06/16/20161101-Sara-Parker-Pauley-outside-portrait-005-1024x683.jpg
https://www.outdoorlife.com/app/uploads/2021/05/05/23569137372_8483e036fd_o-1024x683.jpg;https://www.outdoorlife.com/uploads/2021/05/05/23569137372_8483e036fd_o-1024x683.jpg
https://www.outdoorlife.com/app/uploads/2021/05/05/2Z3A8165-1024x683.jpg;https://www.outdoorlife.com/uploads/2021/05/05/2Z3A8165-1024x683.jpg