https://www.outdoorlife.com/10-backcountry-survival-tips/,https://www.outdoorlife.com/story/survival/basic-survival-skills/
https://www.outdoorlife.com/8-ways-cotton-can-actually-help-you-in-survival-situation/,https://www.outdoorlife.com/story/survival/basic-survival-skills/
https://www.outdoorlife.com/articles/survival/warm-weather/2009/02/survival-mistakes/,https://www.outdoorlife.com/story/survival/basic-survival-skills/
https://www.outdoorlife.com/blogs/survivalist/10-survival-uses-wool-blanket/,https://www.outdoorlife.com/story/survival/basic-survival-skills/
https://www.outdoorlife.com/photos/gallery/2015/04/survival-skills-how-make-inch-kit/,https://www.outdoorlife.com/story/survival/basic-survival-skills/
https://www.outdoorlife.com/photos/gallery/hunting/2010/05/101-outdoor-tips/,https://www.outdoorlife.com/story/survival/basic-survival-skills/
https://www.outdoorlife.com/story/survival/ways-to-use-a-survival-knife-in-an-emergency/,https://www.outdoorlife.com/story/survival/basic-survival-skills/
https://www.outdoorlife.com/story/survival/ways-to-use-evergreen-trees-in-survival-situations/,https://www.outdoorlife.com/story/survival/basic-survival-skills/
https://www.outdoorlife.com/survival-skills-how-to-build-an-atl-atl-spear/,https://www.outdoorlife.com/story/survival/basic-survival-skills/
https://www.outdoorlife.com/survival/summer-survival-tip-hacks/,https://www.outdoorlife.com/story/survival/basic-survival-skills/
https://www.outdoorlife.com/blogs/big-buck-zone/natural-food-plots-how-grow-them-winter-and-why-they-work/,https://www.outdoorlife.com/story/hunting/strategies-for-growing-the-perfect-food-plot-for-deer/
https://www.outdoorlife.com/busted-10-myths-about-food-plots/,https://www.outdoorlife.com/story/hunting/strategies-for-growing-the-perfect-food-plot-for-deer/
https://www.outdoorlife.com/how-to-plant-mini-food-plot-this-summer/,https://www.outdoorlife.com/story/hunting/strategies-for-growing-the-perfect-food-plot-for-deer/
https://www.outdoorlife.com/hunting/roundup-food-plots-deer-management/,https://www.outdoorlife.com/story/hunting/strategies-for-growing-the-perfect-food-plot-for-deer/
https://www.outdoorlife.com/story/hunting/habits-of-successful-food-plotters/,https://www.outdoorlife.com/story/hunting/strategies-for-growing-the-perfect-food-plot-for-deer/
https://www.outdoorlife.com/photos/gallery/fishing/2008/09/10-knots-you-must-know/,https://www.outdoorlife.com/photos/gallery/hunting/2012/02/essential-knots-how-tie-20-knots-will-keep-you-alive/
https://www.outdoorlife.com/articles/hunting/2007/09/10-tips-take-toughest-turkeys/,https://www.outdoorlife.com/hunting/turkey-hunting-tips/
https://www.outdoorlife.com/blogs/game-changers/9-spring-turkey-hunting-questions-answered-most-underused-call-best-time-day-and/,https://www.outdoorlife.com/hunting/turkey-hunting-tips/
https://www.outdoorlife.com/introduction-to-timber-stand-improvement-on-your-hunting-property/,https://www.outdoorlife.com/hunting/timber-stand-improvement
https://www.outdoorlife.com/hunting/how-to-hunt-pheasants-solo/,https://www.outdoorlife.com/hunting/pheasant-hunting-tips/
https://www.outdoorlife.com/hunting/pheasant-hunting-tips-late-season/,https://www.outdoorlife.com/hunting/pheasant-hunting-tips/
https://www.outdoorlife.com/blogs/hunting/tips-and-tactics-how-hunt-mule-deer/,https://www.outdoorlife.com/hunting/mule-deer-hunting/
https://www.outdoorlife.com/hunting/bowhunting-mule-deer-velvet-bucks-utah/,https://www.outdoorlife.com/hunting/mule-deer-hunting/
https://www.outdoorlife.com/story/hunting/7-myths-about-hunting-western-big-game-easterners-need-to-know/,https://www.outdoorlife.com/hunting/hunting-west-diy-reality/
https://www.outdoorlife.com/articles/hunting/2015/10/top-dogs-5-hardest-working-gun-dogs-america/,https://www.outdoorlife.com/hunting/hunting-dogs/
https://www.outdoorlife.com/hunting/tips-for-calling-deer/,https://www.outdoorlife.com/hunting/how-to-use-a-grunt-call
https://www.outdoorlife.com/8-ways-to-ruin-your-duck-hunting-dog/,https://www.outdoorlife.com/hunting/how-to-train-a-duck-dog/
https://www.outdoorlife.com/story/hunting/life-lessons-learned-from-your-duck-dog/,https://www.outdoorlife.com/hunting/how-to-train-a-duck-dog/
https://www.outdoorlife.com/blogs/hunting/2013/10/minimalist-waterfowler-how-take-more-ducks-and-geese-less-gear/,https://www.outdoorlife.com/hunting/how-to-hunt-ducks/
https://www.outdoorlife.com/hunting/late-season-mallard-strategies/,https://www.outdoorlife.com/hunting/how-to-hunt-ducks/
https://www.outdoorlife.com/blogs/cast-iron-chef/best-ducks-eat-and-how-cook-ones-you-think-you-cant/,https://www.outdoorlife.com/hunting/how-to-cook-duck/
https://www.outdoorlife.com/story/hunting/how-to-prevent-freezer-burn-on-wild-game/,https://www.outdoorlife.com/hunting/how-long-does-meat-last-in-the-freezer/
https://www.outdoorlife.com/4-lessons-we-learned-on-diy-hog-hunt/,https://www.outdoorlife.com/hunting/hog-hunting/
https://www.outdoorlife.com/story/hunting/ways-to-kill-hogs-in-mid-summer/,https://www.outdoorlife.com/hunting/hog-hunting/
https://www.outdoorlife.com/9-overlooked-early-season-goose-hunting-tips/,https://www.outdoorlife.com/hunting/goose-hunting/
https://www.outdoorlife.com/bag-more-geese-learn-to-crack-code-on-canada-geese-this-season/,https://www.outdoorlife.com/hunting/goose-hunting/
https://www.outdoorlife.com/hunting/use-shadows-duck-goose-hunting/,https://www.outdoorlife.com/hunting/goose-hunting/
https://www.outdoorlife.com/11-ways-to-start-preparing-for-your-fall-elk-hunt-right-now/,https://www.outdoorlife.com/hunting/elk-hunting/
https://www.outdoorlife.com/articles/hunting/2007/09/elk-hunting-101/,https://www.outdoorlife.com/hunting/elk-hunting/
https://www.outdoorlife.com/elk-five-ways/,https://www.outdoorlife.com/hunting/elk-hunting/
https://www.outdoorlife.com/elk-on-fringes/,https://www.outdoorlife.com/hunting/elk-hunting/
https://www.outdoorlife.com/hunting/bowhunting-elk-strategies/,https://www.outdoorlife.com/hunting/elk-hunting/
https://www.outdoorlife.com/hunting/lessons-learned-non-resident-elk-hunting/,https://www.outdoorlife.com/hunting/elk-hunting/
https://www.outdoorlife.com/blogs/hunting/2012/08/shotgun-tips-hit-more-birds-dove-season-opener/,https://www.outdoorlife.com/hunting/dove-hunting-tips/
https://www.outdoorlife.com/dove-sense-six-steps-to-great-season/,https://www.outdoorlife.com/hunting/dove-hunting-tips/
https://www.outdoorlife.com/10-myths-about-hunting-mature-whitetail-bucks/,https://www.outdoorlife.com/hunting/deer-hunting-tips/
https://www.outdoorlife.com/articles/2014/08/whitetail-tips-how-map-your-hunting-area/,https://www.outdoorlife.com/hunting/deer-hunting-tips/
https://www.outdoorlife.com/articles/hunting/2009/12/85-late-season-deer-tips/,https://www.outdoorlife.com/hunting/deer-hunting-tips/
https://www.outdoorlife.com/blogs/hunting/tips-and-tactics-how-hunt-whitetail-deer/,https://www.outdoorlife.com/hunting/deer-hunting-tips/
https://www.outdoorlife.com/blogs/hunting/whitetail-deer-5-essential-shooting-skills/,https://www.outdoorlife.com/hunting/deer-hunting-tips/
https://www.outdoorlife.com/hunting/how-to-hunt-mature-bucks/,https://www.outdoorlife.com/hunting/deer-hunting-tips/
https://www.outdoorlife.com/no-excuses-deer-hunting-season/,https://www.outdoorlife.com/hunting/deer-hunting-tips/
https://www.outdoorlife.com/old-school-whitetail-scouting-strategies-that-dont-require-a-trailcam/,https://www.outdoorlife.com/hunting/deer-hunting-tips/
https://www.outdoorlife.com/blogs/gun-shots/shooting-tips-understanding-benefits-suppressor/,https://www.outdoorlife.com/guns/the-best-suppressor-for-your-hunting-rifle/
https://www.outdoorlife.com/articles/guns/rifles/2007/09/are-bigger-bullets-better/,https://www.outdoorlife.com/guns/small-cartridges-for-big-game/
https://www.outdoorlife.com/story/guns/the-best-new-shotguns-from-shot-show-2020/,https://www.outdoorlife.com/guns/new-shotguns-shot-show-2025/
https://www.outdoorlife.com/story/guns/the-best-new-pistols-at-shot-show/,https://www.outdoorlife.com/guns/new-handguns-from-shot-show-2025/
https://www.outdoorlife.com/articles/guns/shotguns/2007/09/three-rules-shotguns-investments/,https://www.outdoorlife.com/guns/how-to-buy-a-gun/
https://www.outdoorlife.com/8-best-new-hunting-and-sporting-shotguns-tested-plus-2-new-mag-fed-semi-autos/,https://www.outdoorlife.com/guns/best-shotguns/
https://www.outdoorlife.com/articles/gear/2007/09/handguns-2005/,https://www.outdoorlife.com/guns/best-handguns/
https://www.outdoorlife.com/guns/best-defensive-carry-handgun/,https://www.outdoorlife.com/guns/best-handguns/
https://www.outdoorlife.com/guns/concealed-carry-reality/,https://www.outdoorlife.com/guns/best-concealed-carry-guns/
https://www.outdoorlife.com/articles/guns/rifles/2007/09/versatile-280/,https://www.outdoorlife.com/guns/280-ackley-improved/
https://www.outdoorlife.com/8-times-jack-oconnor-wrote-about-winchester-model-70/,https://www.outdoorlife.com/guns/270-winchester/
https://www.outdoorlife.com/gear/knives-2022-shot-show/,https://www.outdoorlife.com/gear/shot-show-2024-new-knives/
https://www.outdoorlife.com/blogs/game-changers/how-increase-your-effective-bow-range/,https://www.outdoorlife.com/gear/how-to-shoot-a-compound-bow/
https://www.outdoorlife.com/10-spring-trout-flies-you-must-fish/,https://www.outdoorlife.com/gear/best-trout-lures/
https://www.outdoorlife.com/blogs/hunting/whitetail-deer-how-pick-perfect-tree-stand/,https://www.outdoorlife.com/gear/best-tree-stands/
https://www.outdoorlife.com/blogs/survivalist/how-pick-tomahawks-personal-defense/,https://www.outdoorlife.com/gear/best-tomahawks/
https://www.outdoorlife.com/blogs/survivalist/2014/04/survival-cache-essential-items-and-storage-tips/,https://www.outdoorlife.com/gear/best-survival-kits/
https://www.outdoorlife.com/gear/vehicle-survival-kit-tools/,https://www.outdoorlife.com/gear/best-survival-gear/
https://www.outdoorlife.com/story/gear/survival-backcountry-gear-tips/,https://www.outdoorlife.com/gear/best-survival-gear/
https://www.outdoorlife.com/story/gear/survival-lights-you-can-depend-on/,https://www.outdoorlife.com/gear/best-survival-gear/
https://www.outdoorlife.com/story/hunting/gear-for-your-hunting-pack/,https://www.outdoorlife.com/gear/best-survival-gear/
https://www.outdoorlife.com/top-new-upland-clays-pump-shotguns-2018/,https://www.outdoorlife.com/gear/best-shotguns-for-sporting-clays/
https://www.outdoorlife.com/articles/guns/2015/11/science-hearing-loss-shooters-and-hunters-and-how-prevent-it/,https://www.outdoorlife.com/gear/best-shooting-ear-protection-device/
https://www.outdoorlife.com/articles/gear/2007/09/takedown-rifles/,https://www.outdoorlife.com/gear/best-rifles/
https://www.outdoorlife.com/10-things-to-consider-when-choosing-your-first-hunting-blind/,https://www.outdoorlife.com/gear/best-hunting-blinds/
https://www.outdoorlife.com/blogs/gone-fishin/2014/04/fishing-shoes-gear-test-review/,https://www.outdoorlife.com/gear/best-fishing-boots/
https://www.outdoorlife.com/hunting/how-to-call-ducks-geese/,https://www.outdoorlife.com/gear/best-duck-calls/
https://www.outdoorlife.com/articles/guns/2016/05/6-most-underrated-hunting-cartridges/,https://www.outdoorlife.com/gear/best-deer-hunting-calibers/
https://www.outdoorlife.com/articles/hunting/2015/09/10-tips-deadly-art-decoying-deer/,https://www.outdoorlife.com/gear/best-deer-decoys/
https://www.outdoorlife.com/blogs/big-buck-zone/2012/08/whitetail-hunting-tips-how-use-deer-calls-scents-and-decoys/,https://www.outdoorlife.com/gear/best-deer-calls/
https://www.outdoorlife.com/bow-shootout-2003-test-team-grades-this-years-leading-bows/,https://www.outdoorlife.com/gear/best-compound-bows/
https://www.outdoorlife.com/bow-shootout-2004-we-put-21-new-bows-through-ultimate-test/,https://www.outdoorlife.com/gear/best-compound-bows/
https://www.outdoorlife.com/2016-binocular-test-we-test-17-full-and-mid-size-binos/,https://www.outdoorlife.com/gear/best-binoculars/
https://www.outdoorlife.com/articles/fishing/2007/09/post-spawn-walleyes/,https://www.outdoorlife.com/fishing/walleye-fishing-tips/
https://www.outdoorlife.com/articles/fishing/2007/09/walleye-playbook/,https://www.outdoorlife.com/fishing/walleye-fishing-tips/
https://www.outdoorlife.com/post-spawn-walleyes-be-ready-when-they-get-hungry-bite-wont-last-long/,https://www.outdoorlife.com/fishing/walleye-fishing-tips/
https://www.outdoorlife.com/story/fishing/best-ways-to-catch-bigger-walleyes/,https://www.outdoorlife.com/fishing/walleye-fishing-tips/
https://www.outdoorlife.com/walleye-timing-heres-where-and-how-to-catch-spring-limit/,https://www.outdoorlife.com/fishing/walleye-fishing-tips/
https://www.outdoorlife.com/articles/fishing/2007/09/october-trout/,https://www.outdoorlife.com/fishing/trout-fishing/
https://www.outdoorlife.com/articles/fishing/2007/09/still-water-trout/,https://www.outdoorlife.com/fishing/trout-fishing/
https://www.outdoorlife.com/articles/fishing/2016/06/fishing-videos-how-catch-smallmouth-bass-beds/,https://www.outdoorlife.com/fishing/how-to-catch-smallmouth-bass/
https://www.outdoorlife.com/articles/fishing/2016/02/how-fish-and-catch-catfish-near-low-head-dams/,https://www.outdoorlife.com/fishing/how-to-catch-catfish-winter/
https://www.outdoorlife.com/10-bass-fishing-myths-that-are-keeping-you-from-landing-trophy/,https://www.outdoorlife.com/fishing/bass-fishing-tips/
https://www.outdoorlife.com/3-bass-fishing-secrets-from-guides-lake-el-salto/,https://www.outdoorlife.com/fishing/bass-fishing-tips/
https://www.outdoorlife.com/story/hunting/how-to-call-more-coyotes-into-shotgun-range/,https://www.outdoorlife.com/expert-coyote-calling-tips/
https://www.outdoorlife.com/story/hunting/deer-pellet-facts-that-can-help-you-get-your-buck/,https://www.outdoorlife.com/conservation/what-does-deer-poop-look-like/
https://www.outdoorlife.com/conservation/zombie-deer/,https://www.outdoorlife.com/conservation/does-chronic-wasting-disease-infect-humans/
https://www.outdoorlife.com/7-tips-for-shooting-more-fish-this-summer/,https://www.outdoorlife.com/bowfishing-basics-6-tips-to-get-you-started/
https://www.outdoorlife.com/3-gameplans-for-hunting-real-world-rut/,https://www.outdoorlife.com/best-deer-hunting-tips-for-the-rut/
https://www.outdoorlife.com/articles/hunting/2014/10/mind-rutting-buck/,https://www.outdoorlife.com/best-deer-hunting-tips-for-the-rut/
https://www.outdoorlife.com/articles/hunting/2015/11/rut-revisited-how-hunt-right-place-right-time/,https://www.outdoorlife.com/best-deer-hunting-tips-for-the-rut/
https://www.outdoorlife.com/best-ways-to-use-scents-during-rut/,https://www.outdoorlife.com/best-deer-hunting-tips-for-the-rut/
https://www.outdoorlife.com/blogs/big-buck-zone/2013/10/deer-hunting-ultra-aggressive-tactics-rut/,https://www.outdoorlife.com/best-deer-hunting-tips-for-the-rut/
https://www.outdoorlife.com/hunting/how-to-hunt-the-rut-public-land/,https://www.outdoorlife.com/best-deer-hunting-tips-for-the-rut/
https://www.outdoorlife.com/photos/gallery/hunting/whitetail-deer/rut/2010/10/ols-40-best-deer-tips/,https://www.outdoorlife.com/best-deer-hunting-tips-for-the-rut/
https://www.outdoorlife.com/story/guns/benelli-super-black-eagle-3-is-now-offered-in-20-gauge/,https://www.outdoorlife.com/benelli-super-black-eagle-3-review/
https://www.outdoorlife.com/articles/gear/2015/12/utv-review-can-am-defender-hd8-xt-dps/,https://www.outdoorlife.com/12-best-utvs-for-hunters-gear-test/
https://www.outdoorlife.com/articles/hunting/2007/09/grouse-out-cold/,https://www.outdoorlife.com/10-next-level-ruffed-grouse-hunting-tips/
https://www.outdoorlife.com/articles/hunting/2007/09/hit-or-miss-grouse/,https://www.outdoorlife.com/10-next-level-ruffed-grouse-hunting-tips/
https://www.outdoorlife.com/blogs/hunting/tips-and-tactics-how-hunt-grouse/,https://www.outdoorlife.com/10-next-level-ruffed-grouse-hunting-tips/
https://www.outdoorlife.com/story/hunting/the-hardest-grouse-hunts-in-the-country/,https://www.outdoorlife.com/10-next-level-ruffed-grouse-hunting-tips/
https://www.outdoorlife.com/adventure/video-colorado-man-discovers-mountain-lion-eating-elk-porch/,https://www.outdoorlife.com/category/cougar-hunting/
https://www.outdoorlife.com/articles/gear/2012/04/atv-review-2012-polaris-sportsman-touring-850-ho/,https://www.outdoorlife.com/gear/polaris-ranger-570-review/
https://www.outdoorlife.com/articles/gear/atvs/2012/04/atv-review-2012-can-am-outlander-1000-xt-1/,https://www.outdoorlife.com/category/atvs/
https://www.outdoorlife.com/articles/guns/2016/02/why-ar-15-greatest-rifle-ever-and-6-men-who-are-working-make-it-better/,https://www.outdoorlife.com/gear/best-rifles/
https://www.outdoorlife.com/articles/hunting/2007/09/black-bears-simple-fools-or-cunning-killers/,https://www.outdoorlife.com/category/black-bear-hunting/
https://www.outdoorlife.com/articles/hunting/2007/09/outdoor-life-book-world-records/,https://www.outdoorlife.com/fishing/biggest-fish-ever-caught
https://www.outdoorlife.com/articles/hunting/2015/05/tips-and-tactics-how-hunt-black-bears/,https://www.outdoorlife.com/category/black-bear-hunting/
https://www.outdoorlife.com/blogs/game-changers/bait-or-not-bait-impacts-supplemental-feeding-deer-behavior-and-habitat/,https://www.outdoorlife.com/conservation/what-do-deer-eat/
https://www.outdoorlife.com/blogs/game-changers/deer-hunting-how-tips-butchering-and-processing-your-own-venison/,https://www.outdoorlife.com/hunting/how-to-skin-a-deer/
https://www.outdoorlife.com/blogs/game-changers/fall-black-bear-hunting-tips-gear-stands-and-strategies/,https://www.outdoorlife.com/category/black-bear-hunting/
https://www.outdoorlife.com/blogs/gun-shots/2012/09/gun-review-montana-rifle-company-dangerous-game-rifle/,https://www.outdoorlife.com/guns/best-dangerous-game-cartridges/
https://www.outdoorlife.com/blogs/hunting/2012/02/interview-chris-pratt-talks-about-hunting-tanning-and-squirrels/,https://www.outdoorlife.com/story/hunting/the-ultimate-guide-to-hunting-squirrels/
https://www.outdoorlife.com/blogs/hunting/tips-and-tactics-how-hunt-black-tail-deer/,https://www.outdoorlife.com/conservation/new-blacktail-deer-foundation/
https://www.outdoorlife.com/blogs/hunting/tips-and-tactics-how-hunt-wild-sheep/,https://www.outdoorlife.com/hunting/can-yukon-sheep-hunting-survive/
https://www.outdoorlife.com/fishing/florida-bigeye-tuna-record/,https://www.outdoorlife.com/fishing/world-record-tuna/
https://www.outdoorlife.com/hunting/hunter-tags-super-freak-pronghorn/,https://www.outdoorlife.com/hunting/3-best-states-hunt-pronghorn/
https://www.outdoorlife.com/hunting/ohio-droptine-buck-hunt/,https://www.outdoorlife.com/hunting/drop-tine-deer/
https://www.outdoorlife.com/test-benelli-828u-shotgun-ducks-uruguay/,https://www.outdoorlife.com/gear/best-over-under-shotguns/