https://www.outdoorlife.com/hunting/biggest-nontypical-whitetail-world-record/?view=plan-select;https://www.outdoorlife.com/hunting/biggest-nontypical-whitetail-world-record/
https://www.outdoorlife.com/hunting/biggest-nontypical-whitetail-world-record/?view=plan-select;https://www.outdoorlife.com/hunting/biggest-nontypical-whitetail-world-record/
https://www.outdoorlife.com/conservation/senator-rand-paul-chronic-wasting-disease/?utm_campaign=trueanthem_AI&utm_medium=social&utm_source=facebook&utm_term=outdoorlife&fbclid=IwAR00J_6nsuoYLEbiuZtwSJh-hZdz9WPBc4JU7yBZR8-2wxsl5g6wra121Yw;https://www.outdoorlife.com/conservation/senator-rand-paul-chronic-wasting-disease/
https://www.outdoorlife.com/photos/gallery/guns/rifles/2012/03/survival-guns-survival-rifles-guns-survival-home-defense-shotguns/?image=0;https://www.outdoorlife.com/photos/gallery/guns/rifles/2012/03/survival-guns-survival-rifles-guns-survival-home-defense-shotguns/
https://www.outdoorlife.com/gear/best-camping-meals/?_thumbnail_id=189786;https://www.outdoorlife.com/gear/best-camping-meals/
https://www.outdoorlife.com/gear/best-camping-meals/?_thumbnail_id=189786;https://www.outdoorlife.com/gear/best-camping-meals/
https://www.outdoorlife.com/gear/best-camping-meals/?_thumbnail_id=189786;https://www.outdoorlife.com/gear/best-camping-meals/
https://www.outdoorlife.com/gear/best-camping-meals/?_thumbnail_id=189786;https://www.outdoorlife.com/gear/best-camping-meals/
https://www.outdoorlife.com/gear/best-camping-meals/?_thumbnail_id=189786;https://www.outdoorlife.com/gear/best-camping-meals/
https://www.outdoorlife.com/gear/best-camping-meals/?_thumbnail_id=189786;https://www.outdoorlife.com/gear/best-camping-meals/
https://www.outdoorlife.com/gear/best-camping-meals/?_thumbnail_id=189786;https://www.outdoorlife.com/gear/best-camping-meals/
https://www.outdoorlife.com/gear/best-camping-meals/?_thumbnail_id=189786;https://www.outdoorlife.com/gear/best-camping-meals/
https://www.outdoorlife.com/gear/best-camping-meals/?_thumbnail_id=189786;https://www.outdoorlife.com/gear/best-camping-meals/
https://www.outdoorlife.com/gear/best-camping-fans/?preview=true&_thumbnail_id=193786;https://www.outdoorlife.com/gear/best-camping-fans/
https://www.outdoorlife.com/gear/best-camping-fans/?preview=true&_thumbnail_id=193786;https://www.outdoorlife.com/gear/best-camping-fans/
https://www.outdoorlife.com/gear/best-camping-fans/?preview=true&_thumbnail_id=193786;https://www.outdoorlife.com/gear/best-camping-fans/
https://www.outdoorlife.com/gear/best-camping-fans/?preview=true&_thumbnail_id=193786;https://www.outdoorlife.com/gear/best-camping-fans/
https://www.outdoorlife.com/gear/best-camping-fans/?preview=true&_thumbnail_id=193786;https://www.outdoorlife.com/gear/best-camping-fans/
https://www.outdoorlife.com/gear/best-power-banks-for-camping/?_thumbnail_id=196416;https://www.outdoorlife.com/gear/best-power-banks-for-camping/
https://www.outdoorlife.com/gear/best-power-banks-for-camping/?_thumbnail_id=196416;https://www.outdoorlife.com/gear/best-power-banks-for-camping/
https://www.outdoorlife.com/opinion/jack-oconnor-long-range-hunting-new-calibers/?utm_medium=social&utm_source=facebook&fbclid=IwAR1MwIuCEqiwkASPApcIVgXgCuzHfPrkimf5F_9GxoB1UnK-k2yqRtendHo;https://www.outdoorlife.com/opinion/jack-oconnor-long-range-hunting-new-calibers/
https://www.outdoorlife.com/8-times-jack-oconnor-wrote-about-winchester-model-70/?;https://www.outdoorlife.com/8-times-jack-oconnor-wrote-about-winchester-model-70/
https://www.outdoorlife.com/hunting/biggest-nontypical-whitetail-world-record/?view=plan-select&amp;https://www.outdoorlife.com/hunting/biggest-nontypical-whitetail-world-record/
https://www.outdoorlife.com/hunting/biggest-nontypical-whitetail-world-record/?view=plan-select&amp;https://www.outdoorlife.com/hunting/biggest-nontypical-whitetail-world-record/
https://www.outdoorlife.com/photos/gallery/hunting/2009/10/newest-record-bucks/?image=10/;https://www.outdoorlife.com/photos/gallery/hunting/2009/10/newest-record-bucks/
https://www.outdoorlife.com/photos/gallery/hunting/2011/11/top-40-typical-and-nontypical-whitetails-all-time/?image=35/;https://www.outdoorlife.com/photos/gallery/hunting/2011/11/top-40-typical-and-nontypical-whitetails-all-time/
https://www.outdoorlife.com/fishing/million-dollar-marlin/?_thumbnail_id=207643;https://www.outdoorlife.com/fishing/million-dollar-marlin/
https://www.outdoorlife.com/photos/gallery/2015/04/photos-how-make-primal-cuts-wild-hog/?image=0/;https://www.outdoorlife.com/photos/gallery/2015/04/photos-how-make-primal-cuts-wild-hog/
https://www.outdoorlife.com/photos/gallery/2015/04/photos-how-make-primal-cuts-wild-hog/?image=0/;https://www.outdoorlife.com/photos/gallery/2015/04/photos-how-make-primal-cuts-wild-hog/
https://www.outdoorlife.com/photos/gallery/2014/12/wild-game-how-trim-and-prepare-deer-heart/?image=0/;https://www.outdoorlife.com/photos/gallery/2014/12/wild-game-how-trim-and-prepare-deer-heart/
https://www.outdoorlife.com/fishing/record-fish-west-virginia-kanawha-river/?_thumbnail_id=193549;https://www.outdoorlife.com/fishing/record-fish-west-virginia-kanawha-river/
https://www.outdoorlife.com/?v=aYavZ2eMWn4%2F;https://www.outdoorlife.com/
https://www.outdoorlife.com/conservation/senator-rand-paul-chronic-wasting-disease/?utm_campaign=trueanthem_AI&utm_medium=social&utm_source=facebook&utm_term=outdoorlife&fbclid=IwAR00J_6nsuoYLEbiuZtwSJh-hZdz9WPBc4JU7yBZR8-2wxsl5g6wra121Yw&amp;https://www.outdoorlife.com/conservation/senator-rand-paul-chronic-wasting-disease/
https://www.outdoorlife.com/gear/solo-stove-review/?_thumbnail_id=171127;https://www.outdoorlife.com/gear/solo-stove-review/
https://www.outdoorlife.com/photos/gallery/guns/rifles/2012/03/survival-guns-survival-rifles-guns-survival-home-defense-shotguns/?image=0&amp;https://www.outdoorlife.com/photos/gallery/guns/rifles/2012/03/survival-guns-survival-rifles-guns-survival-home-defense-shotguns/
https://www.outdoorlife.com/gear/best-camping-meals/?_thumbnail_id=189786&amp;https://www.outdoorlife.com/gear/best-camping-meals/
https://www.outdoorlife.com/gear/best-camping-meals/?_thumbnail_id=189786&amp;https://www.outdoorlife.com/gear/best-camping-meals/
https://www.outdoorlife.com/gear/best-camping-meals/?_thumbnail_id=189786&amp;https://www.outdoorlife.com/gear/best-camping-meals/
https://www.outdoorlife.com/gear/best-camping-meals/?_thumbnail_id=189786&amp;https://www.outdoorlife.com/gear/best-camping-meals/
https://www.outdoorlife.com/gear/best-camping-meals/?_thumbnail_id=189786&amp;https://www.outdoorlife.com/gear/best-camping-meals/
https://www.outdoorlife.com/gear/best-camping-meals/?_thumbnail_id=189786&amp;https://www.outdoorlife.com/gear/best-camping-meals/
https://www.outdoorlife.com/gear/best-camping-meals/?_thumbnail_id=189786&amp;https://www.outdoorlife.com/gear/best-camping-meals/
https://www.outdoorlife.com/gear/best-camping-meals/?_thumbnail_id=189786&amp;https://www.outdoorlife.com/gear/best-camping-meals/
https://www.outdoorlife.com/gear/best-camping-meals/?_thumbnail_id=189786&amp;https://www.outdoorlife.com/gear/best-camping-meals/
https://www.outdoorlife.com/gear/best-solar-panels-for-camping/?_thumbnail_id=196845;https://www.outdoorlife.com/gear/best-solar-panels-for-camping/
https://www.outdoorlife.com/photos/gallery/2014/12/photos-8-ways-build-fire-lay/?image=1/;https://www.outdoorlife.com/photos/gallery/2014/12/photos-8-ways-build-fire-lay/
https://www.outdoorlife.com/survival/video-montana-wedding-interrupted-by-grizzly-bear/?_thumbnail_id=210164;https://www.outdoorlife.com/survival/video-montana-wedding-interrupted-by-grizzly-bear/
https://www.outdoorlife.com/gear/best-camping-fans/?preview=true&_thumbnail_id=193786&amp;https://www.outdoorlife.com/gear/best-camping-fans/
https://www.outdoorlife.com/gear/best-camping-fans/?preview=true&_thumbnail_id=193786&amp;https://www.outdoorlife.com/gear/best-camping-fans/
https://www.outdoorlife.com/gear/best-camping-fans/?preview=true&_thumbnail_id=193786&amp;https://www.outdoorlife.com/gear/best-camping-fans/
https://www.outdoorlife.com/gear/best-camping-fans/?preview=true&_thumbnail_id=193786&amp;https://www.outdoorlife.com/gear/best-camping-fans/
https://www.outdoorlife.com/gear/best-camping-fans/?preview=true&_thumbnail_id=193786&amp;https://www.outdoorlife.com/gear/best-camping-fans/
https://www.outdoorlife.com/gear/best-power-banks-for-camping/?_thumbnail_id=196416&amp;https://www.outdoorlife.com/gear/best-power-banks-for-camping/
https://www.outdoorlife.com/gear/best-power-banks-for-camping/?_thumbnail_id=196416&amp;https://www.outdoorlife.com/gear/best-power-banks-for-camping/
https://www.outdoorlife.com/opinion/jack-oconnor-long-range-hunting-new-calibers/?utm_medium=social&utm_source=facebook&fbclid=IwAR1MwIuCEqiwkASPApcIVgXgCuzHfPrkimf5F_9GxoB1UnK-k2yqRtendHo&amp;https://www.outdoorlife.com/opinion/jack-oconnor-long-range-hunting-new-calibers/
https://www.outdoorlife.com/hunting/utah-proposes-trail-camera-ban/?_thumbnail_id=169302;https://www.outdoorlife.com/hunting/utah-proposes-trail-camera-ban/
https://www.outdoorlife.com/blogs/gun-shots/2014/01/beginners-guide-shooting-both-eyes-open-0/?dom=odl/;https://www.outdoorlife.com/blogs/gun-shots/2014/01/beginners-guide-shooting-both-eyes-open-0/
https://www.outdoorlife.com/photos/gallery/2014/08/dove-nation-hunting-opener-3-states/?image=0&dom=odl&loc=hpslider3&lnk=IMG/;https://www.outdoorlife.com/photos/gallery/2014/08/dove-nation-hunting-opener-3-states/
https://www.outdoorlife.com/photos/gallery/hunting/big-game/moose/2009/03/how-make-moose-call/?image=0/;https://www.outdoorlife.com/photos/gallery/hunting/big-game/moose/2009/03/how-make-moose-call/
https://www.outdoorlife.com/photos/gallery/hunting/2009/10/newest-record-bucks/?image=10%2F&amp;https://www.outdoorlife.com/photos/gallery/hunting/2009/10/newest-record-bucks/
https://www.outdoorlife.com/photos/gallery/hunting/2011/11/top-40-typical-and-nontypical-whitetails-all-time/?image=35%2F&amp;https://www.outdoorlife.com/photos/gallery/hunting/2011/11/top-40-typical-and-nontypical-whitetails-all-time/
https://www.outdoorlife.com/photos/gallery/photos/2009/05/cornhusker-gobblers/?image=0;https://www.outdoorlife.com/photos/gallery/photos/2009/05/cornhusker-gobblers/
https://www.outdoorlife.com/fishing/million-dollar-marlin/?_thumbnail_id=207643&amp;https://www.outdoorlife.com/fishing/million-dollar-marlin/
https://www.outdoorlife.com/photos/gallery/fishing/freshwater/largemouth-bass/2012/03/catch-biggest-fish-your-life/?photo=1;https://www.outdoorlife.com/photos/gallery/fishing/freshwater/largemouth-bass/2012/03/catch-biggest-fish-your-life/
https://www.outdoorlife.com/photos/gallery/fishing/freshwater/largemouth-bass/2012/03/catch-biggest-fish-your-life/?photo=2;https://www.outdoorlife.com/photos/gallery/fishing/freshwater/largemouth-bass/2012/03/catch-biggest-fish-your-life/
https://www.outdoorlife.com/photos/gallery/fishing/freshwater/largemouth-bass/2012/03/catch-biggest-fish-your-life/?photo=3;https://www.outdoorlife.com/photos/gallery/fishing/freshwater/largemouth-bass/2012/03/catch-biggest-fish-your-life/
https://www.outdoorlife.com/photos/gallery/fishing/freshwater/largemouth-bass/2012/03/catch-biggest-fish-your-life/?photo=4;https://www.outdoorlife.com/photos/gallery/fishing/freshwater/largemouth-bass/2012/03/catch-biggest-fish-your-life/
https://www.outdoorlife.com/photos/gallery/fishing/freshwater/largemouth-bass/2012/03/catch-biggest-fish-your-life/?photo=5;https://www.outdoorlife.com/photos/gallery/fishing/freshwater/largemouth-bass/2012/03/catch-biggest-fish-your-life/
https://www.outdoorlife.com/photos/gallery/fishing/freshwater/largemouth-bass/2012/03/catch-biggest-fish-your-life/?photo=6;https://www.outdoorlife.com/photos/gallery/fishing/freshwater/largemouth-bass/2012/03/catch-biggest-fish-your-life/
https://www.outdoorlife.com/photos/gallery/fishing/freshwater/largemouth-bass/2012/03/catch-biggest-fish-your-life/?photo=7;https://www.outdoorlife.com/photos/gallery/fishing/freshwater/largemouth-bass/2012/03/catch-biggest-fish-your-life/
https://www.outdoorlife.com/photos/gallery/fishing/freshwater/largemouth-bass/2012/03/catch-biggest-fish-your-life/?photo=8;https://www.outdoorlife.com/photos/gallery/fishing/freshwater/largemouth-bass/2012/03/catch-biggest-fish-your-life/
https://www.outdoorlife.com/photos/gallery/fishing/freshwater/largemouth-bass/2012/03/catch-biggest-fish-your-life/?photo=9;https://www.outdoorlife.com/photos/gallery/fishing/freshwater/largemouth-bass/2012/03/catch-biggest-fish-your-life/
https://www.outdoorlife.com/photos/gallery/fishing/freshwater/largemouth-bass/2012/03/catch-biggest-fish-your-life/?photo=10;https://www.outdoorlife.com/photos/gallery/fishing/freshwater/largemouth-bass/2012/03/catch-biggest-fish-your-life/
https://www.outdoorlife.com/blogs/out-there/video-outfitters-take-hunting-hounds/?;https://www.outdoorlife.com/blogs/out-there/video-outfitters-take-hunting-hounds/
https://www.outdoorlife.com/photos/gallery/hunting/2011/03/sci-records-asia/?photo=4;https://www.outdoorlife.com/photos/gallery/hunting/2011/03/sci-records-asia/
https://www.outdoorlife.com/photos/gallery/2015/04/photos-how-make-primal-cuts-wild-hog/?image=0%2F&amp;https://www.outdoorlife.com/photos/gallery/2015/04/photos-how-make-primal-cuts-wild-hog/
https://www.outdoorlife.com/photos/gallery/2015/04/photos-how-make-primal-cuts-wild-hog/?image=0%2F&amp;https://www.outdoorlife.com/photos/gallery/2015/04/photos-how-make-primal-cuts-wild-hog/
https://www.outdoorlife.com/photos/gallery/2014/12/wild-game-how-trim-and-prepare-deer-heart/?image=0%2F&amp;https://www.outdoorlife.com/photos/gallery/2014/12/wild-game-how-trim-and-prepare-deer-heart/
https://www.outdoorlife.com/photos/gallery/hunting/whitetail-deer/game-prep-and-cooking/2010/11/perfect-venison/?photo=1;https://www.outdoorlife.com/photos/gallery/hunting/whitetail-deer/game-prep-and-cooking/2010/11/perfect-venison/
https://www.outdoorlife.com/fishing/record-fish-west-virginia-kanawha-river/?_thumbnail_id=193549&amp;https://www.outdoorlife.com/fishing/record-fish-west-virginia-kanawha-river/
https://www.outdoorlife.com/?v=aYavZ2eMWn4%2F&amp;https://www.outdoorlife.com/
https://www.outdoorlife.com/photos/gallery/hunting/2009/02/big-louie-5/?photo=0/;https://www.outdoorlife.com/photos/gallery/hunting/2009/02/big-louie-5/
https://www.outdoorlife.com/photos/gallery/hunting/2009/10/meat-eating-deer/?photo=0/;https://www.outdoorlife.com/photos/gallery/hunting/2009/10/meat-eating-deer/
https://www.outdoorlife.com/?strId=9049%2F;https://www.outdoorlife.com/
https://www.outdoorlife.com/?imageID=40206002;https://www.outdoorlife.com/
https://www.outdoorlife.com/?imageID=40206003;https://www.outdoorlife.com/
https://www.outdoorlife.com/?imageID=40206004;https://www.outdoorlife.com/
https://www.outdoorlife.com/?imageID=40206005;https://www.outdoorlife.com/
https://www.outdoorlife.com/?imageID=40206006;https://www.outdoorlife.com/
https://www.outdoorlife.com/?imageID=40206007;https://www.outdoorlife.com/
https://www.outdoorlife.com/?imageID=40206008;https://www.outdoorlife.com/
https://www.outdoorlife.com/?imageID=40206009;https://www.outdoorlife.com/
https://www.outdoorlife.com/?imageID=40206010;https://www.outdoorlife.com/
https://www.outdoorlife.com/?imageID=40206011;https://www.outdoorlife.com/
https://www.outdoorlife.com/deep-dives/dam-malfunction-madison-river/?_thumbnail_id=172501;https://www.outdoorlife.com/deep-dives/dam-malfunction-madison-river/
https://www.outdoorlife.com/gear/solo-stove-review/?_thumbnail_id=171127&amp;https://www.outdoorlife.com/gear/solo-stove-review/
https://www.outdoorlife.com/gear/best-solar-panels-for-camping/?_thumbnail_id=196845&amp;https://www.outdoorlife.com/gear/best-solar-panels-for-camping/
https://www.outdoorlife.com/blogs/gun-shots/2010/05/scopes-everywhere/?_siq_page=2&_siq_sort=relevance%2F;https://www.outdoorlife.com/blogs/gun-shots/2010/05/scopes-everywhere/
https://www.outdoorlife.com/photos/gallery/gear/2011/11/outdoor-life-reviews-best-new-atvs-and-utvs/?photo=6;https://www.outdoorlife.com/photos/gallery/gear/2011/11/outdoor-life-reviews-best-new-atvs-and-utvs/
https://www.outdoorlife.com/photos/gallery/gear/2011/11/outdoor-life-reviews-best-new-atvs-and-utvs/?photo=11;https://www.outdoorlife.com/photos/gallery/gear/2011/11/outdoor-life-reviews-best-new-atvs-and-utvs/
https://www.outdoorlife.com/photos/gallery/2014/12/photos-8-ways-build-fire-lay/?image=1%2F&amp;https://www.outdoorlife.com/photos/gallery/2014/12/photos-8-ways-build-fire-lay/
https://www.outdoorlife.com/survival/video-montana-wedding-interrupted-by-grizzly-bear/?_thumbnail_id=210164&amp;https://www.outdoorlife.com/survival/video-montana-wedding-interrupted-by-grizzly-bear/
https://www.outdoorlife.com/?id=39526718;https://www.outdoorlife.com/
https://www.outdoorlife.com/hunting/utah-proposes-trail-camera-ban/?_thumbnail_id=169302&amp;https://www.outdoorlife.com/hunting/utah-proposes-trail-camera-ban/
https://www.outdoorlife.com/photos/gallery/hunting/2011/10/veteran-bowhunter-takes-194-inch-buck-sunflower-state/?photo=0;https://www.outdoorlife.com/photos/gallery/hunting/2011/10/veteran-bowhunter-takes-194-inch-buck-sunflower-state/
https://www.outdoorlife.com/blogs/gun-shots/2014/01/beginners-guide-shooting-both-eyes-open-0/?dom=odl%2F&amp;https://www.outdoorlife.com/blogs/gun-shots/2014/01/beginners-guide-shooting-both-eyes-open-0/
https://www.outdoorlife.com/photos/gallery/2014/08/dove-nation-hunting-opener-3-states/?image=0&dom=odl&loc=hpslider3&lnk=IMG%2F&amp;https://www.outdoorlife.com/photos/gallery/2014/08/dove-nation-hunting-opener-3-states/
https://www.outdoorlife.com/photos/gallery/hunting/big-game/moose/2009/03/how-make-moose-call/?image=0%2F&amp;https://www.outdoorlife.com/photos/gallery/hunting/big-game/moose/2009/03/how-make-moose-call/
https://www.outdoorlife.com/photos/gallery/hunting/2011/08/alaska-sheep-hunting-trophy-sheep-hunting-alaska/?photo=22;https://www.outdoorlife.com/photos/gallery/hunting/2011/08/alaska-sheep-hunting-trophy-sheep-hunting-alaska/
https://www.outdoorlife.com/photos/gallery/photos/2009/05/cornhusker-gobblers/?image=0&amp;https://www.outdoorlife.com/photos/gallery/photos/2009/05/cornhusker-gobblers/
https://www.outdoorlife.com/photos/gallery/hunting/2012/04/live-hunt-essential-gear-hunting-fishing-and-trapping-alaska/?photo=23;https://www.outdoorlife.com/photos/gallery/hunting/2012/04/live-hunt-essential-gear-hunting-fishing-and-trapping-alaska/
https://www.outdoorlife.com/photos/gallery/fishing/freshwater/largemouth-bass/2012/06/ultimate-great-lakes-fishing-guide/?photo=1;https://www.outdoorlife.com/photos/gallery/fishing/freshwater/largemouth-bass/2012/06/ultimate-great-lakes-fishing-guide/
https://www.outdoorlife.com/photos/gallery/fishing/freshwater/largemouth-bass/2012/06/ultimate-great-lakes-fishing-guide/?photo=7;https://www.outdoorlife.com/photos/gallery/fishing/freshwater/largemouth-bass/2012/06/ultimate-great-lakes-fishing-guide/
https://www.outdoorlife.com/photos/gallery/fishing/freshwater/largemouth-bass/2012/06/ultimate-great-lakes-fishing-guide/?photo=13;https://www.outdoorlife.com/photos/gallery/fishing/freshwater/largemouth-bass/2012/06/ultimate-great-lakes-fishing-guide/
https://www.outdoorlife.com/photos/gallery/fishing/freshwater/largemouth-bass/2012/06/ultimate-great-lakes-fishing-guide/?photo=20;https://www.outdoorlife.com/photos/gallery/fishing/freshwater/largemouth-bass/2012/06/ultimate-great-lakes-fishing-guide/
https://www.outdoorlife.com/photos/gallery/fishing/freshwater/largemouth-bass/2012/06/ultimate-great-lakes-fishing-guide/?photo=26;https://www.outdoorlife.com/photos/gallery/fishing/freshwater/largemouth-bass/2012/06/ultimate-great-lakes-fishing-guide/
https://www.outdoorlife.com/photos/gallery/fishing/freshwater/largemouth-bass/2012/03/catch-biggest-fish-your-life/?photo=1&amp;https://www.outdoorlife.com/photos/gallery/fishing/freshwater/largemouth-bass/2012/03/catch-biggest-fish-your-life/
https://www.outdoorlife.com/photos/gallery/fishing/freshwater/largemouth-bass/2012/03/catch-biggest-fish-your-life/?photo=2&amp;https://www.outdoorlife.com/photos/gallery/fishing/freshwater/largemouth-bass/2012/03/catch-biggest-fish-your-life/
https://www.outdoorlife.com/photos/gallery/fishing/freshwater/largemouth-bass/2012/03/catch-biggest-fish-your-life/?photo=3&amp;https://www.outdoorlife.com/photos/gallery/fishing/freshwater/largemouth-bass/2012/03/catch-biggest-fish-your-life/
https://www.outdoorlife.com/photos/gallery/fishing/freshwater/largemouth-bass/2012/03/catch-biggest-fish-your-life/?photo=4&amp;https://www.outdoorlife.com/photos/gallery/fishing/freshwater/largemouth-bass/2012/03/catch-biggest-fish-your-life/
https://www.outdoorlife.com/photos/gallery/fishing/freshwater/largemouth-bass/2012/03/catch-biggest-fish-your-life/?photo=5&amp;https://www.outdoorlife.com/photos/gallery/fishing/freshwater/largemouth-bass/2012/03/catch-biggest-fish-your-life/
https://www.outdoorlife.com/photos/gallery/fishing/freshwater/largemouth-bass/2012/03/catch-biggest-fish-your-life/?photo=6&amp;https://www.outdoorlife.com/photos/gallery/fishing/freshwater/largemouth-bass/2012/03/catch-biggest-fish-your-life/
https://www.outdoorlife.com/photos/gallery/fishing/freshwater/largemouth-bass/2012/03/catch-biggest-fish-your-life/?photo=7&amp;https://www.outdoorlife.com/photos/gallery/fishing/freshwater/largemouth-bass/2012/03/catch-biggest-fish-your-life/
https://www.outdoorlife.com/photos/gallery/fishing/freshwater/largemouth-bass/2012/03/catch-biggest-fish-your-life/?photo=8&amp;https://www.outdoorlife.com/photos/gallery/fishing/freshwater/largemouth-bass/2012/03/catch-biggest-fish-your-life/
https://www.outdoorlife.com/photos/gallery/fishing/freshwater/largemouth-bass/2012/03/catch-biggest-fish-your-life/?photo=9&amp;https://www.outdoorlife.com/photos/gallery/fishing/freshwater/largemouth-bass/2012/03/catch-biggest-fish-your-life/
https://www.outdoorlife.com/photos/gallery/fishing/freshwater/largemouth-bass/2012/03/catch-biggest-fish-your-life/?photo=10&amp;https://www.outdoorlife.com/photos/gallery/fishing/freshwater/largemouth-bass/2012/03/catch-biggest-fish-your-life/
https://www.outdoorlife.com/photos/gallery/hunting/2012/10/e-collar-review-ol-tests-best-electronic-dog-collars/?photo=9;https://www.outdoorlife.com/photos/gallery/hunting/2012/10/e-collar-review-ol-tests-best-electronic-dog-collars/
https://www.outdoorlife.com/photos/gallery/hunting/2011/03/sci-records-asia/?photo=4&amp;https://www.outdoorlife.com/photos/gallery/hunting/2011/03/sci-records-asia/
https://www.outdoorlife.com/photos/gallery/hunting/whitetail-deer/game-prep-and-cooking/2010/11/perfect-venison/?photo=1&amp;https://www.outdoorlife.com/photos/gallery/hunting/whitetail-deer/game-prep-and-cooking/2010/11/perfect-venison/
https://www.outdoorlife.com/photos/gallery/hunting/2009/02/big-louie-5/?photo=0%2F&amp;https://www.outdoorlife.com/photos/gallery/hunting/2009/02/big-louie-5/
https://www.outdoorlife.com/photos/gallery/hunting/2009/10/meat-eating-deer/?photo=0%2F&amp;https://www.outdoorlife.com/photos/gallery/hunting/2009/10/meat-eating-deer/
https://www.outdoorlife.com/?strId=9049%2F&amp;https://www.outdoorlife.com/
https://www.outdoorlife.com/?imageID=40206002&amp;https://www.outdoorlife.com/
https://www.outdoorlife.com/?imageID=40206003&amp;https://www.outdoorlife.com/
https://www.outdoorlife.com/?imageID=40206004&amp;https://www.outdoorlife.com/
https://www.outdoorlife.com/?imageID=40206005&amp;https://www.outdoorlife.com/
https://www.outdoorlife.com/?imageID=40206006&amp;https://www.outdoorlife.com/
https://www.outdoorlife.com/?imageID=40206007&amp;https://www.outdoorlife.com/
https://www.outdoorlife.com/?imageID=40206008&amp;https://www.outdoorlife.com/
https://www.outdoorlife.com/?imageID=40206009&amp;https://www.outdoorlife.com/
https://www.outdoorlife.com/?imageID=40206010&amp;https://www.outdoorlife.com/
https://www.outdoorlife.com/?imageID=40206011&amp;https://www.outdoorlife.com/
https://www.outdoorlife.com/deep-dives/dam-malfunction-madison-river/?_thumbnail_id=172501&amp;https://www.outdoorlife.com/deep-dives/dam-malfunction-madison-river/
https://www.outdoorlife.com/photos/gallery/hunting/2012/05/new-rifle-scopes-hunting-scope-best-gun-scopes-review/?photo=0;https://www.outdoorlife.com/photos/gallery/hunting/2012/05/new-rifle-scopes-hunting-scope-best-gun-scopes-review/
https://www.outdoorlife.com/photos/gallery/guns/rifles/2012/05/remington-700-look-best-rifles-behind-700s-50th-anniversary/?cmpid=enews051512&spPodID=020&spMailingID=4545896&spUserID=MTc3MTU4MzM4OTAS1&spJobID=272143438&spReportId=MjcyMTQzNDM4S0/;https://www.outdoorlife.com/photos/gallery/guns/rifles/2012/05/remington-700-look-best-rifles-behind-700s-50th-anniversary/
https://www.outdoorlife.com/photos/gallery/hunting/2013/02/new-optics-2013-best-new-binoculars-and-spotting-scopes/?photo=1;https://www.outdoorlife.com/photos/gallery/hunting/2013/02/new-optics-2013-best-new-binoculars-and-spotting-scopes/
https://www.outdoorlife.com/photos/gallery/hunting/2013/02/new-optics-2013-best-new-binoculars-and-spotting-scopes/?photo=6;https://www.outdoorlife.com/photos/gallery/hunting/2013/02/new-optics-2013-best-new-binoculars-and-spotting-scopes/
https://www.outdoorlife.com/photos/gallery/hunting/2013/02/new-optics-2013-best-new-binoculars-and-spotting-scopes/?photo=0;https://www.outdoorlife.com/photos/gallery/hunting/2013/02/new-optics-2013-best-new-binoculars-and-spotting-scopes/
https://www.outdoorlife.com/blogs/gun-shots/2010/05/scopes-everywhere/?_siq_page=2&_siq_sort=relevance%2F&amp;https://www.outdoorlife.com/blogs/gun-shots/2010/05/scopes-everywhere/
https://www.outdoorlife.com/?photo=13%2F;https://www.outdoorlife.com/
https://www.outdoorlife.com/photos/gallery/gear/2011/11/outdoor-life-reviews-best-new-atvs-and-utvs/?photo=6&amp;https://www.outdoorlife.com/photos/gallery/gear/2011/11/outdoor-life-reviews-best-new-atvs-and-utvs/
https://www.outdoorlife.com/photos/gallery/gear/2011/11/outdoor-life-reviews-best-new-atvs-and-utvs/?photo=11&amp;https://www.outdoorlife.com/photos/gallery/gear/2011/11/outdoor-life-reviews-best-new-atvs-and-utvs/
https://www.outdoorlife.com/?id=39526718&amp;https://www.outdoorlife.com/
https://www.outdoorlife.com/photos/gallery/hunting/2011/10/veteran-bowhunter-takes-194-inch-buck-sunflower-state/?photo=0&amp;https://www.outdoorlife.com/photos/gallery/hunting/2011/10/veteran-bowhunter-takes-194-inch-buck-sunflower-state/
https://www.outdoorlife.com/photos/gallery/hunting/2011/08/world-record-elk-nontypical-world-record-elk-typical-record-elk-spide/?photo=24;https://www.outdoorlife.com/photos/gallery/hunting/2011/08/world-record-elk-nontypical-world-record-elk-typical-record-elk-spide/
https://www.outdoorlife.com/photos/gallery/hunting/2011/08/world-record-elk-nontypical-world-record-elk-typical-record-elk-spide/?photo=1;https://www.outdoorlife.com/photos/gallery/hunting/2011/08/world-record-elk-nontypical-world-record-elk-typical-record-elk-spide/
https://www.outdoorlife.com/photos/gallery/hunting/2011/08/alaska-sheep-hunting-trophy-sheep-hunting-alaska/?photo=22&amp;https://www.outdoorlife.com/photos/gallery/hunting/2011/08/alaska-sheep-hunting-trophy-sheep-hunting-alaska/
https://www.outdoorlife.com/photos/gallery/hunting/2012/04/live-hunt-essential-gear-hunting-fishing-and-trapping-alaska/?photo=23&amp;https://www.outdoorlife.com/photos/gallery/hunting/2012/04/live-hunt-essential-gear-hunting-fishing-and-trapping-alaska/
https://www.outdoorlife.com/photos/gallery/fishing/2010/04/fish-faces-iv/?photo=0%2F&amp;https://www.outdoorlife.com/photos/gallery/fishing/2010/04/fish-faces-iv/
https://www.outdoorlife.com/photos/gallery/fishing/freshwater/largemouth-bass/2012/06/ultimate-great-lakes-fishing-guide/?photo=1&amp;https://www.outdoorlife.com/photos/gallery/fishing/freshwater/largemouth-bass/2012/06/ultimate-great-lakes-fishing-guide/
https://www.outdoorlife.com/photos/gallery/fishing/freshwater/largemouth-bass/2012/06/ultimate-great-lakes-fishing-guide/?photo=7&amp;https://www.outdoorlife.com/photos/gallery/fishing/freshwater/largemouth-bass/2012/06/ultimate-great-lakes-fishing-guide/
https://www.outdoorlife.com/photos/gallery/fishing/freshwater/largemouth-bass/2012/06/ultimate-great-lakes-fishing-guide/?photo=13&amp;https://www.outdoorlife.com/photos/gallery/fishing/freshwater/largemouth-bass/2012/06/ultimate-great-lakes-fishing-guide/
https://www.outdoorlife.com/photos/gallery/fishing/freshwater/largemouth-bass/2012/06/ultimate-great-lakes-fishing-guide/?photo=20&amp;https://www.outdoorlife.com/photos/gallery/fishing/freshwater/largemouth-bass/2012/06/ultimate-great-lakes-fishing-guide/
https://www.outdoorlife.com/photos/gallery/fishing/freshwater/largemouth-bass/2012/06/ultimate-great-lakes-fishing-guide/?photo=26&amp;https://www.outdoorlife.com/photos/gallery/fishing/freshwater/largemouth-bass/2012/06/ultimate-great-lakes-fishing-guide/
https://www.outdoorlife.com/photos/gallery/hunting/2012/10/e-collar-review-ol-tests-best-electronic-dog-collars/?photo=9&amp;https://www.outdoorlife.com/photos/gallery/hunting/2012/10/e-collar-review-ol-tests-best-electronic-dog-collars/
https://www.outdoorlife.com/photos/gallery/hunting/2012/05/new-rifle-scopes-hunting-scope-best-gun-scopes-review/?photo=0&amp;https://www.outdoorlife.com/photos/gallery/hunting/2012/05/new-rifle-scopes-hunting-scope-best-gun-scopes-review/
https://www.outdoorlife.com/photos/gallery/guns/rifles/2012/05/remington-700-look-best-rifles-behind-700s-50th-anniversary/?cmpid=enews051512&spPodID=020&spMailingID=4545896&spUserID=MTc3MTU4MzM4OTAS1&spJobID=272143438&spReportId=MjcyMTQzNDM4S0%2F&amp;https://www.outdoorlife.com/photos/gallery/guns/rifles/2012/05/remington-700-look-best-rifles-behind-700s-50th-anniversary/
https://www.outdoorlife.com/?photo=3;https://www.outdoorlife.com/
https://www.outdoorlife.com/photos/gallery/hunting/2013/02/new-optics-2013-best-new-binoculars-and-spotting-scopes/?photo=1&amp;https://www.outdoorlife.com/photos/gallery/hunting/2013/02/new-optics-2013-best-new-binoculars-and-spotting-scopes/
https://www.outdoorlife.com/photos/gallery/hunting/2013/02/new-optics-2013-best-new-binoculars-and-spotting-scopes/?photo=6&amp;https://www.outdoorlife.com/photos/gallery/hunting/2013/02/new-optics-2013-best-new-binoculars-and-spotting-scopes/
https://www.outdoorlife.com/photos/gallery/hunting/2013/02/new-optics-2013-best-new-binoculars-and-spotting-scopes/?photo=0&amp;https://www.outdoorlife.com/photos/gallery/hunting/2013/02/new-optics-2013-best-new-binoculars-and-spotting-scopes/
https://www.outdoorlife.com/?photo=13%2F&amp;https://www.outdoorlife.com/
https://www.outdoorlife.com/survival/?photo=1;https://www.outdoorlife.com/category/survival/
https://www.outdoorlife.com/survival/?photo=6;https://www.outdoorlife.com/category/survival/
https://www.outdoorlife.com/survival/?photo=11;https://www.outdoorlife.com/category/survival/
https://www.outdoorlife.com/survival/?photo=16;https://www.outdoorlife.com/category/survival/
https://www.outdoorlife.com/survival/?photo=20;https://www.outdoorlife.com/category/survival/
https://www.outdoorlife.com/photos/gallery/hunting/2011/08/world-record-elk-nontypical-world-record-elk-typical-record-elk-spide/?photo=24&amp;https://www.outdoorlife.com/photos/gallery/hunting/2011/08/world-record-elk-nontypical-world-record-elk-typical-record-elk-spide/
https://www.outdoorlife.com/photos/gallery/hunting/2011/08/world-record-elk-nontypical-world-record-elk-typical-record-elk-spide/?photo=1&amp;https://www.outdoorlife.com/photos/gallery/hunting/2011/08/world-record-elk-nontypical-world-record-elk-typical-record-elk-spide/
https://www.outdoorlife.com/photos/gallery/hunting/whitetail-deer/bowhunting/2010/06/mary-roberts-bow-girl/?photo=0/;https://www.outdoorlife.com/photos/gallery/hunting/whitetail-deer/bowhunting/2010/06/mary-roberts-bow-girl/
https://www.outdoorlife.com/photos/gallery/hunting/whitetail-deer/bowhunting/2010/06/mary-roberts-bow-girl/?photo=0/;https://www.outdoorlife.com/photos/gallery/hunting/whitetail-deer/bowhunting/2010/06/mary-roberts-bow-girl/
https://www.outdoorlife.com/photos/gallery/hunting/whitetail-deer/bowhunting/2010/06/mary-roberts-bow-girl/?photo=0/;https://www.outdoorlife.com/photos/gallery/hunting/whitetail-deer/bowhunting/2010/06/mary-roberts-bow-girl/
https://www.outdoorlife.com/photos/gallery/hunting/whitetail-deer/bowhunting/2010/06/mary-roberts-bow-girl/?photo=0/;https://www.outdoorlife.com/photos/gallery/hunting/whitetail-deer/bowhunting/2010/06/mary-roberts-bow-girl/
https://www.outdoorlife.com/photos/gallery/hunting/whitetail-deer/bowhunting/2010/06/mary-roberts-bow-girl/?photo=0/;https://www.outdoorlife.com/photos/gallery/hunting/whitetail-deer/bowhunting/2010/06/mary-roberts-bow-girl/
https://www.outdoorlife.com/photos/gallery/hunting/whitetail-deer/bowhunting/2010/06/mary-roberts-bow-girl/?photo=0/;https://www.outdoorlife.com/photos/gallery/hunting/whitetail-deer/bowhunting/2010/06/mary-roberts-bow-girl/
https://www.outdoorlife.com/photos/gallery/hunting/whitetail-deer/bowhunting/2010/06/mary-roberts-bow-girl/?photo=0/;https://www.outdoorlife.com/photos/gallery/hunting/whitetail-deer/bowhunting/2010/06/mary-roberts-bow-girl/
https://www.outdoorlife.com/photos/gallery/hunting/whitetail-deer/bowhunting/2010/06/mary-roberts-bow-girl/?photo=0/;https://www.outdoorlife.com/photos/gallery/hunting/whitetail-deer/bowhunting/2010/06/mary-roberts-bow-girl/
https://www.outdoorlife.com/photos/gallery/hunting/2010/08/kristy-lee-cook-goin-country/?photo=0/;https://www.outdoorlife.com/photos/gallery/hunting/2010/08/kristy-lee-cook-goin-country/
https://www.outdoorlife.com/photos/gallery/hunting/2010/08/kristy-lee-cook-goin-country/?photo=0/;https://www.outdoorlife.com/photos/gallery/hunting/2010/08/kristy-lee-cook-goin-country/
https://www.outdoorlife.com/photos/gallery/hunting/2010/08/kristy-lee-cook-goin-country/?photo=0/;https://www.outdoorlife.com/photos/gallery/hunting/2010/08/kristy-lee-cook-goin-country/
https://www.outdoorlife.com/photos/gallery/hunting/2010/08/kristy-lee-cook-goin-country/?photo=0/;https://www.outdoorlife.com/photos/gallery/hunting/2010/08/kristy-lee-cook-goin-country/
https://www.outdoorlife.com/photos/gallery/hunting/2010/08/kristy-lee-cook-goin-country/?photo=0/;https://www.outdoorlife.com/photos/gallery/hunting/2010/08/kristy-lee-cook-goin-country/
https://www.outdoorlife.com/photos/gallery/hunting/2010/08/kristy-lee-cook-goin-country/?photo=0/;https://www.outdoorlife.com/photos/gallery/hunting/2010/08/kristy-lee-cook-goin-country/
https://www.outdoorlife.com/photos/gallery/hunting/2010/08/ol-facebook-fan-corey-cogdell/?photo=0/;https://www.outdoorlife.com/photos/gallery/hunting/2010/08/ol-facebook-fan-corey-cogdell/
https://www.outdoorlife.com/photos/gallery/hunting/2010/08/ol-facebook-fan-corey-cogdell/?photo=0/;https://www.outdoorlife.com/photos/gallery/hunting/2010/08/ol-facebook-fan-corey-cogdell/
https://www.outdoorlife.com/photos/gallery/hunting/2010/08/ol-facebook-fan-corey-cogdell/?photo=0/;https://www.outdoorlife.com/photos/gallery/hunting/2010/08/ol-facebook-fan-corey-cogdell/
https://www.outdoorlife.com/photos/gallery/hunting/2010/08/ol-facebook-fan-corey-cogdell/?photo=0/;https://www.outdoorlife.com/photos/gallery/hunting/2010/08/ol-facebook-fan-corey-cogdell/
https://www.outdoorlife.com/photos/gallery/hunting/2010/08/ol-facebook-fan-corey-cogdell/?photo=0/;https://www.outdoorlife.com/photos/gallery/hunting/2010/08/ol-facebook-fan-corey-cogdell/
https://www.outdoorlife.com/photos/gallery/hunting/2010/08/ol-facebook-fan-corey-cogdell/?photo=0/;https://www.outdoorlife.com/photos/gallery/hunting/2010/08/ol-facebook-fan-corey-cogdell/
https://www.outdoorlife.com/photos/gallery/hunting/2010/08/ol-facebook-fan-corey-cogdell/?photo=0/;https://www.outdoorlife.com/photos/gallery/hunting/2010/08/ol-facebook-fan-corey-cogdell/
https://www.outdoorlife.com/photos/gallery/hunting/2010/08/ol-facebook-fan-corey-cogdell/?photo=0/;https://www.outdoorlife.com/photos/gallery/hunting/2010/08/ol-facebook-fan-corey-cogdell/
https://www.outdoorlife.com/photos/gallery/fishing/2010/06/tarpon-tourny/?photo=1/;https://www.outdoorlife.com/photos/gallery/fishing/2010/06/tarpon-tourny/
https://www.outdoorlife.com/photos/gallery/fishing/2010/06/tarpon-tourny/?photo=1/;https://www.outdoorlife.com/photos/gallery/fishing/2010/06/tarpon-tourny/
https://www.outdoorlife.com/photos/gallery/fishing/2010/06/tarpon-tourny/?photo=1/;https://www.outdoorlife.com/photos/gallery/fishing/2010/06/tarpon-tourny/
https://www.outdoorlife.com/photos/gallery/fishing/2010/06/tarpon-tourny/?photo=1/;https://www.outdoorlife.com/photos/gallery/fishing/2010/06/tarpon-tourny/
https://www.outdoorlife.com/photos/gallery/fishing/2010/06/tarpon-tourny/?photo=1/;https://www.outdoorlife.com/photos/gallery/fishing/2010/06/tarpon-tourny/
https://www.outdoorlife.com/photos/gallery/fishing/2010/06/tarpon-tourny/?photo=1/;https://www.outdoorlife.com/photos/gallery/fishing/2010/06/tarpon-tourny/
https://www.outdoorlife.com/?photo=12%2F;https://www.outdoorlife.com/
https://www.outdoorlife.com/?photo=3&amp;https://www.outdoorlife.com/
https://www.outdoorlife.com/survival/?photo=1&amp;https://www.outdoorlife.com/category/survival/
https://www.outdoorlife.com/survival/?photo=6&amp;https://www.outdoorlife.com/category/survival/
https://www.outdoorlife.com/survival/?photo=16&amp;https://www.outdoorlife.com/category/survival/
https://www.outdoorlife.com/survival/?photo=11&amp;https://www.outdoorlife.com/category/survival/
https://www.outdoorlife.com/survival/?photo=20&amp;https://www.outdoorlife.com/category/survival/
https://www.outdoorlife.com/photos/gallery/hunting/2010/08/ol-facebook-fan-corey-cogdell/?photo=0%2F&amp;https://www.outdoorlife.com/photos/gallery/hunting/2010/08/ol-facebook-fan-corey-cogdell/
https://www.outdoorlife.com/photos/gallery/hunting/2010/08/ol-facebook-fan-corey-cogdell/?photo=0%2F&amp;https://www.outdoorlife.com/photos/gallery/hunting/2010/08/ol-facebook-fan-corey-cogdell/
https://www.outdoorlife.com/photos/gallery/hunting/2010/08/ol-facebook-fan-corey-cogdell/?photo=0%2F&amp;https://www.outdoorlife.com/photos/gallery/hunting/2010/08/ol-facebook-fan-corey-cogdell/
https://www.outdoorlife.com/photos/gallery/hunting/2010/08/ol-facebook-fan-corey-cogdell/?photo=0%2F&amp;https://www.outdoorlife.com/photos/gallery/hunting/2010/08/ol-facebook-fan-corey-cogdell/
https://www.outdoorlife.com/photos/gallery/hunting/2010/08/ol-facebook-fan-corey-cogdell/?photo=0%2F&amp;https://www.outdoorlife.com/photos/gallery/hunting/2010/08/ol-facebook-fan-corey-cogdell/
https://www.outdoorlife.com/photos/gallery/hunting/2010/08/ol-facebook-fan-corey-cogdell/?photo=0%2F&amp;https://www.outdoorlife.com/photos/gallery/hunting/2010/08/ol-facebook-fan-corey-cogdell/
https://www.outdoorlife.com/photos/gallery/hunting/2010/08/ol-facebook-fan-corey-cogdell/?photo=0%2F&amp;https://www.outdoorlife.com/photos/gallery/hunting/2010/08/ol-facebook-fan-corey-cogdell/
https://www.outdoorlife.com/photos/gallery/hunting/2010/08/ol-facebook-fan-corey-cogdell/?photo=0%2F&amp;https://www.outdoorlife.com/photos/gallery/hunting/2010/08/ol-facebook-fan-corey-cogdell/
https://www.outdoorlife.com/photos/gallery/hunting/whitetail-deer/bowhunting/2010/06/mary-roberts-bow-girl/?photo=0%2F&amp;https://www.outdoorlife.com/photos/gallery/hunting/whitetail-deer/bowhunting/2010/06/mary-roberts-bow-girl/
https://www.outdoorlife.com/photos/gallery/hunting/whitetail-deer/bowhunting/2010/06/mary-roberts-bow-girl/?photo=0%2F&amp;https://www.outdoorlife.com/photos/gallery/hunting/whitetail-deer/bowhunting/2010/06/mary-roberts-bow-girl/
https://www.outdoorlife.com/photos/gallery/hunting/whitetail-deer/bowhunting/2010/06/mary-roberts-bow-girl/?photo=0%2F&amp;https://www.outdoorlife.com/photos/gallery/hunting/whitetail-deer/bowhunting/2010/06/mary-roberts-bow-girl/
https://www.outdoorlife.com/photos/gallery/hunting/whitetail-deer/bowhunting/2010/06/mary-roberts-bow-girl/?photo=0%2F&amp;https://www.outdoorlife.com/photos/gallery/hunting/whitetail-deer/bowhunting/2010/06/mary-roberts-bow-girl/
https://www.outdoorlife.com/photos/gallery/hunting/whitetail-deer/bowhunting/2010/06/mary-roberts-bow-girl/?photo=0%2F&amp;https://www.outdoorlife.com/photos/gallery/hunting/whitetail-deer/bowhunting/2010/06/mary-roberts-bow-girl/
https://www.outdoorlife.com/photos/gallery/hunting/whitetail-deer/bowhunting/2010/06/mary-roberts-bow-girl/?photo=0%2F&amp;https://www.outdoorlife.com/photos/gallery/hunting/whitetail-deer/bowhunting/2010/06/mary-roberts-bow-girl/
https://www.outdoorlife.com/photos/gallery/hunting/whitetail-deer/bowhunting/2010/06/mary-roberts-bow-girl/?photo=0%2F&amp;https://www.outdoorlife.com/photos/gallery/hunting/whitetail-deer/bowhunting/2010/06/mary-roberts-bow-girl/
https://www.outdoorlife.com/photos/gallery/hunting/whitetail-deer/bowhunting/2010/06/mary-roberts-bow-girl/?photo=0%2F&amp;https://www.outdoorlife.com/photos/gallery/hunting/whitetail-deer/bowhunting/2010/06/mary-roberts-bow-girl/
https://www.outdoorlife.com/photos/gallery/fishing/2010/06/tarpon-tourny/?photo=1%2F&amp;https://www.outdoorlife.com/photos/gallery/fishing/2010/06/tarpon-tourny/
https://www.outdoorlife.com/photos/gallery/fishing/2010/06/tarpon-tourny/?photo=1%2F&amp;https://www.outdoorlife.com/photos/gallery/fishing/2010/06/tarpon-tourny/
https://www.outdoorlife.com/photos/gallery/fishing/2010/06/tarpon-tourny/?photo=1%2F&amp;https://www.outdoorlife.com/photos/gallery/fishing/2010/06/tarpon-tourny/
https://www.outdoorlife.com/photos/gallery/fishing/2010/06/tarpon-tourny/?photo=1%2F&amp;https://www.outdoorlife.com/photos/gallery/fishing/2010/06/tarpon-tourny/
https://www.outdoorlife.com/photos/gallery/fishing/2010/06/tarpon-tourny/?photo=1%2F&amp;https://www.outdoorlife.com/photos/gallery/fishing/2010/06/tarpon-tourny/
https://www.outdoorlife.com/photos/gallery/fishing/2010/06/tarpon-tourny/?photo=1%2F&amp;https://www.outdoorlife.com/photos/gallery/fishing/2010/06/tarpon-tourny/
https://www.outdoorlife.com/photos/gallery/hunting/2010/08/kristy-lee-cook-goin-country/?photo=0%2F&amp;https://www.outdoorlife.com/photos/gallery/hunting/2010/08/kristy-lee-cook-goin-country/
https://www.outdoorlife.com/photos/gallery/hunting/2010/08/kristy-lee-cook-goin-country/?photo=0%2F&amp;https://www.outdoorlife.com/photos/gallery/hunting/2010/08/kristy-lee-cook-goin-country/
https://www.outdoorlife.com/photos/gallery/hunting/2010/08/kristy-lee-cook-goin-country/?photo=0%2F&amp;https://www.outdoorlife.com/photos/gallery/hunting/2010/08/kristy-lee-cook-goin-country/
https://www.outdoorlife.com/photos/gallery/hunting/2010/08/kristy-lee-cook-goin-country/?photo=0%2F&amp;https://www.outdoorlife.com/photos/gallery/hunting/2010/08/kristy-lee-cook-goin-country/
https://www.outdoorlife.com/photos/gallery/hunting/2010/08/kristy-lee-cook-goin-country/?photo=0%2F&amp;https://www.outdoorlife.com/photos/gallery/hunting/2010/08/kristy-lee-cook-goin-country/
https://www.outdoorlife.com/photos/gallery/hunting/2010/08/kristy-lee-cook-goin-country/?photo=0%2F&amp;https://www.outdoorlife.com/photos/gallery/hunting/2010/08/kristy-lee-cook-goin-country/
https://www.outdoorlife.com/?photo=12%2F&amp;https://www.outdoorlife.com/
https://www.outdoorlife.com/3-alternative-home-remedies-for-fighting-norovirus/?photo=6;https://www.outdoorlife.com/3-alternative-home-remedies-for-fighting-norovirus/
https://www.outdoorlife.com/3-alternative-home-remedies-for-fighting-norovirus/?photo=1;https://www.outdoorlife.com/3-alternative-home-remedies-for-fighting-norovirus/
https://www.outdoorlife.com/18-best-knives-2019-tested/?photo=1;https://www.outdoorlife.com/18-best-knives-2019-tested/
https://www.outdoorlife.com/blogs/newshound/2014/05/2-alabama-men-accused-cheating-fishing-tournament/?photo=6;https://www.outdoorlife.com/blogs/newshound/2014/05/2-alabama-men-accused-cheating-fishing-tournament/
https://www.outdoorlife.com/blogs/newshound/2014/05/2-alabama-men-accused-cheating-fishing-tournament/?photo=1;https://www.outdoorlife.com/blogs/newshound/2014/05/2-alabama-men-accused-cheating-fishing-tournament/
https://www.outdoorlife.com/18-best-knives-2019-tested/?photo=6;https://www.outdoorlife.com/18-best-knives-2019-tested/
https://www.outdoorlife.com/blogs/newshound/2014/05/2-alabama-men-accused-cheating-fishing-tournament/?photo=16;https://www.outdoorlife.com/blogs/newshound/2014/05/2-alabama-men-accused-cheating-fishing-tournament/
https://www.outdoorlife.com/18-best-knives-2019-tested/?photo=11;https://www.outdoorlife.com/18-best-knives-2019-tested/
https://www.outdoorlife.com/blogs/newshound/2014/05/2-alabama-men-accused-cheating-fishing-tournament/?photo=11;https://www.outdoorlife.com/blogs/newshound/2014/05/2-alabama-men-accused-cheating-fishing-tournament/
https://www.outdoorlife.com/blogs/newshound/2014/05/2-alabama-men-accused-cheating-fishing-tournament/?photo=20;https://www.outdoorlife.com/blogs/newshound/2014/05/2-alabama-men-accused-cheating-fishing-tournament/
https://www.outdoorlife.com/3-alternative-home-remedies-for-fighting-norovirus/?photo=16;https://www.outdoorlife.com/3-alternative-home-remedies-for-fighting-norovirus/
https://www.outdoorlife.com/18-best-knives-2019-tested/?photo=16;https://www.outdoorlife.com/18-best-knives-2019-tested/
https://www.outdoorlife.com/3-alternative-home-remedies-for-fighting-norovirus/?photo=11;https://www.outdoorlife.com/3-alternative-home-remedies-for-fighting-norovirus/
https://www.outdoorlife.com/3-alternative-home-remedies-for-fighting-norovirus/?photo=20;https://www.outdoorlife.com/3-alternative-home-remedies-for-fighting-norovirus/
https://www.outdoorlife.com/18-best-knives-2019-tested/?photo=20;https://www.outdoorlife.com/18-best-knives-2019-tested/
https://coverart.outdoorlife.com/collections/all?page=2;https://coverart.outdoorlife.com/collections/all?page=2
https://coverart.outdoorlife.com/collections/all?page=2;https://coverart.outdoorlife.com/collections/all?page=2
https://coverart.outdoorlife.com/collections/all?page=2;https://coverart.outdoorlife.com/collections/all?page=2
https://coverart.outdoorlife.com/collections/all?page=2;https://coverart.outdoorlife.com/collections/all?page=2
https://coverart.outdoorlife.com/collections/all?page=2;https://coverart.outdoorlife.com/collections/all?page=2
https://coverart.outdoorlife.com/collections/all?page=2;https://coverart.outdoorlife.com/collections/all?page=2
https://coverart.outdoorlife.com/collections/all?page=3;https://coverart.outdoorlife.com/collections/all?page=3
https://coverart.outdoorlife.com/collections/all?page=3;https://coverart.outdoorlife.com/collections/all?page=3
https://coverart.outdoorlife.com/collections/all?page=3;https://coverart.outdoorlife.com/collections/all?page=3
https://coverart.outdoorlife.com/collections/all?page=3;https://coverart.outdoorlife.com/collections/all?page=3
https://www.outdoorlife.com/3-alternative-home-remedies-for-fighting-norovirus/?photo=6&amp;https://www.outdoorlife.com/3-alternative-home-remedies-for-fighting-norovirus/
https://www.outdoorlife.com/3-alternative-home-remedies-for-fighting-norovirus/?photo=1&amp;https://www.outdoorlife.com/3-alternative-home-remedies-for-fighting-norovirus/
https://www.outdoorlife.com/18-best-knives-2019-tested/?photo=1&amp;https://www.outdoorlife.com/18-best-knives-2019-tested/
https://www.outdoorlife.com/blogs/newshound/2014/05/2-alabama-men-accused-cheating-fishing-tournament/?photo=6&amp;https://www.outdoorlife.com/blogs/newshound/2014/05/2-alabama-men-accused-cheating-fishing-tournament/
https://www.outdoorlife.com/blogs/newshound/2014/05/2-alabama-men-accused-cheating-fishing-tournament/?photo=1&amp;https://www.outdoorlife.com/blogs/newshound/2014/05/2-alabama-men-accused-cheating-fishing-tournament/
https://www.outdoorlife.com/3-alternative-home-remedies-for-fighting-norovirus/?photo=16&amp;https://www.outdoorlife.com/3-alternative-home-remedies-for-fighting-norovirus/
https://www.outdoorlife.com/blogs/newshound/2014/05/2-alabama-men-accused-cheating-fishing-tournament/?photo=11&amp;https://www.outdoorlife.com/blogs/newshound/2014/05/2-alabama-men-accused-cheating-fishing-tournament/
https://www.outdoorlife.com/18-best-knives-2019-tested/?photo=6&amp;https://www.outdoorlife.com/18-best-knives-2019-tested/
https://www.outdoorlife.com/blogs/newshound/2014/05/2-alabama-men-accused-cheating-fishing-tournament/?photo=16&amp;https://www.outdoorlife.com/blogs/newshound/2014/05/2-alabama-men-accused-cheating-fishing-tournament/
https://www.outdoorlife.com/18-best-knives-2019-tested/?photo=11&amp;https://www.outdoorlife.com/18-best-knives-2019-tested/
https://www.outdoorlife.com/blogs/newshound/2014/05/2-alabama-men-accused-cheating-fishing-tournament/?photo=20&amp;https://www.outdoorlife.com/blogs/newshound/2014/05/2-alabama-men-accused-cheating-fishing-tournament/
https://www.outdoorlife.com/18-best-knives-2019-tested/?photo=16&amp;https://www.outdoorlife.com/18-best-knives-2019-tested/
https://www.outdoorlife.com/3-alternative-home-remedies-for-fighting-norovirus/?photo=11&amp;https://www.outdoorlife.com/3-alternative-home-remedies-for-fighting-norovirus/
https://www.outdoorlife.com/18-best-knives-2019-tested/?photo=20&amp;https://www.outdoorlife.com/18-best-knives-2019-tested/
https://www.outdoorlife.com/3-alternative-home-remedies-for-fighting-norovirus/?photo=20&amp;https://www.outdoorlife.com/3-alternative-home-remedies-for-fighting-norovirus/
https://coverart.outdoorlife.com/collections/all?page=1;https://coverart.outdoorlife.com/collections/all
https://coverart.outdoorlife.com/collections/all?page=1;https://coverart.outdoorlife.com/collections/all
https://coverart.outdoorlife.com/collections/all?page=1;https://coverart.outdoorlife.com/collections/all
https://www.outdoorlife.com/?in_article_id=526655&in_page_id=1770%2F;https://www.outdoorlife.com/
https://www.outdoorlife.com/?in_article_id=526655&in_page_id=1770%2F&amp;https://www.outdoorlife.com/
https://www.outdoorlife.com/photos/gallery/hunting/2009/11/moosehaps/?photo=0/;https://www.outdoorlife.com/photos/gallery/hunting/2009/11/moosehaps/
https://www.outdoorlife.com/photos/gallery/hunting/2009/11/moosehaps/?photo=0%2F&amp;https://www.outdoorlife.com/photos/gallery/hunting/2009/11/moosehaps/
https://www.outdoorlife.com/blogs/cast-iron-chef/video-how-clean-full-body-rooster-legal-transportation/?dom=odl&loc=contentwell&lnk=video-how-to-clean-a-fullbody-rooster-for-legal-transportation%2F&amp;https://www.outdoorlife.com/blogs/cast-iron-chef/video-how-clean-full-body-rooster-legal-transportation/