https://www.outdoorlife.com/articles/hunting/2014/04/how-sharpen-ax/,https://www.outdoorlife.com/gear/how-to-sharpen-an-axe/
https://www.outdoorlife.com/blogs/hunting/how-preserve-your-birds-better-trophies/,https://www.outdoorlife.com/hunting/how-to-store-birds-taxidermy/
https://www.outdoorlife.com/bluegill-fishing-topwater-bugs/,https://www.outdoorlife.com/fishing/best-baits-for-bluegill/
https://www.outdoorlife.com/photos/gallery/fishing/2009/05/world-record-sharks/,https://www.outdoorlife.com/fishing/biggest-sharks-ever-caught/
https://www.outdoorlife.com/tips-and-tactics-for-catching-more-slab-crappies-this-spring/,https://www.outdoorlife.com/fishing/how-to-catch-crappie/
https://www.outdoorlife.com/articles/hunting/2013/04/made-usa-american-knife-makers/,https://www.outdoorlife.com/gear/best-knives-made-in-the-usa/
https://www.outdoorlife.com/articles/gear/2007/09/top-5-pumps/,https://www.outdoorlife.com/guns/best-pump-shotguns/
https://www.outdoorlife.com/how-to-butcher-rabbit/,https://www.outdoorlife.com/how-to-butcher-rabbit/
https://www.outdoorlife.com/blogs/cast-iron-chef/recipe-nashville-style-hot-fried-squirrel/,https://www.outdoorlife.com/hunting/best-squirrel-recipes/
https://www.outdoorlife.com/5-problems-with-your-duck-decoy-spread-and-how-to-fix-them/,https://www.outdoorlife.com/hunting/how-to-decoy-ducks/
https://www.outdoorlife.com/blogs/hunting/2014/01/hunting-rabbits-perfect-cure-winter-cabin-fever/,https://www.outdoorlife.com/hunting/how-to-hunt-rabbits/
https://www.outdoorlife.com/articles/hunting/2007/09/rabbit-skinning-made-easy/,https://www.outdoorlife.com/hunting/how-to-skin-a-rabbit/
https://www.outdoorlife.com/story/hunting/late-season-turkey-hunting-tactics/,https://www.outdoorlife.com/hunting/turkey-hunting-tips/
https://www.outdoorlife.com/articles/hunting/2007/09/duck-diets/,https://www.outdoorlife.com/hunting/what-do-ducks-eat/
https://www.outdoorlife.com/blogs/hunting/2013/08/squirrel-hunting-basics/,https://www.outdoorlife.com/story/hunting/the-ultimate-guide-to-hunting-squirrels/
https://www.outdoorlife.com/articles/fishing/2016/06/how-find-big-bluegills-heat-summer/,https://www.outdoorlife.com/tips-for-catching-giant-bluegills-this-summer