https://www.peoplespolicyproject.org/2020/06/18/the-case-for-nationalizing-the-fossil-fuel-industry/,https://www.peoplespolicyproject.org/project/the-case-for-nationalizing-the-fossil-fuel-industry/
https://www.burnerapp.com/pricing,https://www.burnerapp.com/
https://entnemdept.ufl.edu/creatures/AQUATIC/aedes_aegypti.htm,https://edis.ifas.ufl.edu/collections/series_featured_creatures
https://rusi.org/explore-our-research/publications/commentary/russia-likely-has-local-air-superiority-donbas-it-may-not-matter/,https://www.rusi.org/explore-our-research/publications/commentary/russia-likely-has-local-air-superiority-donbas-it-may-not-matter/
https://www.sunrun.com/grid-services,https://www.sunrun.com/
https://www.destinationvancouver.com/2015/10/10/wooden-skyscraper-coming-to-vancouver-18-storeys-all-wood,https://www.destinationvancouver.com/inspiration-blog
https://entnemdept.ufl.edu/creatures/misc/gastro/brown_garden_snail.htm,https://edis.ifas.ufl.edu/collections/series_featured_creatures
https://myrmecos.net/about-alex-wild-2/,https://jeremih.com/about-alex-wild-2/
https://hollandhightech.nl/en/news-calendar/news/delft-students-unveil-efficient-hydrogen-car,https://hollandhightech.nl/en/news-calendar/news/archive/2023/delft-students-unveil-efficient-hydrogen-car
https://www.nccih.nih.gov/health/yoga-what-you-need-to-know,https://www.nccih.nih.gov/health/yoga-effectiveness-and-safety
https://www.lanl.gov/errors/system-notification.php,https://www.lanl.gov/
https://beta.apple.com/sp/betaprogram/,https://beta.apple.com/
https://www.urmc.rochester.edu/behavioral-health-partners/bhp-blog/april-2018/5-4-3-2-1-coping-technique-for-anxiety.aspx/,https://www.urmc.rochester.edu/behavioral-health-partners/bhp-blog/april-2018/5-4-3-2-1-coping-technique-for-anxiety
https://www.iborderctrl.eu/The-project/,https://www.iborderctrl.eu/
https://abilenetx.gov/DocumentCenter/View/10505/List_of_epidemics?bidId=,https://abilenetx.gov/DocumentCenter/View/10505/Virtual-Classroom---List-of-Epidemics-PDF?bidId=
https://www.nccih.nih.gov/health/meditation-in-depth,https://www.nccih.nih.gov/health/meditation-and-mindfulness-effectiveness-and-safety
https://beta.apple.com/sp/betaprogram/,https://beta.apple.com/
https://www.the-scientist.com/features/are-we-in-the-midst-of-a-sixth-mass-extinction-70172,https://www.the-scientist.com/are-we-in-the-midst-of-a-sixth-mass-extinction-70172
https://beta.apple.com/sp/betaprogram/,https://beta.apple.com/
https://www.the-scientist.com/news-opinion/a-single-transcription-factor-changes-ants-to-queen-69383,https://www.the-scientist.com/a-single-transcription-factor-changes-ants-to-queen-69383
https://entnemdept.ufl.edu/creatures/misc/horsehair_worms.htm,https://edis.ifas.ufl.edu/collections/series_featured_creatures
https://ttu-ir.tdl.org/bitstream/handle/2346/89642/ICES-2022-104.pdf?sequence=1,https://ttu-ir.tdl.org/server/api/core/bitstreams/709d8471-ce6b-4251-9ad8-7cac4be9907d/content
https://sheriff.mesacounty.us/template.aspx?id=10164,https://www.mesacounty.us/departments-and-services/sheriff
https://usm.maine.edu/planet/does-moon-have-gravity,https://usm.maine.edu/southworth-planetarium/
https://www.bigagnes.com/products/tiger-wall-ul1-solution-dye,https://www.bigagnes.com/products/tiger-wall-ul-one
https://www.nccih.nih.gov/health/meditation-and-mindfulness-what-you-need-to-know,https://www.nccih.nih.gov/health/meditation-and-mindfulness-effectiveness-and-safety
https://www.bullerpub.com/articles/10.5334/ai.1601/,https://ppm2017.org/articles/10.5334/ai.1601/
https://dataphyte.com/latest-reports/extractive/nigeria-loses-272-million-barrels-of-crude-oil-to-theft-sabotage-in-five-years,https://dataphyte.com/topic/extractive/nigeria-loses-272-million-barrels-of-crude-oil-to-theft-sabotage-in-five-years
https://entnemdept.ufl.edu/creatures/misc/moths/luna_moth.htm,https://edis.ifas.ufl.edu/collections/series_featured_creatures
https://webshop.robotics.abb.com/us/catalog/product/view/id/87/s/dual-arm-yumi-irb-14000-part-handling/category/3/,https://one.robotics.abb.com/en/catalog/product/view/id/87/s/dual-arm-yumi-irb-14000-part-handling/category/3/
https://energy.sandia.gov/programs/nuclear-energy/commercial-nuclear-power-generation/advanced-energy-conversion/supercritical-transformational-electric-power-step-nuclear-energy/,https://energy.sandia.gov/programs/nuclear-energy/advanced-energy-conversion/supercritical-transformational-electric-power-step-nuclear-energy/
https://www.nccih.nih.gov/health/omega3-supplements-in-depth,https://www.nccih.nih.gov/health/omega3-supplements-what-you-need-to-know
https://entnemdept.ufl.edu/creatures/MISC/tardigrade.html,https://edis.ifas.ufl.edu/collections/series_featured_creatures
https://blog.ucsusa.org/dangerous-definitions/,https://blog.ucs.org/dangerous-definitions/
https://beta.apple.com/sp/betaprogram/,https://beta.apple.com/
https://entnemdept.ufl.edu/creatures/beneficial/wasps/tamarixia_radiata.htm,https://edis.ifas.ufl.edu/collections/series_featured_creatures
https://minorityhealth.hhs.gov/omh/browse.aspx?lvl=3&lvlid=61,https://minorityhealth.hhs.gov/blackafrican-american-health
https://www.environmentalleader.com/2010/11/timberland-bassett-cut-costs-emissions-with-led-lighting-retrofits/,https://www.environmentenergyleader.com/
https://energy.sandia.gov/staff-directory/kelley-ruehl/,https://energy.sandia.gov/staff/kelley-ruehl/
https://uniweb.uottawa.ca/members/568,https://uniweb.uottawa.ca/view/profile/members/568
https://blog.research.google/2018/05/duplex-ai-system-for-natural-conversation.html/,https://blog.research.google/2018/05/duplex-ai-system-for-natural-conversation.html/?m=1
https://blog.research.google/2015/11/computer-respond-to-this-email.html/,https://blog.research.google/2015/11/computer-respond-to-this-email.html/?m=1
https://blog.research.google/2020/04/exploring-nature-inspired-robot-agility.html/,https://blog.research.google/2020/04/exploring-nature-inspired-robot-agility.html/?m=1
https://www.knowbeforeyoufly.org/,https://www.knowbeforeyoufly.org/home
https://www.scandpg.org/dietitians/10499/,https://community.eatrightpro.org/dietitians/10499
https://ca.harrys.com/en/us/our-factory,https://www.harrys.com/en/us/our-factory
https://blog.research.google/2018/05/duplex-ai-system-for-natural-conversation.html/,https://blog.research.google/2018/05/duplex-ai-system-for-natural-conversation.html/?m=1
https://www.startrek.com/en-ca/startrek/view/library/aliens/article/70737.html,https://www.startrek.com/startrek/view/library/aliens/article/70737.html
https://www.fieldmuseum.org/about/staff/profile/236,https://www.fieldmuseum.org/about/staff/profile/david-willard
https://www.walmart.com/ip/Everex-CloudBook-CE1200V-C7-M-1-2-GHz-ULV-gOS-v2-UniChrome-Pro-512-MB-RAM-30-GB-HDD-7-800-x-480-kbd-US/8245470,https://www.walmart.com/blocked?url=L2lwL0V2ZXJleC1DbG91ZEJvb2stQ0UxMjAwVi1DNy1NLTEtMi1HSHotVUxWLWdPUy12Mi1VbmlDaHJvbWUtUHJvLTUxMi1NQi1SQU0tMzAtR0ItSERELTctODAwLXgtNDgwLWtiZC1VUy84MjQ1NDcw&uuid=88de031c-16f2-11f0-b8cf-45154ee9819e&vid=&g=b
https://www.fieldmuseum.org/about/staff/profile/36,https://www.fieldmuseum.org/about/staff/profile/richard-ree
https://www.fieldmuseum.org/about/staff/profile/96,https://www.fieldmuseum.org/about/staff/profile/philipp-heck
https://www.fieldmuseum.org/about/staff/profile/446,https://www.fieldmuseum.org/about/staff/profile/janet-voight
https://www.fieldmuseum.org/about/staff/profile/96,https://www.fieldmuseum.org/about/staff/profile/philipp-heck
https://www.fieldmuseum.org/about/staff/profile/446,https://www.fieldmuseum.org/about/staff/profile/janet-voight