https://www.outdoorlife.com/survival/nunavut-hunter-survives-blizzard/,https://www.outdoorlife.com/survival/caribou-hunter-survived-blizzard/
https://www.outdoorlife.com/blogs/survivalist/2011/12/survival-skills-can-you-really-light-fires-bow-and-drill/,https://www.outdoorlife.com/story/survival/basic-survival-skills/
https://www.outdoorlife.com/blogs/survivalist/2014/06/teach-your-kids-these-survival-skills-summer/,https://www.outdoorlife.com/story/survival/basic-survival-skills/
https://www.outdoorlife.com/survival/digital-edition-outdoor-life-survival-issue/,https://www.outdoorlife.com/story/survival/basic-survival-skills/
https://www.outdoorlife.com/early-season-squirrels-brush-up-your-woods-skills-with-bushytails/,https://www.outdoorlife.com/story/hunting/the-ultimate-guide-to-hunting-squirrels/
https://www.outdoorlife.com/blogs/big-buck-zone/2012/05/basics-planting-food-plots-its-all-dirt/,https://www.outdoorlife.com/story/hunting/strategies-for-growing-the-perfect-food-plot-for-deer/
https://www.outdoorlife.com/blogs/big-buck-zone/3-common-food-plot-problems-and-how-fix-them/,https://www.outdoorlife.com/story/hunting/strategies-for-growing-the-perfect-food-plot-for-deer/
https://www.outdoorlife.com/blogs/game-changers/late-season-bowhunting-plots-10-tips-planting-small-food-plots-now/,https://www.outdoorlife.com/story/hunting/strategies-for-growing-the-perfect-food-plot-for-deer/
https://www.outdoorlife.com/blogs/game-changers/whitetail-deer-troubleshooting-4-common-food-plot-problems/,https://www.outdoorlife.com/story/hunting/strategies-for-growing-the-perfect-food-plot-for-deer/
https://www.outdoorlife.com/blogs/gun-shots/2013/05/gun-cleaning-barrel-cleaning-isnt-one-size-fits-all/,https://www.outdoorlife.com/story/guns/best-easiest-cleaning-method-deer-hunting-rifle/
https://www.outdoorlife.com/articles/gear/2007/09/choosing-hunting-knife/,https://www.outdoorlife.com/outdoor-gear/best-hunting-knife/
https://www.outdoorlife.com/story/gear/handmade-bows-knives-leatherworks/,https://www.outdoorlife.com/outdoor-gear/best-hunting-knife/
https://www.outdoorlife.com/articles/hunting/2007/09/anatomy-rub-0/,https://www.outdoorlife.com/new-rub-line-strategies-10-critical-clues-to-find-giant-buck-in-your-woods/
https://www.outdoorlife.com/articles/hunting/2007/09/anatomy-rub/,https://www.outdoorlife.com/new-rub-line-strategies-10-critical-clues-to-find-giant-buck-in-your-woods/
https://www.outdoorlife.com/tale-shot-where-to-shoot-whitetail-and-what-to-do-if-your-arrow-misses-mark/,https://www.outdoorlife.com/hunting/where-to-shoot-a-deer/
https://www.outdoorlife.com/hunting/late-season-turkey-tactics/,https://www.outdoorlife.com/hunting/turkey-hunting-tips/
https://www.outdoorlife.com/articles/hunting/2007/09/finding-christmas-pheasants/,https://www.outdoorlife.com/hunting/pheasant-hunting-tips/
https://www.outdoorlife.com/articles/hunting/2007/09/ringneck-hideaways/,https://www.outdoorlife.com/hunting/pheasant-hunting-tips/
https://www.outdoorlife.com/blogs/game-changers/hunting-skills-4-essential-tricks-every-bird-hunter-should-master/,https://www.outdoorlife.com/hunting/pheasant-hunting-tips/
https://www.outdoorlife.com/articles/hunting/2007/09/master-plan-muleys/,https://www.outdoorlife.com/hunting/mule-deer-hunting/
https://www.outdoorlife.com/bowhunting-mature-mule-deer-bucks/,https://www.outdoorlife.com/hunting/mule-deer-hunting/
https://www.outdoorlife.com/15-tips-and-tactics-for-better-hunting-bird-dog/,https://www.outdoorlife.com/hunting/hunting-dogs/
https://www.outdoorlife.com/blogs/big-buck-zone/2013/11/deer-hunting-tips-rattling-research-will-help-you-get-your-buck/,https://www.outdoorlife.com/hunting/how-to-rattle-in-a-buck/
https://www.outdoorlife.com/hunting/how-hunters-learned-to-rattle-deer/,https://www.outdoorlife.com/hunting/how-to-rattle-in-a-buck/
https://www.outdoorlife.com/articles/hunting/turkey-waterfowl/ducks/2009/01/bird-brains/,https://www.outdoorlife.com/hunting/how-to-hunt-ducks
https://www.outdoorlife.com/hunting/elk-bugle-regional-accents/,https://www.outdoorlife.com/hunting/how-to-call-elk/
https://www.outdoorlife.com/blogs/big-buck-zone/2011/08/finding-your-buck-after-questionable-shot/,https://www.outdoorlife.com/hunting/how-to-blood-trail-a-deer
https://www.outdoorlife.com/hunting/deer-tracking-dog-tips/,https://www.outdoorlife.com/hunting/how-to-blood-trail-a-deer
https://www.outdoorlife.com/hogs-hard-way/,https://www.outdoorlife.com/hunting/hog-hunting/
https://www.outdoorlife.com/4-hardcore-hunting-tactics-to-take-more-canada-geese/,https://www.outdoorlife.com/hunting/goose-hunting/
https://www.outdoorlife.com/articles/hunting/2007/09/bag-more-geese/,https://www.outdoorlife.com/hunting/goose-hunting/
https://www.outdoorlife.com/3-top-elk-guides-share-their-elk-hunting-tactics-and-favorite-gear/,https://www.outdoorlife.com/hunting/elk-hunting/
https://www.outdoorlife.com/articles/hunting/2007/09/7-secrets-trophy-elk/,https://www.outdoorlife.com/hunting/elk-hunting/
https://www.outdoorlife.com/articles/hunting/2007/09/elk-down-low/,https://www.outdoorlife.com/hunting/elk-hunting/
https://www.outdoorlife.com/articles/hunting/2007/09/stay-close-home-elk/,https://www.outdoorlife.com/hunting/elk-hunting/
https://www.outdoorlife.com/blogs/game-changers/diy-elk-hunt-aggressive-bowhunting-tactics-and-gear-tips/,https://www.outdoorlife.com/hunting/elk-hunting/
https://www.outdoorlife.com/blogs/game-changers/elk-huntings-new-frontier-how-and-where-draw-bull-tag-east/,https://www.outdoorlife.com/hunting/elk-hunting/
https://www.outdoorlife.com/blogs/game-changers/your-3-part-game-plan-elk-bowhunting-success-fall/,https://www.outdoorlife.com/hunting/elk-hunting/
https://www.outdoorlife.com/articles/hunting/2007/09/hit-more-doves/,https://www.outdoorlife.com/hunting/dove-hunting-tips/
https://www.outdoorlife.com/hit-more-doves-improve-your-shells-to-birds-ratio-this-season/,https://www.outdoorlife.com/hunting/dove-hunting-tips/
https://www.outdoorlife.com/hunting/dove-opener-across-america/,https://www.outdoorlife.com/hunting/dove-hunting-tips/
https://www.outdoorlife.com/15-early-season-buck-tips/,https://www.outdoorlife.com/hunting/deer-hunting-tips/
https://www.outdoorlife.com/5-step-plan-to-shoot-big-buck-on-bow-opener/,https://www.outdoorlife.com/hunting/deer-hunting-tips/
https://www.outdoorlife.com/articles/hunting/2007/09/late-season-deer-guide/,https://www.outdoorlife.com/hunting/deer-hunting-tips/
https://www.outdoorlife.com/articles/hunting/2007/09/public-land-bucks/,https://www.outdoorlife.com/hunting/deer-hunting-tips/
https://www.outdoorlife.com/articles/hunting/2016/09/deer-hunting-how-hunt-opener/,https://www.outdoorlife.com/hunting/deer-hunting-tips/
https://www.outdoorlife.com/best-ways-to-scout-a-mature-buck/,https://www.outdoorlife.com/hunting/deer-hunting-tips/
https://www.outdoorlife.com/blogs/big-buck-zone/2013/12/deer-hunting-tips-6-tactics-late-season-bucks/,https://www.outdoorlife.com/hunting/deer-hunting-tips/
https://www.outdoorlife.com/four-public-land-deer-hunting-tips-you-can-use-right-now/,https://www.outdoorlife.com/hunting/deer-hunting-tips/
https://www.outdoorlife.com/how-to-hang-treestands-to-target-mature-bucks/,https://www.outdoorlife.com/hunting/deer-hunting-tips/
https://www.outdoorlife.com/guns/new-shotguns-shot-show-2022/,https://www.outdoorlife.com/guns/new-shotguns-shot-show-2025/
https://www.outdoorlife.com/photos/gallery/guns/shotguns/2009/01/shot-show-2009-new-shotguns/,https://www.outdoorlife.com/guns/new-shotguns-shot-show-2025/
https://www.outdoorlife.com/story/guns/best-new-hunting-ammunition-shot-show/,https://www.outdoorlife.com/guns/new-ammo-of-shot-show-2025/
https://www.outdoorlife.com/articles/guns/rifles/2007/09/perfect-zero/,https://www.outdoorlife.com/guns/how-to-zero-a-rifle/
https://www.outdoorlife.com/articles/gear/2007/09/shotguns-2006/,https://www.outdoorlife.com/guns/best-shotguns/
https://www.outdoorlife.com/articles/gear/2007/09/shotguns/,https://www.outdoorlife.com/guns/best-shotguns/
https://www.outdoorlife.com/blogs/gun-shots/2013/05/new-shotguns-best-shotgun-shotgun-review-shotgun-test-shot-guns-2013/,https://www.outdoorlife.com/guns/best-shotguns/
https://www.outdoorlife.com/photos/gallery/guns/2012/05/hunting-shotgun-new-shotgun-best-gun-review/,https://www.outdoorlife.com/guns/best-shotguns/
https://www.outdoorlife.com/photos/gallery/guns/shotguns/2009/06/shotgun-test-09/,https://www.outdoorlife.com/guns/best-shotguns/
https://www.outdoorlife.com/photos/gallery/guns/shotguns/2013/02/new-guns-7-hot-new-shotguns-and-innovations-2013/,https://www.outdoorlife.com/guns/best-shotguns/
https://www.outdoorlife.com/story/guns/are-todays-new-shotguns-really-worth-the-price-best-older-used-shotguns/,https://www.outdoorlife.com/guns/best-shotguns/
https://www.outdoorlife.com/story/guns/the-best-new-shotguns/,https://www.outdoorlife.com/guns/best-shotguns/
https://www.outdoorlife.com/articles/gear/2007/09/handguns-2004-0/,https://www.outdoorlife.com/guns/best-handguns/
https://www.outdoorlife.com/articles/guns/2011/03/magnificent-1911/,https://www.outdoorlife.com/guns/best-1911/
https://www.outdoorlife.com/versatile-280/,https://www.outdoorlife.com/guns/280-ackley-improved/
https://www.outdoorlife.com/270-mystery/,https://www.outdoorlife.com/guns/270-winchester/
https://www.outdoorlife.com/5-tips-for-getting-better-trail-camera-pictures/,https://www.outdoorlife.com/gear/where-to-mount-trail-camera
https://www.outdoorlife.com/blogs/big-buck-zone/2013/06/deer-hunting-how-set-trail-cameras-and-pattern-mature-bucks/,https://www.outdoorlife.com/gear/where-to-mount-trail-camera
https://www.outdoorlife.com/story/gear/the-best-knives-of-shot-show/,https://www.outdoorlife.com/gear/shot-show-2024-new-knives/
https://www.outdoorlife.com/blogs/survivalist/2013/06/survival-gear-5-other-ways-use-space-blanket/,https://www.outdoorlife.com/gear/best-survival-gear/
https://www.outdoorlife.com/story/gear/outdoor-life-camping-hunting-knives-tools/,https://www.outdoorlife.com/gear/best-survival-gear/
https://www.outdoorlife.com/tackle-test-2017-best-fishing-rods/,https://www.outdoorlife.com/gear/best-spinning-rods/
https://www.outdoorlife.com/articles/gear/2007/09/grouse-guns/,https://www.outdoorlife.com/gear/best-shotguns-for-bird-hunting/
https://www.outdoorlife.com/blogs/hunting/7-best-solar-panel-chargers-tested-and-ranked/,https://www.outdoorlife.com/gear/best-portable-solar-panels/
https://www.outdoorlife.com/blogs/game-changers/hunting-gear-how-buy-backcountry-tripod/,https://www.outdoorlife.com/gear/best-hunting-tripods/
https://www.outdoorlife.com/articles/fishing/2007/09/float-fly-bass/,https://www.outdoorlife.com/gear/best-fly-rods-for-bass/
https://www.outdoorlife.com/big-game-bullets/,https://www.outdoorlife.com/gear/best-elk-hunting-calibers/
https://www.outdoorlife.com/blogs/gun-shots/2013/11/shotguns-7-features-perfect-duck-and-goose-hunting-gun/,https://www.outdoorlife.com/gear/best-duck-hunting-shotguns/
https://www.outdoorlife.com/learn-to-shoot-better-with-mantisx/,https://www.outdoorlife.com/gear/best-dry-fire-training-systems/
https://www.outdoorlife.com/photos/gallery/gear/hunting/2009/04/bow-test-2009/,https://www.outdoorlife.com/gear/best-compound-bows/
https://www.outdoorlife.com/articles/fishing/2015/06/super-flies-deer-hair-bass-bugging-back/,https://www.outdoorlife.com/gear/best-bass-flies/
https://www.outdoorlife.com/articles/fishing/2007/09/autumn-eyes/,https://www.outdoorlife.com/fishing/walleye-fishing-tips/
https://www.outdoorlife.com/articles/fishing/2007/09/master-class-walleyes/,https://www.outdoorlife.com/fishing/walleye-fishing-tips/
https://www.outdoorlife.com/articles/fishing/2007/09/walleye-timing/,https://www.outdoorlife.com/fishing/walleye-fishing-tips/
https://www.outdoorlife.com/articles/fishing/2007/09/walleyes-uglies/,https://www.outdoorlife.com/fishing/walleye-fishing-tips/
https://www.outdoorlife.com/articles/fishing/2007/09/weeding-out-walleyes-0/,https://www.outdoorlife.com/fishing/walleye-fishing-tips/
https://www.outdoorlife.com/blogs/gone-fishin/2014/02/how-catch-world-record-walleye-through-ice/,https://www.outdoorlife.com/fishing/walleye-fishing-tips/
https://www.outdoorlife.com/jigging-river-walleyes/,https://www.outdoorlife.com/fishing/walleye-fishing-tips/
https://www.outdoorlife.com/slow-death-catch-walleyes-while-fishing-night-crawlers-at-crawl/,https://www.outdoorlife.com/fishing/walleye-fishing-tips/
https://www.outdoorlife.com/story/fishing/tough-walleye-questions-answered/,https://www.outdoorlife.com/fishing/walleye-fishing-tips/
https://www.outdoorlife.com/slabs-fall/,https://www.outdoorlife.com/fishing/how-to-catch-crappie
https://www.outdoorlife.com/giant-plastics-equal-giant-pike/,https://www.outdoorlife.com/fishing/best-pike-lures/
https://www.outdoorlife.com/hooked-on-panfish/,https://www.outdoorlife.com/fishing/best-baits-for-bluegill/
https://www.outdoorlife.com/articles/fishing/2007/09/get-drop-shot-fall-bass/,https://www.outdoorlife.com/fishing/bass-fishing-tips/
https://www.outdoorlife.com/articles/fishing/2010/10/bass-fishing-turnover/,https://www.outdoorlife.com/fishing/bass-fishing-tips/
https://www.outdoorlife.com/fishing/winter-bass-muskie-fishing/,https://www.outdoorlife.com/fishing/bass-fishing-tips/
https://www.outdoorlife.com/photos/gallery/fishing/freshwater/largemouth-bass/2012/03/catch-biggest-fish-your-life/,https://www.outdoorlife.com/fishing/bass-fishing-tips/
https://www.outdoorlife.com/story/fishing/how-to-catch-big-bass/,https://www.outdoorlife.com/fishing/bass-fishing-tips/
https://www.outdoorlife.com/story/fishing/tips-for-catching-big-bass-winter-cold-weather/,https://www.outdoorlife.com/fishing/bass-fishing-tips/
https://www.outdoorlife.com/articles/fishing/2007/09/deep-water-tricks-winter-bass/,https://www.outdoorlife.com/fishing/bass-fishing-tips
https://www.outdoorlife.com/articles/fishing/2007/09/farm-pond-bass/,https://www.outdoorlife.com/fishing/bass-fishing-tips
https://www.outdoorlife.com/articles/fishing/freshwater/largemouth-bass/2009/03/obsession/,https://www.outdoorlife.com/fishing/bass-fishing-tips
https://www.outdoorlife.com/blogs/gone-fishin/2014/03/killer-lures-6-classic-baits-will-always-catch-fish/,https://www.outdoorlife.com/fishing/8-lures-to-catch-fish-anywhere/
https://www.outdoorlife.com/articles/hunting/2007/09/out-foxing-coyotes/,https://www.outdoorlife.com/coyote-nation-crash-course-in-coyote-hunting/
https://www.outdoorlife.com/articles/hunting/2007/09/35-ways-rule-rut/,https://www.outdoorlife.com/best-deer-hunting-tips-for-the-rut/
https://www.outdoorlife.com/articles/hunting/2008/09/second-rut-secrets/,https://www.outdoorlife.com/best-deer-hunting-tips-for-the-rut/
https://www.outdoorlife.com/articles/hunting/whitetail-deer/rut/2010/10/rut-stuff/,https://www.outdoorlife.com/best-deer-hunting-tips-for-the-rut/
https://www.outdoorlife.com/articles/hunting/whitetail-deer/rut/2012/10/how-hunt-rut-new-deer-hunting-tactics-2012/,https://www.outdoorlife.com/best-deer-hunting-tips-for-the-rut/
https://www.outdoorlife.com/blogs/game-changers/rut-stands-three-different-strategies-take-go-time-bucks/,https://www.outdoorlife.com/best-deer-hunting-tips-for-the-rut/
https://www.outdoorlife.com/blogs/game-changers/second-rut-how-kill-late-season-buck/,https://www.outdoorlife.com/best-deer-hunting-tips-for-the-rut/
https://www.outdoorlife.com/blogs/game-changers/whitetail-bowhunting-how-hunt-late-october-scrapes/,https://www.outdoorlife.com/best-deer-hunting-tips-for-the-rut/
https://www.outdoorlife.com/hunting-rut-crazy-for-it/,https://www.outdoorlife.com/best-deer-hunting-tips-for-the-rut/
https://www.outdoorlife.com/photos/gallery/hunting/2011/11/outdoor-lifes-no-excuses-guide-hunting-rut/,https://www.outdoorlife.com/best-deer-hunting-tips-for-the-rut/
https://www.outdoorlife.com/articles/hunting/2007/09/grouse-high/,https://www.outdoorlife.com/10-next-level-ruffed-grouse-hunting-tips/
https://www.outdoorlife.com/grouse-up-high/,https://www.outdoorlife.com/10-next-level-ruffed-grouse-hunting-tips/
https://www.outdoorlife.com/bowhunting-gear-10-most-important-inventions-products/,https://www.outdoorlife.com/gear/best-compound-bows/
https://www.outdoorlife.com/guns/will-ammo-shortage-affect-hunters/,https://www.outdoorlife.com/guns/most-accurate-6-5-creedmoor-ammo/
https://www.outdoorlife.com/how-to-outrun-grizzly-and-other-really-bad-ideas/,https://www.outdoorlife.com/survival/how-to-use-bear-spray/
https://www.outdoorlife.com/story/blogs/opencountry/pendley-withdrawn-bureau-land-managment-nominee/,https://www.outdoorlife.com/category/public-lands-and-waters/
https://www.outdoorlife.com/story/fishing/spiny-water-flea/,https://www.outdoorlife.com/category/wildlife-management/