https://www.outdoorlife.com/story/hunting/ways-to-tag-your-first-alligator/,https://outdoorlife.vipdev.lndo.site/category/hunting/
https://www.outdoorlife.com/blogs/big-buck-zone/what-do-when-hit-deer-crosses-property-line/,https://outdoorlife.vipdev.lndo.site/category/whitetail-deer-hunting/
https://www.outdoorlife.com/ol-guide-life-new-camping-gear-apparel/,https://outdoorlife.vipdev.lndo.site/category/whitetail-deer-hunting/
https://www.outdoorlife.com/articles/fishing/2016/05/skishing-taking-deep-water-and-big-fish-wetsuit/,https://outdoorlife.vipdev.lndo.site/category/freshwater-fishing/
https://www.outdoorlife.com/blogs/game-changers/youve-been-using-your-binoculars-all-wrong-how-and-when-adjust-eyecups-better/,https://outdoorlife.vipdev.lndo.site/category/freshwater-fishing/
https://www.outdoorlife.com/blogs/survivalist/2013/12/survival-skills-build-ojibwa-bird-snare/,https://outdoorlife.vipdev.lndo.site/category/survival-skills/
https://www.outdoorlife.com/story/hunting/aldo-leopolds-essentials-for-wildllife-habitat-management/,https://outdoorlife.vipdev.lndo.site/category/wildlife-management/
https://www.outdoorlife.com/articles/hunting/2015/09/deer-year-2015-192-inch-monster-wisconsin-buck/,https://outdoorlife.vipdev.lndo.site/category/deer-hunting/
https://www.outdoorlife.com/blogs/gun-shots/gun-week-feltman-pneumatic-machine-gun/,https://outdoorlife.vipdev.lndo.site/category/guns/
https://www.outdoorlife.com/blogs/newshound/2012/10/indiana-man-poaches-massive-300-pound-nightmare-buck/,https://outdoorlife.vipdev.lndo.site/category/deer-hunting/
https://www.outdoorlife.com/blogs/newshound/2010/03/sierra-club-we-support-hunting/,https://outdoorlife.vipdev.lndo.site/category/hunting/
https://www.outdoorlife.com/blogs/gun-shots/2012/08/shooting-tips-8-mistakes-rob-rifle-accuracy/,https://outdoorlife.vipdev.lndo.site/category/rifles/
https://www.outdoorlife.com/story/hunting/colorado-votes-to-reintroduce-gray-wolves/,https://outdoorlife.vipdev.lndo.site/category/wildlife-management/
https://www.outdoorlife.com/5-ways-to-kill-your-hunting-dog/,https://outdoorlife.vipdev.lndo.site/category/hunting-dogs/
https://www.outdoorlife.com/blogs/survivalist/7-types-energy-survival-and-self-reliance-if-grid-goes-down/,https://outdoorlife.vipdev.lndo.site/category/foraging/
https://www.outdoorlife.com/articles/hunting/2015/07/farewell-herman-duff-holbrook-father-wild-turkey-rocket-netting/,https://outdoorlife.vipdev.lndo.site/category/turkey-hunting/
https://www.outdoorlife.com/fact-checking-debate-on-federal-land-transfer/,https://outdoorlife.vipdev.lndo.site/category/public-lands-and-waters/
https://www.outdoorlife.com/blogs/survivalist/2012/08/survival-gear-weirdest-stuff-should-be-your-survival-kits-and-bob/,https://outdoorlife.vipdev.lndo.site/category/survival-gear/
https://www.outdoorlife.com/blogs/survivalist/2014/03/survival-skills-make-vault-pvc/,https://outdoorlife.vipdev.lndo.site/category/survival-skills/
https://www.outdoorlife.com/articles/hunting/2007/09/coyote-birth-control/,https://outdoorlife.vipdev.lndo.site/category/coyote-hunting/
https://www.outdoorlife.com/survival-skills-dealing-with-burns-in-wild/,https://outdoorlife.vipdev.lndo.site/category/wilderness-survival/
https://www.outdoorlife.com/blogs/gun-shots/2013/05/shotgun-shooting-tips-4-ways-improve-your-tactical-shotgun-game/,https://outdoorlife.vipdev.lndo.site/category/shotguns/
https://www.outdoorlife.com/blogs/big-buck-zone/why-has-federal-government-cut-funding-chronic-wasting-disease-research/,https://outdoorlife.vipdev.lndo.site/category/whitetail-deer-hunting/
https://www.outdoorlife.com/political-battle-for-americas-public-land-is-happening-below-radar/,https://outdoorlife.vipdev.lndo.site/category/public-lands-and-waters/
https://www.outdoorlife.com/blogs/survivalist/2014/03/survival-skills-4-wild-teas-every-survivalist-should-know/,https://outdoorlife.vipdev.lndo.site/category/foraging/
https://www.outdoorlife.com/blogs/newshound/2010/07/jack-hanna-attacked-grizzly/,https://outdoorlife.vipdev.lndo.site/category/animal-attacks/
https://www.outdoorlife.com/blogs/gone-fishin/2014/05/muskie-moon/,https://outdoorlife.vipdev.lndo.site/category/pike-and-muskie-fishing/
https://www.outdoorlife.com/four-things-hunters-should-know-about-cwd/,https://outdoorlife.vipdev.lndo.site/category/deer-hunting/
https://www.outdoorlife.com/why-you-should-try-tenkara-fishing-for-trout/,https://outdoorlife.vipdev.lndo.site/category/trout-fishing/
https://www.outdoorlife.com/3-tricks-to-catch-big-walleyes-in-cold-water/,https://outdoorlife.vipdev.lndo.site/category/walleye-fishing/
https://www.outdoorlife.com/blogs/hunting/2014/04/shooting-tip-blacken-your-iron-sights-pitch-pine/,https://outdoorlife.vipdev.lndo.site/category/rifles/
https://www.outdoorlife.com/president-signs-s-47-public-lands-package-into-law/,https://outdoorlife.vipdev.lndo.site/category/public-lands-and-waters/
https://www.outdoorlife.com/blogs/gun-shots/2010/03/marlin-firearms-close/,https://outdoorlife.vipdev.lndo.site/category/rifles/
https://www.outdoorlife.com/striped-bass-fishing-lure-modifications/,https://outdoorlife.vipdev.lndo.site/category/striped-bass-fishing/
https://www.outdoorlife.com/smokey-bear-has-target-on-his-back/,https://outdoorlife.vipdev.lndo.site/category/public-lands-and-waters/
https://www.outdoorlife.com/story/blogs/opencountry/senate-takes-on-william-perry-pendley-at-bureau-of-land-management/,https://outdoorlife.vipdev.lndo.site/category/public-lands-and-waters/
https://www.outdoorlife.com/story/hunting/land-and-water-conservation-fund-could-get-full-funding/,https://outdoorlife.vipdev.lndo.site/category/public-lands-and-waters/
https://www.outdoorlife.com/articles/gear/2015/03/atv-maintenance-avoid-these-4-common-mistakes-when-changing-oil/,https://outdoorlife.vipdev.lndo.site/category/atvs/
https://www.outdoorlife.com/right-gear-to-bear-proof-your-camp/,https://outdoorlife.vipdev.lndo.site/category/atvs/
https://www.outdoorlife.com/blogs/newshound/2011/11/today-anniversary-first-game-warden-murders-0/,https://outdoorlife.vipdev.lndo.site/category/conservation/
https://www.outdoorlife.com/story/blogs/opencountry/goodbye-critter-group-birth-of-hi-line-sportsmen/,https://outdoorlife.vipdev.lndo.site/category/wildlife-management/
https://www.outdoorlife.com/blogs/open-country/cornered-western-sportsmen-trapped-arcane-regulation-prohibiting-public-access/,https://outdoorlife.vipdev.lndo.site/category/public-lands-and-waters/
https://www.outdoorlife.com/what-to-look-for-in-guide-hunt/,https://outdoorlife.vipdev.lndo.site/category/big-game-hunting/
https://www.outdoorlife.com/photos/gallery/2015/02/10-wacky-nascar-trophies/,https://outdoorlife.vipdev.lndo.site/category/gear/
https://www.outdoorlife.com/bundy-trial-when-justice-fails/,https://outdoorlife.vipdev.lndo.site/category/public-lands-and-waters/
https://www.outdoorlife.com/bundy-acquittal-seven-who-seized-malheur-refuge-found-not-guilty/,https://outdoorlife.vipdev.lndo.site/category/public-lands-and-waters/
https://www.outdoorlife.com/opinion-next-president-should-be-force-for-conservation/,https://outdoorlife.vipdev.lndo.site/category/public-lands-and-waters/
https://www.outdoorlife.com/epa-removes-water-protections-and-rolls-back-2015-wotus-rule/,https://outdoorlife.vipdev.lndo.site/category/public-lands-and-waters/
https://www.outdoorlife.com/senate-fails-to-reauthorize-land-and-water-conservation-fund/,https://outdoorlife.vipdev.lndo.site/category/public-lands-and-waters/
https://www.outdoorlife.com/blogs/gun-dogs/2012/06/how-introduce-pup-water/,https://outdoorlife.vipdev.lndo.site/category/hunting-dogs/
https://www.outdoorlife.com/federal-government-cancels-environmental-study-reopens-mining-leases-near-boundary-waters/,https://outdoorlife.vipdev.lndo.site/category/public-lands-and-waters/
https://www.outdoorlife.com/blogs/open-country/2013/12/hey-congress-stop-stealing-our-access-money/,https://outdoorlife.vipdev.lndo.site/category/policy-legislation/
https://www.outdoorlife.com/blogs/open-country/2012/09/official-gop-platform-sell-americas-public-land/,https://outdoorlife.vipdev.lndo.site/category/public-lands-and-waters/
https://www.outdoorlife.com/blogs/survivalist/2013/01/brown-bread-can-and-5-other-odd-survival-foods/,https://outdoorlife.vipdev.lndo.site/category/survival-gear/
https://www.outdoorlife.com/blogs/newshound/2012/01/lliam-neeson-eats-wolf-new-movie-grey/,https://outdoorlife.vipdev.lndo.site/category/animal-attacks/
https://www.outdoorlife.com/blogs/survivalist/5-things-you-shouldnt-do-during-earthquake/,https://outdoorlife.vipdev.lndo.site/category/natural-disaster-survival/
https://www.outdoorlife.com/easy-ways-to-cook-over-open-fire/,https://outdoorlife.vipdev.lndo.site/category/natural-disaster-survival/
https://www.outdoorlife.com/blogs/big-buck-zone/2012/09/king-buck-not-crowned-new-world-record/,https://outdoorlife.vipdev.lndo.site/category/whitetail-deer-hunting/
https://www.outdoorlife.com/safari-club-international-taxidermy-22-greatest-mounts-youve-ever-seen/,https://outdoorlife.vipdev.lndo.site/category/big-game-hunting/
https://www.outdoorlife.com/diy-waterproof-boots/,https://outdoorlife.vipdev.lndo.site/category/hunting-gear/
https://www.outdoorlife.com/photos/gallery/fishing/2011/07/angler-catches-and-releases-potential-world-record-tiger-muskie/,https://outdoorlife.vipdev.lndo.site/category/pike-and-muskie-fishing/
https://www.outdoorlife.com/blogs/cast-iron-chef/2-recipes-make-epic-meat-bars-taste-better/,https://outdoorlife.vipdev.lndo.site/category/wild-game-recipes/
https://www.outdoorlife.com/blogs/big-buck-zone/2013/09/dangers-deer-cloning/,https://outdoorlife.vipdev.lndo.site/category/whitetail-deer-hunting/
https://www.outdoorlife.com/articles/hunting/2009/10/carnivorous-deer/,https://outdoorlife.vipdev.lndo.site/category/whitetail-deer-hunting/
https://www.outdoorlife.com/photos/gallery/hunting/2009/08/photos-hippo-chases-man/,https://outdoorlife.vipdev.lndo.site/category/hunting/
https://www.outdoorlife.com/6-reasons-why-you-should-hunt-black-bears/,https://outdoorlife.vipdev.lndo.site/category/black-bear-hunting/
https://www.outdoorlife.com/blogs/gone-fishin/icefishing-art-tip/,https://outdoorlife.vipdev.lndo.site/category/ice-fishing/
https://www.outdoorlife.com/blogs/big-buck-zone/2012/06/deer-swims-out-sea/,https://outdoorlife.vipdev.lndo.site/category/whitetail-deer-hunting/
https://www.outdoorlife.com/photos/gallery/hunting/2013/03/how-make-ghillie-suit-4-steps/,https://outdoorlife.vipdev.lndo.site/category/hunting-gear/
https://www.outdoorlife.com/saveastream/project-1/,https://outdoorlife.vipdev.lndo.site/category/trout-fishing/
https://www.outdoorlife.com/blogs/gun-dogs/2013/03/llewellin-setters-their-own-breed/,https://outdoorlife.vipdev.lndo.site/category/hunting-dogs/
https://www.outdoorlife.com/photos/gallery/hunting/2010/11/lone-star-girl/,https://outdoorlife.vipdev.lndo.site/category/hunting/
https://www.outdoorlife.com/blogs/survivalist/dont-cut-and-suck-snakebite-do-instead-if-youre-bitten-venomous-snake/,https://outdoorlife.vipdev.lndo.site/category/animal-attacks/
https://www.outdoorlife.com/articles/fishing/2016/06/10-things-you-probably-didnt-know-about-menhaden/,https://outdoorlife.vipdev.lndo.site/category/saltwater/
https://www.outdoorlife.com/articles/gear/2008/05/d-i-y-treehouse/,https://outdoorlife.vipdev.lndo.site/category/gear/
https://www.outdoorlife.com/articles/fishing/2016/06/6-easy-upgrades-your-fishing-kayak/,https://outdoorlife.vipdev.lndo.site/category/fishing-gear/
https://www.outdoorlife.com/blogs/survivalist/how-build-tuna-can-stove/,https://outdoorlife.vipdev.lndo.site/category/tuna-fishing/
https://www.outdoorlife.com/blogs/survivalist/survival-skills-3-handy-tricks-ferrocerium-rods/,https://outdoorlife.vipdev.lndo.site/category/survival-skills/
https://www.outdoorlife.com/blogs/survivalist/6-doomsday-supplies-youve-understocked/,https://outdoorlife.vipdev.lndo.site/category/natural-disaster-survival/
https://www.outdoorlife.com/blogs/newshound/2013/01/possible-first-documented-snow-leopard-attack-humans/,https://outdoorlife.vipdev.lndo.site/category/animal-attacks/
https://www.outdoorlife.com/articles/hunting/2016/02/ghost-coon-tome/,https://outdoorlife.vipdev.lndo.site/category/hunting-dogs/
https://www.outdoorlife.com/blogs/survivalist/9-pros-and-cons-walkie-talkies-emergency-communication/,https://outdoorlife.vipdev.lndo.site/category/survival-gear/
https://www.outdoorlife.com/blogs/gun-shots/gun-week-ruger-semi-automatic-pistol-1-5000/,https://outdoorlife.vipdev.lndo.site/category/handguns/
https://www.outdoorlife.com/photos/gallery/hunting/2009/08/dumbest-laws-ever/,https://outdoorlife.vipdev.lndo.site/category/hunting/
https://www.outdoorlife.com/blogs/big-buck-zone/2012/08/what-ehd-epizootic-hemorrhagic-disease-explained/,https://outdoorlife.vipdev.lndo.site/category/whitetail-deer-hunting/
https://www.outdoorlife.com/blogs/big-buck-zone/2014/02/huge-spike-buck-taken-north-carolina/,https://outdoorlife.vipdev.lndo.site/category/whitetail-deer-hunting/
https://www.outdoorlife.com/blogs/gone-fishin/2010/08/you-are-wimp-compared-alf-dean/,https://outdoorlife.vipdev.lndo.site/category/fishing/
https://www.outdoorlife.com/blogs/hunting/2012/11/how-hunt-bobcats/,https://outdoorlife.vipdev.lndo.site/category/predator-hunting/
https://www.outdoorlife.com/blogs/survivalist/2012/05/yarrow-plant-natures-neosporin/,https://outdoorlife.vipdev.lndo.site/category/foraging/
https://www.outdoorlife.com/articles/hunting/2014/04/our-10-favorite-short-axes-hatchets-and-tomahawks/,https://outdoorlife.vipdev.lndo.site/category/camping-gear/
https://www.outdoorlife.com/blogs/newshound/2014/04/805-pound-potential-record-mako-shark-caught-florida-beach/,https://outdoorlife.vipdev.lndo.site/category/shark-fishing/
https://www.outdoorlife.com/articles/2016/01/how-perfect-your-shotgun-shoulder-mount/,https://outdoorlife.vipdev.lndo.site/category/shotguns/
https://www.outdoorlife.com/2-ways-to-make-steam-pit-for-camp-cooking/,https://outdoorlife.vipdev.lndo.site/category/camping-gear/
https://www.outdoorlife.com/blogs/newshound/2012/04/hunting-extinct-species-how-texas-ranches-saved-scimitar-horned-oryx/,https://outdoorlife.vipdev.lndo.site/category/big-game-hunting/
https://www.outdoorlife.com/how-to-make-your-own-kydex-knife-sheath/,https://outdoorlife.vipdev.lndo.site/category/knives/
https://www.outdoorlife.com/blues-travelers-fishing-fall-bluefish-blitz/,https://outdoorlife.vipdev.lndo.site/category/saltwater/
https://www.outdoorlife.com/4-spring-flowers-you-can-eat/,https://outdoorlife.vipdev.lndo.site/category/foraging/
https://www.outdoorlife.com/story/hunting/the-magic-bus-got-some-mccandless-fans-into-trouble/,https://outdoorlife.vipdev.lndo.site/category/public-lands-and-waters/
https://www.outdoorlife.com/articles/fishing/2016/05/man-trying-bring-largemouth-bass-world-record-back-usa/,https://outdoorlife.vipdev.lndo.site/category/largemouth-bass-fishing/
https://www.outdoorlife.com/blogs/gun-shots/2013/01/shooting-hogs-helicopter-million-dollar-pig/,https://outdoorlife.vipdev.lndo.site/category/guns/
https://www.outdoorlife.com/blogs/gun-shots/gun-week-colt-model-1877-thunderer-double-action-revolver/,https://outdoorlife.vipdev.lndo.site/category/guns/
https://www.outdoorlife.com/blogs/gun-shots/joy-butchering-how-really-pronounce-your-riflescope-brand-name/,https://outdoorlife.vipdev.lndo.site/category/rifles/
https://www.outdoorlife.com/blogs/newshound/2008/10/1847-colt-walker-44-fetches-920k-auction/,https://outdoorlife.vipdev.lndo.site/category/guns/
https://www.outdoorlife.com/are-nebraskas-wild-turkey-species-all-becoming-hybrids/,https://outdoorlife.vipdev.lndo.site/category/turkey-hunting/
https://www.outdoorlife.com/blogs/gun-shots/2012/08/cleaning-shotgun-6-simple-steps/,https://outdoorlife.vipdev.lndo.site/category/shotguns/
https://www.outdoorlife.com/blogs/article/atv-tips-5-things-you-should-never-do-when-using-winch/,https://outdoorlife.vipdev.lndo.site/category/atvs/
https://www.outdoorlife.com/blogs/gun-dogs/2011/08/gun-dog-health-protect-your-hunting-dog-grass-awn-infections/,https://outdoorlife.vipdev.lndo.site/category/hunting-dogs/
https://www.outdoorlife.com/story/blogs/opencountry/army-corps-denies-permitting-alaskas-pebble-mine-possibly-bringing-end-controversial-project/,https://outdoorlife.vipdev.lndo.site/category/salmon-and-steelhead-fishing/
https://www.outdoorlife.com/blogs/gun-shots/gun-week-forgotten-winchester-1873-great-basin-national-park/,https://outdoorlife.vipdev.lndo.site/category/guns/
https://www.outdoorlife.com/blogs/gun-shots/2012/04/why-i-choose-buckshot-home-defense/,https://outdoorlife.vipdev.lndo.site/category/shotgun-ammo/
https://www.outdoorlife.com/blogs/survivalist/survival-skills-4-myths-about-staying-warm-winter/,https://outdoorlife.vipdev.lndo.site/category/survival-skills/
https://www.outdoorlife.com/blogs/big-buck-zone/2013/05/deer-hunting-what-fawn-drop-dates-can-teach-you-about-rut/,https://outdoorlife.vipdev.lndo.site/category/whitetail-deer-hunting/
https://www.outdoorlife.com/story/hunting/hunting-dog-retriever-with-unfortunate-manners/,https://outdoorlife.vipdev.lndo.site/category/pheasant-hunting/
https://www.outdoorlife.com/how-to-make-most-your-fire-with-reflecting-wall/,https://outdoorlife.vipdev.lndo.site/category/survival-skills/
https://www.outdoorlife.com/photos/gallery/hunting/2011/10/25-best-trail-camera-photos/,https://outdoorlife.vipdev.lndo.site/category/hunting/
https://www.outdoorlife.com/5-clues-for-tracking-wild-animals-besides-tracks/,https://outdoorlife.vipdev.lndo.site/category/survival-skills/
https://www.outdoorlife.com/blogs/gun-shots/2012/07/ammo-year-barnes-110-grain-vor-tx-300-aac-blackout/,https://outdoorlife.vipdev.lndo.site/category/rifle-ammo/
https://www.outdoorlife.com/use-these-tips-to-avoid-beginners-mistakes-with-spark-rods/,https://outdoorlife.vipdev.lndo.site/category/camping-gear/
https://www.outdoorlife.com/an-easy-recipe-for-venison-potstickers/,https://outdoorlife.vipdev.lndo.site/category/wild-game-recipes/
https://www.outdoorlife.com/articles/hunting/2015/03/turkey-calls-how-make-wingbone-yelper/,https://outdoorlife.vipdev.lndo.site/category/turkey-hunting/
https://www.outdoorlife.com/blogs/hunting/2014/03/how-shoot-recurve-tips-proper-grip/,https://outdoorlife.vipdev.lndo.site/category/bow-hunting-gear/
https://www.outdoorlife.com/articles/hunting/2009/05/5-minutes-karl-malone/,https://outdoorlife.vipdev.lndo.site/category/hunting/
https://www.outdoorlife.com/blogs/game-changers/understanding-wildlife-biology-population-dynamics-101/,https://outdoorlife.vipdev.lndo.site/category/wildlife-management/
https://www.outdoorlife.com/blogs/survivalist/2012/05/survival-skills-make-quick-stick-bow/,https://outdoorlife.vipdev.lndo.site/category/survival-skills/
https://www.outdoorlife.com/blogs/newshound/2010/11/bear-bladder-black-market/,https://outdoorlife.vipdev.lndo.site/category/wildlife-management/
https://www.outdoorlife.com/blogs/master-class/2013/06/bolts-or-arrows-which-correct-crossbows/,https://outdoorlife.vipdev.lndo.site/category/bow-hunting-gear/
https://www.outdoorlife.com/blogs/hunting/2014/07/kid-friendly-states-five-affordable-places-take-child-hunting/,https://outdoorlife.vipdev.lndo.site/category/whitetail-deer-hunting/
https://www.outdoorlife.com/blogs/hunting/2013/02/woodchuck-hunting-three-tips-take-more-groundhogs/,https://outdoorlife.vipdev.lndo.site/category/small-game-hunting/
https://www.outdoorlife.com/photos/gallery/hunting/big-game/moose/2009/03/how-make-moose-call/,https://outdoorlife.vipdev.lndo.site/category/moose-hunting/
https://www.outdoorlife.com/blogs/gun-shots/gun-week-hopkins-allen-xl3-double-action-revolver/,https://outdoorlife.vipdev.lndo.site/category/guns/
https://www.outdoorlife.com/dog-training-your-pups-first-year/,https://outdoorlife.vipdev.lndo.site/category/hunting-dogs/
https://www.outdoorlife.com/blogs/survivalist/survival-skills-how-make-knives-rocks/,https://outdoorlife.vipdev.lndo.site/category/survival-skills/
https://www.outdoorlife.com/blogs/survivalist/2011/06/use-your-water-bottle-boil-water-and-cook/,https://outdoorlife.vipdev.lndo.site/category/survival-skills/
https://www.outdoorlife.com/story/hunting/dog-trainers-creating-super-puppies-military-program/,https://outdoorlife.vipdev.lndo.site/category/hunting-dogs/
https://www.outdoorlife.com/blogs/newshound/2013/04/atf-raids-home-kyle-myers-fpsrussia-star/,https://outdoorlife.vipdev.lndo.site/category/guns/
https://www.outdoorlife.com/story/fishing/forget-boats-bank-and-wade-bowfishing-is-cheap-fun-and-easy/,https://outdoorlife.vipdev.lndo.site/category/bow-hunting-gear/
https://www.outdoorlife.com/blogs/big-buck-zone/2013/02/are-you-feeding-your-deer-death/,https://outdoorlife.vipdev.lndo.site/category/whitetail-deer-hunting/
https://www.outdoorlife.com/duck-hunting-tips-flooded-timber-public-land/,https://outdoorlife.vipdev.lndo.site/category/duck-hunting/
https://www.outdoorlife.com/in-colorado-most-state-trust-land-is-closed-to-public-hunting-what-gives/,https://outdoorlife.vipdev.lndo.site/category/public-lands-and-waters/
https://www.outdoorlife.com/beware-sen-lees-new-homestead-act/,https://outdoorlife.vipdev.lndo.site/category/public-lands-and-waters/
https://www.outdoorlife.com/blogs/cast-iron-chef/how-prepare-and-cook-waterfowl-gizzards/,https://outdoorlife.vipdev.lndo.site/category/wild-game-recipes/
https://www.outdoorlife.com/blogs/survivalist/video-how-boil-water-hot-rocks/,https://outdoorlife.vipdev.lndo.site/category/survival-skills/
https://www.outdoorlife.com/perfect-conceal-carry-combo/,https://outdoorlife.vipdev.lndo.site/category/handguns/
https://www.outdoorlife.com/7-rules-for-building-best-backcountry-camp/,https://outdoorlife.vipdev.lndo.site/category/backcountry-hunting-gear/
https://www.outdoorlife.com/photos/gallery/hunting/turkey-waterfowl/waterfowl-techniques/2012/08/how-make-your-own-decoys/,https://outdoorlife.vipdev.lndo.site/category/duck-hunting/
https://www.outdoorlife.com/blogs/newshound/2008/08/doll-fly-lasting-legacy/,https://outdoorlife.vipdev.lndo.site/category/fly-fishing/
https://www.outdoorlife.com/gun-test-marlins-fg1894-in-41-rem-mag/,https://outdoorlife.vipdev.lndo.site/category/rifles/
https://www.outdoorlife.com/articles/fishing/2007/09/fish-id-chain-pickerel/,https://outdoorlife.vipdev.lndo.site/category/fishing/
https://www.outdoorlife.com/blogs/survivalist/2011/05/home-defense-tips-how-use-tactical-flashlight/,https://outdoorlife.vipdev.lndo.site/category/survival-skills/
https://www.outdoorlife.com/how-to-safely-handle-and-care-for-axes-and-hatchets/,https://outdoorlife.vipdev.lndo.site/category/camping-gear/
https://www.outdoorlife.com/benefits-adding-led-lights-to-your-atv-or-utv/,https://outdoorlife.vipdev.lndo.site/category/atvs/
https://www.outdoorlife.com/blogs/newshound/2012/01/south-african-man-dies-after-being-stung-swarm-jellyfish/,https://outdoorlife.vipdev.lndo.site/category/animal-attacks/
https://www.outdoorlife.com/blogs/gun-shots/gun-week-winchester-wetmore-wood-revolver/,https://outdoorlife.vipdev.lndo.site/category/guns/
https://www.outdoorlife.com/photos/gallery/hunting/record-quest/2011/01/brady-bucks/,https://outdoorlife.vipdev.lndo.site/category/deer-hunting/
https://www.outdoorlife.com/photos/gallery/hunting/2010/12/outrageous-hunting-stands-and-binds/,https://outdoorlife.vipdev.lndo.site/category/deer-hunting/
https://www.outdoorlife.com/blogs/live-hunt/2013/02/wolf-tracks-how-tell-if-there-are-wolves-your-woods/,https://outdoorlife.vipdev.lndo.site/category/hunting/
https://www.outdoorlife.com/blogs/hunting-andrew-mckean/2010/05/you-are-wimp-compare-alexander-sasha-siemel/,https://outdoorlife.vipdev.lndo.site/category/hunting/
https://www.outdoorlife.com/you-can-use-these-2-kinds-tree-fungus-for-fire-tinder/,https://outdoorlife.vipdev.lndo.site/category/foraging/
https://www.outdoorlife.com/story/hunting/minnesota-hunter-doubles-up-on-deer-opener/,https://outdoorlife.vipdev.lndo.site/category/whitetail-deer-hunting/
https://www.outdoorlife.com/how-to-identify-elderberry-bush/,https://outdoorlife.vipdev.lndo.site/category/foraging/
https://www.outdoorlife.com/blogs/gone-fishin/2014/03/muskellunge-how-cast-lures-baits/,https://outdoorlife.vipdev.lndo.site/category/pike-and-muskie-fishing/
https://www.outdoorlife.com/blogs/survivalist/2013/07/survival-skills-how-make-your-own-blow-gun-and-darts/,https://outdoorlife.vipdev.lndo.site/category/survival-gear/
https://www.outdoorlife.com/blogs/survivalist/survival-skills-how-escape-car-trunk/,https://outdoorlife.vipdev.lndo.site/category/survival-skills/
https://www.outdoorlife.com/blogs/big-buck-zone/2010/05/mysterious-albino-deer-herd/,https://outdoorlife.vipdev.lndo.site/category/whitetail-deer-hunting/
https://www.outdoorlife.com/blogs/newshound/2013/06/tk-0/,https://outdoorlife.vipdev.lndo.site/category/catfish-fishing/
https://www.outdoorlife.com/fishing-st-croix-river-for-leftys-last-bass/,https://outdoorlife.vipdev.lndo.site/category/largemouth-bass-fishing/
https://www.outdoorlife.com/gearhead-x16-crossbow/,https://outdoorlife.vipdev.lndo.site/category/bow-hunting-gear/
https://www.outdoorlife.com/blogs/survivalist/survival-skills-6-strategies-surviving-earthquake/,https://outdoorlife.vipdev.lndo.site/category/survival-skills/
https://www.outdoorlife.com/blogs/big-buck-zone/fall-food-plots-what-plant-dry-weather/,https://outdoorlife.vipdev.lndo.site/category/whitetail-deer-hunting/
https://www.outdoorlife.com/articles/hunting/2015/06/tips-and-tactics-how-hunt-cranes-and-swans/,https://outdoorlife.vipdev.lndo.site/category/waterfowl-hunting/
https://www.outdoorlife.com/tips-for-butchering-backstrap-plus-recipe-for-juniper-roasted-venison-loin/,https://outdoorlife.vipdev.lndo.site/category/wild-game-recipes/
https://www.outdoorlife.com/story/hunting/will-a-decrease-in-roadkill-mean-more-deer-in-the-woods-this-fall/,https://outdoorlife.vipdev.lndo.site/category/whitetail-deer-hunting/
https://www.outdoorlife.com/articles/fishing/2016/05/one-mans-quest-catch-every-fish-species-planet/,https://outdoorlife.vipdev.lndo.site/category/saltwater/
https://www.outdoorlife.com/story/fishing/how-to-catch-dropback-steelhead-when-rivers-warm-up/,https://outdoorlife.vipdev.lndo.site/category/salmon-and-steelhead-fishing/
https://www.outdoorlife.com/blogs/live-hunt/2011/05/how-break-full-grain-leather-boots/,https://outdoorlife.vipdev.lndo.site/category/hunting/
https://www.outdoorlife.com/blogs/gun-shots/first-look-sauer-100/,https://outdoorlife.vipdev.lndo.site/category/hunting-rifles/
https://www.outdoorlife.com/photos/gallery/hunting/2009/10/meat-eating-deer/,https://outdoorlife.vipdev.lndo.site/category/whitetail-deer-hunting/
https://www.outdoorlife.com/blogs/survivalist/2013/01/survival-skills-how-make-evergreen-bough-bed/,https://outdoorlife.vipdev.lndo.site/category/survival-skills/
https://www.outdoorlife.com/blogs/master-class/2013/10/deer-anatomy-lesson-how-buck-scent-glands-really-work/,https://outdoorlife.vipdev.lndo.site/category/deer-hunting/
https://www.outdoorlife.com/exclusive-first-look-federals-90-grain-fusion-in-224-valkyrie/,https://outdoorlife.vipdev.lndo.site/category/rifle-ammo/
https://www.outdoorlife.com/articles/hunting/2007/09/small-game-training-beagles/,https://outdoorlife.vipdev.lndo.site/category/hunting/
https://www.outdoorlife.com/photos/gallery/hunting/predators-small-game/coyote/2010/07/three-dogs-duke-it-out/,https://outdoorlife.vipdev.lndo.site/category/coyote-hunting/
https://www.outdoorlife.com/blogs/gun-shots/gun-history-origin-story-ak-47/,https://outdoorlife.vipdev.lndo.site/category/semi-automatic-rifles/
https://www.outdoorlife.com/robinson-outdoor-products-files-bankruptcy/,https://outdoorlife.vipdev.lndo.site/category/hunting-gear/
https://www.outdoorlife.com/blogs/newshound/2013/10/possible-state-record-black-bear-taken-minnesota/,https://outdoorlife.vipdev.lndo.site/category/black-bear-hunting/
https://www.outdoorlife.com/blogs/newshound/2014/01/new-wisconsin-study-reveals-data-deer-mortality/,https://outdoorlife.vipdev.lndo.site/category/deer-hunting/
https://www.outdoorlife.com/photos/gallery/hunting/2012/08/florida-trapper-catches-monster-14-foot-alligator-residential-lake/,https://outdoorlife.vipdev.lndo.site/category/hunting/
https://www.outdoorlife.com/survival-skills-seven-points-identification-for-edible-fruits-and-berries/,https://outdoorlife.vipdev.lndo.site/category/foraging/
https://www.outdoorlife.com/blogs/survivalist/2013/05/fire-starting-how-build-friction-fire-bow-and-drill/,https://outdoorlife.vipdev.lndo.site/category/survival-skills/
https://www.outdoorlife.com/blogs/big-buck-zone/buying-right-trail-camera-white-flash-red-glow-or-no-glow/,https://outdoorlife.vipdev.lndo.site/category/deer-hunting-gear/
https://www.outdoorlife.com/blogs/cast-iron-chef/recipe-wild-game-liver-wrapped-caul-fat/,https://outdoorlife.vipdev.lndo.site/category/wild-game-recipes/
https://www.outdoorlife.com/blogs/newshound/2014/04/experts-texas-chupacabra-was-definitely-raccoon/,https://outdoorlife.vipdev.lndo.site/category/animal-attacks/
https://www.outdoorlife.com/articles/fishing/2015/07/clonking-cats-how-call-catfish/,https://outdoorlife.vipdev.lndo.site/category/catfish-fishing/
https://www.outdoorlife.com/blogs/survivalist/survival-skills-how-carve-traditional-bow/,https://outdoorlife.vipdev.lndo.site/category/catfish-fishing/
https://www.outdoorlife.com/articles/hunting/2015/04/making-it-new-media-star-mark-kenyon/,https://outdoorlife.vipdev.lndo.site/category/deer-hunting/
https://www.outdoorlife.com/blogs/survivalist/2014/06/survival-skills-10-steps-light-one-match-fire/,https://outdoorlife.vipdev.lndo.site/category/survival-skills/
https://www.outdoorlife.com/blogs/survivalist/2012/02/survival-skills-improvise-your-tp/,https://outdoorlife.vipdev.lndo.site/category/wilderness-survival/
https://www.outdoorlife.com/blogs/survivalist/practice-4-survival-priorities-shelter-water-fire-and-food/,https://outdoorlife.vipdev.lndo.site/category/survival-skills/
https://www.outdoorlife.com/blogs/survivalist/survival-skills-how-avoid-5-common-mistakes-bulk-food-storage/,https://outdoorlife.vipdev.lndo.site/category/survival-skills/
https://www.outdoorlife.com/blogs/hunting/5-tips-solo-pheasant-hunting/,https://outdoorlife.vipdev.lndo.site/category/pheasant-hunting/
https://www.outdoorlife.com/blogs/survivalist/survival-skills-how-store-dry-food-staples/,https://outdoorlife.vipdev.lndo.site/category/survival-skills/
https://www.outdoorlife.com/blogs/big-buck-zone/2012/10/how-take-good-trophy-shot/,https://outdoorlife.vipdev.lndo.site/category/whitetail-deer-hunting/
https://www.outdoorlife.com/blogs/survivalist/10-survival-uses-sock/,https://outdoorlife.vipdev.lndo.site/category/survival-skills/
https://www.outdoorlife.com/blogs/survivalist/10-handy-survival-uses-seashells/,https://outdoorlife.vipdev.lndo.site/category/wilderness-survival/
https://www.outdoorlife.com/blogs/survivalist/2013/05/survival-skills-build-your-own-gunshot-medical-kit/,https://outdoorlife.vipdev.lndo.site/category/survival-skills/
https://www.outdoorlife.com/survival-skills-grill-like-your-ancestors/,https://outdoorlife.vipdev.lndo.site/category/survival-skills/
https://www.outdoorlife.com/blogs/survivalist/2014/01/winter-survival-dos-and-donts/,https://outdoorlife.vipdev.lndo.site/category/survival-skills/
https://www.outdoorlife.com/blogs/survivalist/2014/01/survival-skills-7-ways-lip-balm-can-save-your-life/,https://outdoorlife.vipdev.lndo.site/category/survival-skills/
https://www.outdoorlife.com/survival-skills-learn-urban-foraging/,https://outdoorlife.vipdev.lndo.site/category/foraging/
https://www.outdoorlife.com/articles/2015/04/fishing-tip-how-stud-your-boots-wading/,https://outdoorlife.vipdev.lndo.site/category/fishing-gear/
https://www.outdoorlife.com/3-biggest-keys-to-long-term-food-storage-for-survival/,https://outdoorlife.vipdev.lndo.site/category/survival-gear/
https://www.outdoorlife.com/blogs/survivalist/2013/11/survival-skills-how-identify-and-treat-hypothermia/,https://outdoorlife.vipdev.lndo.site/category/survival-skills/
https://www.outdoorlife.com/blogs/gun-shots/2011/04/wilson-tactical-762x40-another-new-ar-cartridge/,https://outdoorlife.vipdev.lndo.site/category/rifle-ammo/
https://www.outdoorlife.com/blogs/gun-shots/2009/07/abraham-lincoln-and-assault-weapons/,https://outdoorlife.vipdev.lndo.site/category/semi-automatic-rifles/
https://www.outdoorlife.com/photos/gallery/hunting/2009/01/celebrity-outdoorsmen-part-ii/,https://outdoorlife.vipdev.lndo.site/category/hunting/
https://www.outdoorlife.com/blogs/gun-shots/2013/05/new-york-librarian-loses-pistol-permit-because-past-prescription-anti-anxiet/,https://outdoorlife.vipdev.lndo.site/category/handguns/
https://www.outdoorlife.com/blogs/hunting/new-15x-monster-binos/,https://outdoorlife.vipdev.lndo.site/category/binoculars/
https://www.outdoorlife.com/survival-skills-running-on-empty/,https://outdoorlife.vipdev.lndo.site/category/wilderness-survival/
https://www.outdoorlife.com/story/hunting/modern-hunter-ancient-technology-reliance-concerns/,https://outdoorlife.vipdev.lndo.site/category/hunting-gear/
https://www.outdoorlife.com/articles/hunting/2015/06/bizarre-bucks-why-some-whitetails-grow-non-typical-racks/,https://outdoorlife.vipdev.lndo.site/category/whitetail-deer-hunting/
https://www.outdoorlife.com/blogs/newshound/2011/02/327-pound-gator-gar-may-smash-record/,https://outdoorlife.vipdev.lndo.site/category/hunting/
https://www.outdoorlife.com/blogs/big-buck-zone/2011/10/how-barometric-pressure-affects-deer/,https://outdoorlife.vipdev.lndo.site/category/whitetail-deer-hunting/
https://www.outdoorlife.com/blogs/big-buck-zone/2011/09/should-hunters-shoot-albino-deer/,https://outdoorlife.vipdev.lndo.site/category/whitetail-deer-hunting/
https://www.outdoorlife.com/articles/fishing/2016/02/how-gig-fish-plus-diy-gigging-stick-3-steps/,https://outdoorlife.vipdev.lndo.site/category/fishing-gear/
https://www.outdoorlife.com/waterfowl-hunting-open-water-divers/,https://outdoorlife.vipdev.lndo.site/category/duck-hunting/
https://www.outdoorlife.com/blogs/big-buck-zone/2013/05/new-whitetail-scale/,https://outdoorlife.vipdev.lndo.site/category/whitetail-deer-hunting/
https://www.outdoorlife.com/blogs/survivalist/survival-skills-5-survival-uses-tannic-acid/,https://outdoorlife.vipdev.lndo.site/category/survival-skills/
https://www.outdoorlife.com/articles/2015/04/how-make-deer-antler-slingshot/,https://outdoorlife.vipdev.lndo.site/category/deer-hunting/
https://www.outdoorlife.com/blogs/survivalist/3-ways-disinfect-water-plastic-bottle-make-it-potable/,https://outdoorlife.vipdev.lndo.site/category/wilderness-survival/
https://www.outdoorlife.com/articles/hunting/2014/03/diy-special-51-essential-skills-projects-and-clever-hacks-improve-your-outd/,https://outdoorlife.vipdev.lndo.site/category/bow-hunting/
https://www.outdoorlife.com/blogs/hunting/2013/10/meat-poles-3-ways-keep-venison-away-scavengers/,https://outdoorlife.vipdev.lndo.site/category/deer-hunting/
https://www.outdoorlife.com/blogs/survivalist/2012/03/survival-skills-animal-tracking-101/,https://outdoorlife.vipdev.lndo.site/category/survival-skills/
https://www.outdoorlife.com/articles/will-snyder/2007/09/scientists-remains-found-bear-scat/,https://outdoorlife.vipdev.lndo.site/category/animal-attacks/
https://www.outdoorlife.com/whats-best-way-to-freeze-wild-game-meat/,https://outdoorlife.vipdev.lndo.site/category/wild-game-recipes/
https://www.outdoorlife.com/fishing-lures-future/,https://outdoorlife.vipdev.lndo.site/category/lures/
https://www.outdoorlife.com/blogs/survivalist/2014/07/survival-skills-3-ways-make-better-signal-fire/,https://outdoorlife.vipdev.lndo.site/category/survival-skills/
https://www.outdoorlife.com/blogs/survivalist/2013/02/survival-gear-make-your-own-signal-whistle/,https://outdoorlife.vipdev.lndo.site/category/survival-gear/
https://www.outdoorlife.com/shiner-guides-florida-are-kings-stress-free-big-bass-fishing/,https://outdoorlife.vipdev.lndo.site/category/largemouth-bass-fishing/
https://www.outdoorlife.com/grand-staircase-escalante-national-monument-gateway-perspective/,https://outdoorlife.vipdev.lndo.site/category/public-lands-and-waters/
https://www.outdoorlife.com/blogs/survivalist/survival-skills-10-great-bartering-items-and-3-you-might-not-expect/,https://outdoorlife.vipdev.lndo.site/category/survival-skills/
https://www.outdoorlife.com/articles/fishing/2007/09/tips-bullheads/,https://outdoorlife.vipdev.lndo.site/category/fishing/
https://www.outdoorlife.com/articles/gear/2007/09/utv-buyers-guide/,https://outdoorlife.vipdev.lndo.site/category/atvs/
https://www.outdoorlife.com/articles/hunting/2007/09/varmints-beware/,https://outdoorlife.vipdev.lndo.site/category/hunting/
https://www.outdoorlife.com/articles/gear/hunting/2007/09/gun-review-smith-wessons-460xvr-revolver/,https://outdoorlife.vipdev.lndo.site/category/handguns/
https://www.outdoorlife.com/blogs/newshound/2008/12/clapton-rocks-guns-hunting/,https://outdoorlife.vipdev.lndo.site/category/guns/
https://www.outdoorlife.com/articles/mike-schoby/2007/09/remote-control-hunting/,https://outdoorlife.vipdev.lndo.site/category/hunting/
https://www.outdoorlife.com/blogs/big-buck-zone/growing-big-bucks-why-soil-one-most-important-factors-whitetail-management/,https://outdoorlife.vipdev.lndo.site/category/whitetail-deer-hunting/
https://www.outdoorlife.com/blogs/hunting/2012/11/my-ol-new-york-giants-defensive-end-justin-tuck/,https://outdoorlife.vipdev.lndo.site/category/bow-hunting/
https://www.outdoorlife.com/catfish-capital-savannah-tennessee/,https://outdoorlife.vipdev.lndo.site/category/catfish-fishing/
https://www.outdoorlife.com/4-survival-priorities-you-should-know-and-practice/,https://outdoorlife.vipdev.lndo.site/category/survival-skills/
https://www.outdoorlife.com/blogs/survivalist/prepping-budget-10-survival-items-everyone-can-afford/,https://outdoorlife.vipdev.lndo.site/category/survival-gear/
https://www.outdoorlife.com/how-two-nm-senators-swiss-philanthropist-and-secretary-zinke-could-unlock-americas-only-inaccessible/,https://outdoorlife.vipdev.lndo.site/category/public-lands-and-waters/