https://www.wearethemighty.com/mighty-money/15-expensive-projects-abandoned-us-military/;https://www.wearethemighty.com/articles/15-of-the-most-expensive-projects-abandoned-by-the-us-military/
https://www.wearethemighty.com/articles/22-brutal-dictators-youve-never-heard-of/;https://www.wearethemighty.com/articles/fascist-fest-22-brutal-dictators-you-dont-know-about/
https://www.wearethemighty.com/watch/43-giant-presidents-heads-are-sitting-in-the-middle-of-a-virginia-field-2/;https://www.wearethemighty.com/articles/43-giant-presidents-heads-are-sitting-in-the-middle-of-a-virginia-field/
https://www.wearethemighty.com/articles/military-sticking-out-2/;https://www.wearethemighty.com/lists/military-sticking-out/
https://www.wearethemighty.com/watch/9-times-cartoons-used-spread-military-propaganda/;https://www.wearethemighty.com/articles/cartoons-military-propaganda/
https://www.wearethemighty.com/mighty-trending/9-ways-you-can-show-appreciation-on-armed-forces-day/;https://www.wearethemighty.com/mighty-trending/show-appreciation-armed-forces-day/
https://www.wearethemighty.com/watch/a-hollywood-director-explains-what-it-was-like-to-film-soldiers-fighting-in-afghanistan/;https://www.wearethemighty.com/mighty-trending/fighting-season-producer-ricky-schroder-talks-experience-troops-afganistan/
https://www.wearethemighty.com/articles/__trashed-4/;https://www.wearethemighty.com/mighty-history/army-officer-stole-four-tanks/
https://www.wearethemighty.com/mighty-trending/behind-scenes-2016-pin-ups-vets-calendar-photo-shoot-2/;https://www.wearethemighty.com/intel/behind-scenes-2016-pin-ups-vets-calendar-photo-shoot/
https://www.wearethemighty.com/articles/behold-the-largest-plane-in-the-us-air-force-c-5-galaxy/;https://www.wearethemighty.com/articles/behold-the-c-5-largest-plane-in-the-us-air-force/
https://www.wearethemighty.com/mighty-humor/weekly-tiktok-round-up-2/;https://www.wearethemighty.com/mighty-funny/best-military-tiktoks-of-the-week/
https://www.wearethemighty.com/asperiores-odit/bob-hoover-legendary-pilot-part-2-2613695867-1/;https://www.wearethemighty.com/asperiores-odit/bob-hoover-legendary-pilot-part-2/
https://www.wearethemighty.com/mighty-tactical/b-1b-gunship/;https://www.wearethemighty.com/intel/possible-b-1b-gunship/
https://www.wearethemighty.com/mighty-trending/cybersecurity-careers-national-security-2/;https://www.wearethemighty.com/veterans/cybersecurity-careers-national-security/
https://www.wearethemighty.com/asperiores-odit/d-day-the-first-hours-2603763248-1/;https://www.wearethemighty.com/asperiores-odit/d-day-the-first-hours/
https://www.wearethemighty.com/articles/d-day-amphibious-landing-2/;https://www.wearethemighty.com/articles/d-day-amphibious-landing/
https://www.wearethemighty.com/mighty-trending/falling-forward/;https://www.wearethemighty.com/mighty-trending/failing-forward/
https://www.wearethemighty.com/asperiores-odit/headlines-2554809128/;https://www.wearethemighty.com/asperiores-odit/headlines/
https://www.wearethemighty.com/articles/heres-what-its-like-to-fly-attack-missions-in-the-a-10/;https://www.wearethemighty.com/articles/flying-attack-missions-in-the-a-10/
https://www.wearethemighty.com/mighty-trending/talking-kids-stressful-times/;https://www.wearethemighty.com/mighty-trending/ask-kids-during-stressful-times/
https://www.wearethemighty.com/mighty-trending/marine-corps-veteran-pursues-her-acting-dreams-and-a-star-is-born/;https://www.wearethemighty.com/intel/marine-corps-veteran-pursues-acting-dreams-star-born/
https://www.wearethemighty.com/articles/drunk-marine-kadena-air-base-2/;https://www.wearethemighty.com/articles/drunk-marine-kadena-air-base/
https://www.wearethemighty.com/mighty-trending/hidden-figure-dies-2645243331/;https://www.wearethemighty.com/mighty-trending/hidden-figure-dies/
https://www.wearethemighty.com/mighty-culture/b-taylor-new-music-video-2/;https://www.wearethemighty.com/mighty-culture/b-taylor-new-music-video/
https://www.wearethemighty.com/articles/one-of-the-f-35s-most-expensive-features-was-made-possible-by-flying-saucers-2/;https://www.wearethemighty.com/mighty-tactical/one-of-the-f-35s-most-expensive-features-was-made-possible-by-flying-saucers/
https://www.wearethemighty.com/watch/russias-only-aircraft-carrier/;https://www.wearethemighty.com/articles/russias-aircraft-carrier-piece-junk/
https://www.wearethemighty.com/mighty-trending/sailing-saved-this-marine-corps-vets-life-2/;https://www.wearethemighty.com/mighty-trending/sailing-saved-this-marine-corps-vets-life/
https://www.wearethemighty.com/veterans/jensen-shirley-veteran-trailblazer/;https://www.wearethemighty.com/veterans/jensen-chive-charities/
https://www.wearethemighty.com/mighty-movies/ten-weeks-recap-5/;https://www.wearethemighty.com/articles/ten-weeks-episode-5-make-it-or-break-it/
https://www.wearethemighty.com/articles/ten-weeks-episode-8-live-grenades/;https://www.wearethemighty.com/mighty-movies/ten-weeks-recap-8/
https://www.wearethemighty.com/intel/russia-united-states-nuke-incident/;https://www.wearethemighty.com/mighty-history/russia-united-states-nuke-1995/
https://www.wearethemighty.com/mighty-tactical/f15-landed-without-wing/;https://www.wearethemighty.com/mighty-tactical/f-15-one-wing-landing/
https://www.wearethemighty.com/watch/that-time-colin-powell-saved-crash-victims-by-tearing-burning-metal-with-his-bare-hands-2/;https://www.wearethemighty.com/articles/that-time-colin-powell-saved-crash-victims-by-tearing-burning-metal-with-his-bare-hands/
https://www.wearethemighty.com/mighty-trending/10-worst-armies-world-2018/;https://www.wearethemighty.com/articles/worst-armies/
https://www.wearethemighty.com/articles/ranger-up-memes/;https://www.wearethemighty.com/mighty-memes/best-military-memes/
https://www.wearethemighty.com/mighty-trending/the-5-biggest-stories-around-the-military-right-now-july-7-edition-2/;https://www.wearethemighty.com/mighty-trending/the-5-biggest-stories-around-the-military-right-now-july-7-edition/
https://www.wearethemighty.com/featured/the-5-most-ingenious-weapons-ever-created-for-combat-2/;https://www.wearethemighty.com/mighty-history/the-5-most-ingenious-weapons-ever-created-for-combat/
https://www.wearethemighty.com/watch/6-secret-units-military-history-2/;https://www.wearethemighty.com/watch/6-secret-units-military-history/
https://www.wearethemighty.com/mighty-history/7-scariest-military-vehicles-ever/;https://www.wearethemighty.com/lists/scariest-military-vehicles/
https://www.wearethemighty.com/lists/best-submarine-movies-time/;https://www.wearethemighty.com/lists/best-submarine-movies/
https://www.wearethemighty.com/mighty-trending/the-mighty-25-veterans-poised-to-make-a-difference-in-2015/;https://www.wearethemighty.com/mighty25/mighty-25-2015/
https://www.wearethemighty.com/mighty-tactical/combat-divers-recovered-americans-pacific/;https://www.wearethemighty.com/mighty-history/first-special-forces-underwater-operation/
https://www.wearethemighty.com/watch/the-us-army-is-testing-a-faster-and-more-lethal-variant-of-the-abrams-tank-2/;https://www.wearethemighty.com/mighty-trending/the-us-army-is-testing-a-faster-and-more-lethal-variant-of-the-abrams-tank/
https://www.wearethemighty.com/watch/veteran-community-gives-american-sniper-huge-thumbs/;https://www.wearethemighty.com/articles/american-sniper-veterans-la/
https://www.wearethemighty.com/articles/these-are-the-11-most-game-changing-aircraft-of-the-21st-century-2/;https://www.wearethemighty.com/lists/these-are-the-11-most-game-changing-aircraft-of-the-21st-century/
https://www.wearethemighty.com/mighty-humor/these-are-the-best-military-tiktoks-of-the-week-2/;https://www.wearethemighty.com/articles/these-are-the-best-military-tiktoks-of-the-week/
https://www.wearethemighty.com/featured/these-are-the-top-10-military-photos-of-the-week/;https://www.wearethemighty.com/articles/photo-round-up-week-of-1-10-2022-1-16-2022/
https://www.wearethemighty.com/watch/delorean-sheridan-saved-23-wounded-troops-during-an-insider-attack-2/;https://www.wearethemighty.com/popular/this-airman-saved-23-wounded-troops/
https://www.wearethemighty.com/watch/this-army-veteran-built-his-own-castle-in-northern-arizona/;https://www.wearethemighty.com/mighty-branded/this-army-ranger-built-his-own-castle-in-northern-arizona/
https://www.wearethemighty.com/mighty-history/seabee-medal-of-honor/;https://www.wearethemighty.com/mighty-history/only-seabee-medal-of-honor/
https://www.wearethemighty.com/articles/marine-recruiter-scaled-tree-2-m-save-mans-life-2/;https://www.wearethemighty.com/mighty-moments/marine-recruiter-leifheit-saved-life/
https://www.wearethemighty.com/mighty-trending/this-monster-aircraft-was-the-helicopter-version-of-the-ac-130-gunship-2/;https://www.wearethemighty.com/mighty-trending/this-monster-aircraft-was-the-helicopter-version-of-the-ac-130-gunship/
https://www.wearethemighty.com/mighty-culture/wargaming-stone-cold-tanker-interviews-joe/;https://www.wearethemighty.com/mighty-heroes/joe-stone-cold-wargaming/
https://www.wearethemighty.com/mighty-trending/wounded-female-warrior-accepts-espy-in-the-spirit-of-pat-tillman-2/;https://www.wearethemighty.com/articles/wounded-female-warrior-accepts-espy-in-the-spirit-of-pat-tillman/
https://www.wearethemighty.com/articles/best-wwii-nose-art-2/;https://www.wearethemighty.com/mighty-history/best-wwii-nose-art/
https://lcl.wearethemighty.com/articles/best-wwii-nose-art-2/;https://lcl.wearethemighty.com/mighty-history/best-wwii-nose-art/