https://www.bobvila.com/sections/home-improvement/projects/2-building-green/episodes/12-building-green-pilot?v_id=653231559001;https://www.bobvila.com/sections/home-improvement/projects/2-building-green/episodes/12-building-green-pilot
https://www.bobvila.com/projects/1-building-an-addition-for-an-elderly-parent/episodes/10-metal-roofing-solar-roof-panels-siding-and-trim?v_id=684539263001;https://www.bobvila.com/projects/1-building-an-addition-for-an-elderly-parent/episodes/10-metal-roofing-solar-roof-panels-siding-and-trim
https://www.bobvila.com/sections/home-improvement/projects/5-bob-s-shingle-style-home/episodes/29-digging-a-trench-touring-historic-gardens-and-trimming-the-interior?v_id=684388896001;https://www.bobvila.com/sections/home-improvement/projects/5-bob-s-shingle-style-home/episodes/29-digging-a-trench-touring-historic-gardens-and-trimming-the-interior
https://www.bobvila.com/articles/623-glossary/pages/1#H;https://www.bobvila.com/articles/623-glossary/pages/1
https://www.bobvila.com/sections/home-building/projects/21-accessible-home/episodes/244-installing-a-tankless-water-heater?v_id=1111662467001;https://www.bobvila.com/sections/home-building/projects/21-accessible-home/episodes/244-installing-a-tankless-water-heater
https://www.bobvila.com/sections/home-building/projects/16-lifespan-house/episodes/196-installing-garage-doors-and-skylight?v_id=1100713213001;https://www.bobvila.com/sections/home-building/projects/16-lifespan-house/episodes/196-installing-garage-doors-and-skylight
https://www.bobvila.com/sections/home-improvement/projects/5-bob-s-shingle-style-home/episodes/21-working-on-the-roof?v_id=684422411001;https://www.bobvila.com/sections/home-improvement/projects/5-bob-s-shingle-style-home/episodes/21-working-on-the-roof
https://www.bobvila.com/sections/home-improvement/projects/8-waterfront-warehouse-rehab/episodes/92-electrical-work-navy-yard-tour-and-insulation-install?v_id=825996623001;https://www.bobvila.com/sections/home-improvement/projects/8-waterfront-warehouse-rehab/episodes/92-electrical-work-navy-yard-tour-and-insulation-install
https://www.bobvila.com/sections/home-building/projects/10-modular-mountain-retreat/episodes/110-interior-and-exterior-finishes-on-a-modular-home?v_id=1089881894001;https://www.bobvila.com/sections/home-building/projects/10-modular-mountain-retreat/episodes/110-interior-and-exterior-finishes-on-a-modular-home
https://www.bobvila.com/sections/home-building/projects/15-habitat-for-humanity/episodes/182-sheathing-and-shingling-the-roof?v_id=1105392603001;https://www.bobvila.com/sections/home-building/projects/15-habitat-for-humanity/episodes/182-sheathing-and-shingling-the-roof
https://www.bobvila.com/sections/home-building/projects/13-vermont-farmhouse/episodes/157-connected-home-update-and-garage-doors?v_id=1092646115001;https://www.bobvila.com/sections/home-building/projects/13-vermont-farmhouse/episodes/157-connected-home-update-and-garage-doors
https://www.bobvila.com/sections/home-building/projects/1-building-an-addition-for-an-elderly-parent/episodes/7-reviewing-wetland-protection-and-laying-the-foundation?v_id=684543711001;https://www.bobvila.com/sections/home-building/projects/1-building-an-addition-for-an-elderly-parent/episodes/7-reviewing-wetland-protection-and-laying-the-foundation
https://www.bobvila.com/sections/home-improvement/projects/7-storm-ready-design/episodes/75-building-a-reinforced-concrete-house?v_id=825954055001;https://www.bobvila.com/sections/home-improvement/projects/7-storm-ready-design/episodes/75-building-a-reinforced-concrete-house
https://www.bobvila.com/sections/home-building/projects/16-lifespan-house/episodes/195-metal-roofing-and-windows?v_id=1099623494001;https://www.bobvila.com/sections/home-building/projects/16-lifespan-house/episodes/195-metal-roofing-and-windows
https://www.bobvila.com/sections/home-building/projects/16-lifespan-house/episodes/202-completing-the-living-room?v_id=1101185992001;https://www.bobvila.com/sections/home-building/projects/16-lifespan-house/episodes/202-completing-the-living-room
https://www.bobvila.com/sections/home-improvement/projects/3-babyproofing-the-house/episodes/15-preparing-a-quiet-and-healthy-home-for-baby-through-sound-reduction-and-non-toxic-paints?v_id=684539282001;https://www.bobvila.com/sections/home-improvement/projects/3-babyproofing-the-house/episodes/15-preparing-a-quiet-and-healthy-home-for-baby-through-sound-reduction-and-non-toxic-paints
https://www.bobvila.com/sections/home-improvement/projects/14-victorian-restoration/episodes/173-work-on-the-driveway-and-finishing-the-deck?v_id=1094400273001;https://www.bobvila.com/sections/home-improvement/projects/14-victorian-restoration/episodes/173-work-on-the-driveway-and-finishing-the-deck
https://www.bobvila.com/sections/home-improvement/projects/5-bob-s-shingle-style-home/episodes/37-landscaping-is-underway-and-touring-frederick-law-olmsted-s-home?v_id=684388837001;https://www.bobvila.com/sections/home-improvement/projects/5-bob-s-shingle-style-home/episodes/37-landscaping-is-underway-and-touring-frederick-law-olmsted-s-home
https://www.bobvila.com/sections/home-improvement/projects/14-victorian-restoration/episodes/174-flooring-glass-block-walls-and-floors-and-a-new-water-filtration-system?v_id=1095936069001;https://www.bobvila.com/sections/home-improvement/projects/14-victorian-restoration/episodes/174-flooring-glass-block-walls-and-floors-and-a-new-water-filtration-system
https://www.bobvila.com/sections/home-building/projects/16-lifespan-house/episodes/200-landscaping-begins?v_id=1101078158001;https://www.bobvila.com/sections/home-building/projects/16-lifespan-house/episodes/200-landscaping-begins
https://www.bobvila.com/sections/home-improvement/projects/6-basement-finishing-and-family-space/episodes/68-new-backyard-fence-and-basement-half-bath?v_id=684364703001;https://www.bobvila.com/sections/home-improvement/projects/6-basement-finishing-and-family-space/episodes/68-new-backyard-fence-and-basement-half-bath
https://www.bobvila.com/sections/home-building/projects/11-modern-colonial/episodes/129-mechanical-systems-and-basement-refinishing?v_id=1091379741001;https://www.bobvila.com/sections/home-building/projects/11-modern-colonial/episodes/129-mechanical-systems-and-basement-refinishing
https://www.bobvila.com/sections/home-improvement/projects/7-storm-ready-design/episodes/82-kitchen-finishes-for-the-storm-ready-house?v_id=825954017001;https://www.bobvila.com/sections/home-improvement/projects/7-storm-ready-design/episodes/82-kitchen-finishes-for-the-storm-ready-house
https://www.bobvila.com/sections/home-improvement/projects/19-elmwood-neighborhood/episodes/250-appliances-and-deck-installed?v_id=1101274373001;https://www.bobvila.com/sections/home-improvement/projects/19-elmwood-neighborhood/episodes/250-appliances-and-deck-installed
https://www.bobvila.com/sections/home-improvement/projects/32-split-level-ranch/episodes/400-bay-window-and-cabinet-doors?v_id=1163403697001;https://www.bobvila.com/sections/home-improvement/projects/32-split-level-ranch/episodes/400-bay-window-and-cabinet-doors
https://www.bobvila.com/slideshows/2166-bob-vila-s-24-days-of-holiday-give-aways?s=11;https://www.bobvila.com/slideshows/2166-bob-vila-s-24-days-of-holiday-give-aways
https://www.bobvila.com/slideshows/2166-bob-vila-s-24-days-of-holiday-give-aways?s=10;https://www.bobvila.com/slideshows/2166-bob-vila-s-24-days-of-holiday-give-aways
"https://www.bobvila.com/slideshows/2004-how-to-create-a-spa-bath-at-home?s=1&amp;is_preview=1#slideshow";https://www.bobvila.com/slideshows/2004-how-to-create-a-spa-bath-at-home
https://www.bobvila.com/slideshows/2166-bob-vila-s-24-days-of-holiday-give-aways?s=11;https://www.bobvila.com/slideshows/2166-bob-vila-s-24-days-of-holiday-give-aways
https://www.bobvila.com/slideshows/2166-bob-vila-s-24-days-of-holiday-give-aways?s=11;https://www.bobvila.com/slideshows/2166-bob-vila-s-24-days-of-holiday-give-aways
https://www.bobvila.com/slideshows/2166-bob-vila-s-24-days-of-holiday-give-aways?s=11;https://www.bobvila.com/slideshows/2166-bob-vila-s-24-days-of-holiday-give-aways
https://www.bobvila.com/slideshows/2166-bob-vila-s-24-days-of-holiday-give-aways?s=10;https://www.bobvila.com/slideshows/2166-bob-vila-s-24-days-of-holiday-give-aways
https://www.bobvila.com/slideshows/2166-bob-vila-s-24-days-of-holiday-give-aways?s=11;https://www.bobvila.com/slideshows/2166-bob-vila-s-24-days-of-holiday-give-aways
https://www.bobvila.com/slideshows/2166-bob-vila-s-24-days-of-holiday-give-aways?s=11;https://www.bobvila.com/slideshows/2166-bob-vila-s-24-days-of-holiday-give-aways
https://www.bobvila.com/slideshows/2166-bob-vila-s-24-days-of-holiday-give-aways?s=11;https://www.bobvila.com/slideshows/2166-bob-vila-s-24-days-of-holiday-give-aways
https://www.bobvila.com/slideshows/2166-bob-vila-s-24-days-of-holiday-give-aways?s=11;https://www.bobvila.com/slideshows/2166-bob-vila-s-24-days-of-holiday-give-aways
https://www.bobvila.com/slideshows/2166-bob-vila-s-24-days-of-holiday-give-aways?s=11;https://www.bobvila.com/slideshows/2166-bob-vila-s-24-days-of-holiday-give-aways
https://www.bobvila.com/slideshows/2166-bob-vila-s-24-days-of-holiday-give-aways?s=10;https://www.bobvila.com/slideshows/2166-bob-vila-s-24-days-of-holiday-give-aways
https://www.bobvila.com/slideshows/2166-bob-vila-s-24-days-of-holiday-give-aways?s=11;https://www.bobvila.com/slideshows/2166-bob-vila-s-24-days-of-holiday-give-aways
https://www.bobvila.com/slideshows/2166-bob-vila-s-24-days-of-holiday-give-aways?s=10;https://www.bobvila.com/slideshows/2166-bob-vila-s-24-days-of-holiday-give-aways
https://www.bobvila.com/slideshows/2166-bob-vila-s-24-days-of-holiday-give-aways?s=12;https://www.bobvila.com/slideshows/2166-bob-vila-s-24-days-of-holiday-give-aways
https://www.bobvila.com/slideshows/2166-bob-vila-s-24-days-of-holiday-give-aways?s=3;https://www.bobvila.com/slideshows/2166-bob-vila-s-24-days-of-holiday-give-aways
https://www.bobvila.com/articles/bob-vila-radio-tankless-water-heaters/?bv=hw1;https://www.bobvila.com/articles/bob-vila-radio-tankless-water-heaters/
https://www.bobvila.com/blogs/bob-vila-radio-home-inspection/#more-9948;https://www.bobvila.com/blogs/bob-vila-radio-home-inspection/
https://www.bobvila.com/certainteed-highland-slate/1791-asphalt-shingles-a-showcase-of-roofing-styles-colors-and-options/slideshows?s=1;https://www.bobvila.com/certainteed-highland-slate/1791-asphalt-shingles-a-showcase-of-roofing-styles-colors-and-options/slideshows
"https://www.bobvila.com/search?utf8=%E2%9C%93&amp;q=water+damage";https://www.bobvila.com/search
"https://www.bobvila.com/search?utf8=%E2%9C%93&amp;q=roses";https://www.bobvila.com/search
https://www.bobvila.com/projects/5-bob-s-shingle-style-home/episodes/26-working-on-the-deck?v_id=684399699001;https://www.bobvila.com/projects/5-bob-s-shingle-style-home/episodes/26-working-on-the-deck
"https://www.bobvila.com/search?ie=UTF-8&amp;q=theft&amp;sa=Search";https://www.bobvila.com/search
https://www.bobvila.com/projects/6-basement-finishing-and-family-space/episodes/63-basement-waterproofing-new-plumbing-and-on-demand-hot-water?v_id=683787839001;https://www.bobvila.com/projects/6-basement-finishing-and-family-space/episodes/63-basement-waterproofing-new-plumbing-and-on-demand-hot-water
"https://www.bobvila.com/search?ie=UTF-8&amp;q=cut+nails&amp;sa=Search";https://www.bobvila.com/search
"https://www.bobvila.com/search?ie=UTF-8&amp;q=FluoreSCENT+BULB&amp;sa=Search";https://www.bobvila.com/search
https://www.bobvila.com/projects/13-vermont-farmhouse/episodes/154-finish-trim-and-cabinet-installation?v_id=1092738222001;https://www.bobvila.com/projects/13-vermont-farmhouse/episodes/154-finish-trim-and-cabinet-installation
https://www.bobvila.com/projects/13-vermont-farmhouse/episodes/154-finish-trim-and-cabinet-installation?v_id=1092738222001;https://www.bobvila.com/projects/13-vermont-farmhouse/episodes/154-finish-trim-and-cabinet-installation
https://www.bobvila.com/projects/25-master-bedroom/episodes/308-vanity-and-boiler?v_id=1135967225001;https://www.bobvila.com/projects/25-master-bedroom/episodes/308-vanity-and-boiler
https://www.bobvila.com/projects/12-manhattan-remodel-and-cape-cod-affordable/episodes/160-installing-glazed-wall-tile-and-a-pedestal-sink?v_id=1089788262001;https://www.bobvila.com/projects/12-manhattan-remodel-and-cape-cod-affordable/episodes/160-installing-glazed-wall-tile-and-a-pedestal-sink
"https://www.bobvila.com/slideshows/2004-how-to-create-a-spa-bath-at-home?s=1&amp;is_preview=1#slideshow";https://www.bobvila.com/slideshows/2004-how-to-create-a-spa-bath-at-home
"https://www.bobvila.com/slideshows/2004-how-to-create-a-spa-bath-at-home?s=1&amp;is_preview=1#slideshow";https://www.bobvila.com/slideshows/2004-how-to-create-a-spa-bath-at-home
https://www.bobvila.com/the-hudson-passive-project/2391-house-tour-hudson-passive-project/slideshows?bv=ymal#.U-JQMqJX-uY;https://www.bobvila.com/the-hudson-passive-project/2391-house-tour-hudson-passive-project/slideshows
https://www.bobvila.com/topics/weekend-projects?page=1;https://www.bobvila.com/topics/weekend-projects
https://www.bobvila.com/articles/tilting-chimney/#.UtMVAByHf_A;https://www.bobvila.com/articles/tilting-chimney/
https://www.bobvila.com/articles/34586-should-you-replace-or-repair-your-roof/#.UtMVuxyHf_A;https://www.bobvila.com/articles/34586-should-you-replace-or-repair-your-roof/
https://www.bobvila.com/articles/garbage-disposal-care/#.UtMWxRyHf_A;https://www.bobvila.com/articles/garbage-disposal-care/
https://www.bobvila.com/articles/wiring-a-breaker-box/#.UtMXDRyHf_A;https://www.bobvila.com/articles/wiring-a-breaker-box/
https://www.bobvila.com/articles/insulating-crawl-space/#.UtMXlhyHf_A;https://www.bobvila.com/articles/insulating-crawl-space/
https://www.bobvila.com/articles/termite-infestation/#.UtcI7KVgxaU;https://www.bobvila.com/articles/termite-infestation/
https://www.bobvila.com/articles/radiant-surfaces-heat-where-you-least-expect-it/#.UtMu-hyHf_A;https://www.bobvila.com/articles/radiant-surfaces-heat-where-you-least-expect-it/
https://www.bobvila.com/articles/plants-to-improve-indoor-air-quality/#.UtMxThyHf_A;https://www.bobvila.com/articles/plants-to-improve-indoor-air-quality/
https://www.bobvila.com/articles/maintain-hardwood-floors/#.UuBETqX0BaU;https://www.bobvila.com/articles/maintain-hardwood-floors/
https://www.bobvila.com/articles/choosing-a-mortgage/#.Ut6cVfYo5aU;https://www.bobvila.com/articles/choosing-a-mortgage/
https://www.bobvila.com/articles/home-improvement-insurance/#.Ut6b7vYo5aU;https://www.bobvila.com/articles/home-improvement-insurance/
https://www.bobvila.com/watch-your-back/2444-project-guide-refinishing-hardwood-floors/slideshows#.Ut6d1fYo5aU;https://www.bobvila.com/watch-your-back/2444-project-guide-refinishing-hardwood-floors/slideshows
https://www.bobvila.com/galvanized-metal/16746-11-backsplashes-for-a-unique-kitchen/slideshows#.Ut6eOfYo5aU;https://www.bobvila.com/galvanized-metal/16746-11-backsplashes-for-a-unique-kitchen/slideshows
https://www.bobvila.com/samsung-ezon/46316-toss-your-keys-9-high-tech-door-locks/slideshows#.Ut6eh_Yo5aU;https://www.bobvila.com/samsung-ezon/46316-toss-your-keys-9-high-tech-door-locks/slideshows
https://www.bobvila.com/moving-boxes/44397-moving-101-easy-ways-to-make-the-most-of-any-move/slideshows#.Ut6exPYo5aU;https://www.bobvila.com/moving-boxes/44397-moving-101-easy-ways-to-make-the-most-of-any-move/slideshows
https://www.bobvila.com/articles/install-window-treatments/#.Ut67U_Yo5aU;https://www.bobvila.com/articles/install-window-treatments/
https://www.bobvila.com/articles/90-evaluate-the-home-systems/#.Ut7CraX0BaU;https://www.bobvila.com/articles/90-evaluate-the-home-systems/
https://www.bobvila.com/articles/wiring-a-breaker-box/#.Ut668fYo5aU;https://www.bobvila.com/articles/wiring-a-breaker-box/
https://www.bobvila.com/honda-mower/44276-need-a-new-lawn-mower-10-top-rated-grass-guzzlers/slideshows#.Ut68BvYo5aU;https://www.bobvila.com/honda-mower/44276-need-a-new-lawn-mower-10-top-rated-grass-guzzlers/slideshows
https://www.bobvila.com/how-to-plant-grass-seed/44680-ultimate-lawn-care-guide-12-steps-to-a-prize-winning-yard/slideshows#.Ut68jfYo5aU;https://www.bobvila.com/how-to-plant-grass-seed/44680-ultimate-lawn-care-guide-12-steps-to-a-prize-winning-yard/slideshows
https://www.bobvila.com/articles/33566-fences-101/#.Ut69WPYo5aU;https://www.bobvila.com/articles/33566-fences-101/
https://www.bobvila.com/concrete-slab/1629-radiant-floor-heating-how-it-works/slideshows#.Us7TxWRDs0g;https://www.bobvila.com/concrete-slab/1629-radiant-floor-heating-how-it-works/slideshows
https://www.bobvila.com/articles/radiant-floorvs-forced-air-heating/#.Us7TwmRDs0g;https://www.bobvila.com/articles/radiant-floorvs-forced-air-heating/
https://www.bobvila.com/articles/radiant-surfaces-heat-where-you-least-expect-it/#.Us7TzmRDs0g;https://www.bobvila.com/articles/radiant-surfaces-heat-where-you-least-expect-it/
https://www.bobvila.com/articles/bob-vilas-5000-garage-makeover-give-away-official-rules/#.UuqArhyHf_A;https://www.bobvila.com/articles/bob-vilas-5000-garage-makeover-give-away-official-rules/
https://www.bobvila.com/articles/radiant-heat-flooring/#.UvRhFhyHf_A;https://www.bobvila.com/articles/radiant-heat-flooring/
https://www.bobvila.com/articles/planning-guide-laundry-room-ideas/#.UvRq4hyHf_A;https://www.bobvila.com/articles/planning-guide-laundry-room-ideas/
https://www.bobvila.com/articles/linoleum-flooring/#.UvcnQqVtdaU;https://www.bobvila.com/articles/linoleum-flooring/
https://www.bobvila.com/articles/how-to-stain-concrete/#.UvcmlaVtdaU;https://www.bobvila.com/articles/how-to-stain-concrete/
https://www.bobvila.com/articles/667-planning-guide-wood-decks/#.UvMRpRyHf_A;https://www.bobvila.com/articles/667-planning-guide-wood-decks/
https://www.bobvila.com/vinyl-shingles/44523-10-superb-reasons-to-consider-vinyl-siding/slideshows#.UvMR0xyHf_A;https://www.bobvila.com/vinyl-shingles/44523-10-superb-reasons-to-consider-vinyl-siding/slideshows
https://www.bobvila.com/smart-lock/44695-11-ways-to-turn-your-house-into-a-smart-home/slideshows#.UvMTHhyHf_A;https://www.bobvila.com/smart-lock/44695-11-ways-to-turn-your-house-into-a-smart-home/slideshows
https://www.bobvila.com/articles/how-to-replace-a-toilet/#.UvMTdRyHf_A;https://www.bobvila.com/articles/how-to-replace-a-toilet/
https://www.bobvila.com/efficient-refrigerator/45713-9-cutting-edge-energy-efficient-appliances/slideshows#.UxU_thyHf_A;https://www.bobvila.com/efficient-refrigerator/45713-9-cutting-edge-energy-efficient-appliances/slideshows
https://www.bobvila.com/efficient-refrigerator/45713-9-cutting-edge-energy-efficient-appliances/slideshows#.UxU_thyHf_A;https://www.bobvila.com/efficient-refrigerator/45713-9-cutting-edge-energy-efficient-appliances/slideshows
https://www.bobvila.com/articles/how-to-install-a-programmable-thermostat/#.UweQA6VtdaU;https://www.bobvila.com/articles/how-to-install-a-programmable-thermostat/
https://www.bobvila.com/articles/hybrid-heat-pump-system/#.UweQf6VtdaU;https://www.bobvila.com/articles/hybrid-heat-pump-system/
https://www.bobvila.com/articles/11369-solar-power-systems-101/#.UweYfaVtdaU;https://www.bobvila.com/articles/11369-solar-power-systems-101/
https://www.bobvila.com/articles/2150-paints-and-finishes/#.Uw525aVtdaU;https://www.bobvila.com/articles/2150-paints-and-finishes/
https://www.bobvila.com/articles/milk-paint-recipe/#.Uw5946VtczY;https://www.bobvila.com/articles/milk-paint-recipe/
https://www.bobvila.com/articles/how-to-remove-a-tree-stump/#.Ux_SKhyHf_A;https://www.bobvila.com/articles/how-to-remove-a-tree-stump/
https://www.bobvila.com/copper-pot/3708-garden-hose-management-10-stylish-solutions/slideshows#.Ux_SexyHf_A;https://www.bobvila.com/copper-pot/3708-garden-hose-management-10-stylish-solutions/slideshows
https://www.bobvila.com/articles/clean-shower-doors/#.UypCNByHf_A;https://www.bobvila.com/articles/clean-shower-doors/
https://www.bobvila.com/articles/solar-tubes/#.Uyj3UhyHf_A;https://www.bobvila.com/articles/solar-tubes/
https://www.bobvila.com/articles/oil-vs-latex-paint/#.Uyj8KRyHf_A;https://www.bobvila.com/articles/oil-vs-latex-paint/
https://www.bobvila.com/articles/local-extension-office/#.Uyj88RyHf_A;https://www.bobvila.com/articles/local-extension-office/
https://www.bobvila.com/articles/choosing-a-mortgage/#.UzxdNxyHf_A;https://www.bobvila.com/articles/choosing-a-mortgage/
https://www.bobvila.com/articles/8472-planning-guide-basement-remodeling/#.U0qwLhyHf_A;https://www.bobvila.com/articles/8472-planning-guide-basement-remodeling/
https://www.bobvila.com/articles/bob-vila-radio-basement-waterproofing/#.U0q3HByHf_A;https://www.bobvila.com/articles/bob-vila-radio-basement-waterproofing/
https://www.bobvila.com/articles/some-advice-about-sump-pumps/#.U0qwzhyHf_A;https://www.bobvila.com/articles/some-advice-about-sump-pumps/
https://www.bobvila.com/articles/spring-gutter-cleaning/#.U0qxeRyHf_A;https://www.bobvila.com/articles/spring-gutter-cleaning/
https://www.bobvila.com/articles/regrouting-tile/#.U0XLNFxtdaU;https://www.bobvila.com/articles/regrouting-tile/
https://www.bobvila.com/backyard-waterfall/44512-10-water-features-to-make-any-backyard-landscape-complete/slideshows?s=8#.U1kt3OZdWzc;https://www.bobvila.com/backyard-waterfall/44512-10-water-features-to-make-any-backyard-landscape-complete/slideshows
https://www.bobvila.com/waterlily-pond/47188-make-a-splash-10-stunning-backyard-ponds-to-enhance-any-landscape/slideshows#.U1ktt-ZdWzc;https://www.bobvila.com/waterlily-pond/47188-make-a-splash-10-stunning-backyard-ponds-to-enhance-any-landscape/slideshows
https://www.bobvila.com/yellow-kitchen/47178-kitchen-paint-colors-10-handsome-hues-for-hardworking-spaces/slideshows#.U2lJQVxtczY;https://www.bobvila.com/yellow-kitchen/47178-kitchen-paint-colors-10-handsome-hues-for-hardworking-spaces/slideshows
https://www.bobvila.com/thumbs-up/2-vote-for-your-favorite-plumbing-pipe-projects#.U30AzF7oQds;https://www.bobvila.com/thumbs-up/2-vote-for-your-favorite-plumbing-pipe-projects
https://www.bobvila.com/thumbs-up/2-vote-for-your-favorite-plumbing-pipe-projects#.U30YMlxtdaU;https://www.bobvila.com/thumbs-up/2-vote-for-your-favorite-plumbing-pipe-projects
https://www.bobvila.com/flooring-guide/?bv=ca;https://www.bobvila.com/flooring-guide/
https://www.bobvila.com/painting-doors/45717-10-unexpected-spots-for-accent-colors/slideshows#.U5NxnVxtdaU;https://www.bobvila.com/painting-doors/45717-10-unexpected-spots-for-accent-colors/slideshows
https://www.bobvila.com/topics/diy-ideas?bv=frdiy;https://www.bobvila.com/topics/diy-ideas
https://www.bobvila.com/topics/diy-ideas?bv=frdiy;https://www.bobvila.com/topics/diy-ideas
https://www.bobvila.com/articles/bob-vila-radio-the-new-fridge/#.U9pqbm9X-uY;https://www.bobvila.com/articles/bob-vila-radio-the-new-fridge/
https://www.bobvila.com/articles/bob-vilas-5000-fall-flooring-give-away-official-rules/#.VC1BBEpX-uY;https://www.bobvila.com/articles/bob-vilas-5000-fall-flooring-give-away-official-rules/
https://www.bobvila.com/articles/bob-vilas-3000-warmer-bathroom-floor-give-away-official-rules/#.VFk-JPTF_2A;https://www.bobvila.com/articles/bob-vilas-3000-warmer-bathroom-floor-give-away-official-rules/
https://www.bobvila.com/articles/?p=56473;https://www.bobvila.com/articles/
https://www.bobvila.com/clogged-drain/46029-10-handy-household-uses-for-vinegar/slideshows#.VKxHfloqP8E;https://www.bobvila.com/clogged-drain/46029-10-handy-household-uses-for-vinegar/slideshows
https://www.bobvila.com/articles/?p=57584;https://www.bobvila.com/articles/
https://www.bobvila.com/articles/?p=57931;https://www.bobvila.com/articles/
https://www.bobvila.com/articles/?p=58171;https://www.bobvila.com/articles/
https://www.bobvila.com/sections/tv-shows/projects/19-elmwood-neighborhood/episodes/252-sunroom-and-hot-tub/videos/1101374400001-hot-tub-installation#.VOUGcymY38E;https://www.bobvila.com/sections/tv-shows/projects/19-elmwood-neighborhood/episodes/252-sunroom-and-hot-tub/videos/1101374400001-hot-tub-installation
https://www.bobvila.com/sections/tv-shows/projects/22-kitchen-remodel/episodes/268-spa-installation-and-window-construction/videos/1129007420001-installing-the-hot-tub#.VOUGcimY38E;https://www.bobvila.com/sections/tv-shows/projects/22-kitchen-remodel/episodes/268-spa-installation-and-window-construction/videos/1129007420001-installing-the-hot-tub
https://www.bobvila.com/articles/?p=59350;https://www.bobvila.com/articles/
https://www.bobvila.com/articles/infographic-get-a-head-start-on-a-healthy-lawn/?bv=wn;https://www.bobvila.com/articles/infographic-get-a-head-start-on-a-healthy-lawn/
"https://www.bobvila.com/slideshow/7-surprising-alternative-uses-for-clorox-bleach-48858#:~:text=Gardening%20Aid&amp;text=The%20sterilizing%20power%20of%20bleach,diseases%20before%20reusing%20the%20pots.";https://www.bobvila.com/slideshow/7-surprising-alternative-uses-for-clorox-bleach-48858
https://www.bobvila.com/articles/8462-wood-countertops-a-buyer-s-guide/#.VfIJCRFViko;https://www.bobvila.com/articles/8462-wood-countertops-a-buyer-s-guide/
https://www.bobvila.com/articles/bob-vila%E2%80%99s-pick-your-present-give-away-from-hayneedle-com-official-rules/#.VktLU9-rSRs;https://www.bobvila.com/articles/bob-vila%E2%80%99s-pick-your-present-give-away-from-hayneedle-com-official-rules/
https://www.bobvila.com/articles/diy-bathroom-storage/#.Vl8XKOODGko;https://www.bobvila.com/articles/diy-bathroom-storage/
https://www.bobvila.com/thumbs-up/27-vote-for-your-favorite-bob-vila-thumbs-up-project-from-2016#.V08vXpPyuRs;https://www.bobvila.com/thumbs-up/27-vote-for-your-favorite-bob-vila-thumbs-up-project-from-2016
https://www.bobvila.com/thumbs-up/22-vote-for-your-favorite-diy-organizer#.VoYTL8Dysy7;https://www.bobvila.com/thumbs-up/22-vote-for-your-favorite-diy-organizer
https://www.bobvila.com/articles/top-secret-log-box-thumbs-up/#.VoYVecDysy4;https://www.bobvila.com/articles/top-secret-log-box-thumbs-up/
https://www.bobvila.com/thumbs-up/22-vote-for-your-favorite-diy-organizer#.VoYTL8Dysy7;https://www.bobvila.com/thumbs-up/22-vote-for-your-favorite-diy-organizer
https://www.bobvila.com/thumbs-up/22-vote-for-your-favorite-diy-organizer#.VoYTL8Dysy7;https://www.bobvila.com/thumbs-up/22-vote-for-your-favorite-diy-organizer
https://www.bobvila.com/articles/diy-dresser-bench-thumbs-up/#.VoYTasDysy4;https://www.bobvila.com/articles/diy-dresser-bench-thumbs-up/
https://www.bobvila.com/thumbs-up/27-vote-for-your-favorite-bob-vila-thumbs-up-project-from-2016#.V08vXpPyuRs;https://www.bobvila.com/thumbs-up/27-vote-for-your-favorite-bob-vila-thumbs-up-project-from-2016
https://www.bobvila.com/articles/old-book-turned-new-mail-organizer-thumbs-up/#.Vq-a4WTysy4;https://www.bobvila.com/articles/old-book-turned-new-mail-organizer-thumbs-up/
https://www.bobvila.com/slideshow/10-creative-new-ways-to-use-old-bottles-47714#.Vqf04vkrK00;https://www.bobvila.com/slideshow/10-creative-new-ways-to-use-old-bottles-47714
https://www.bobvila.com/thumbs-up/27-vote-for-your-favorite-bob-vila-thumbs-up-project-from-2016#.V08vXpPyuRs;https://www.bobvila.com/thumbs-up/27-vote-for-your-favorite-bob-vila-thumbs-up-project-from-2016
https://www.bobvila.com/thumbs-up/24-vote-for-your-favorite-kids-furniture-project#.VtW6MIzysy5;https://www.bobvila.com/thumbs-up/24-vote-for-your-favorite-kids-furniture-project
https://www.bobvila.com/thumbs-up/24-vote-for-your-favorite-kids-furniture-project#.VtW6MIzysy5;https://www.bobvila.com/thumbs-up/24-vote-for-your-favorite-kids-furniture-project
https://www.bobvila.com/thumbs-up/24-vote-for-your-favorite-kids-furniture-project#.VtW6MIzysy5;https://www.bobvila.com/thumbs-up/24-vote-for-your-favorite-kids-furniture-project
https://www.bobvila.com/thumbs-up/24-vote-for-your-favorite-kids-furniture-project#.VtW6MIzysy5;https://www.bobvila.com/thumbs-up/24-vote-for-your-favorite-kids-furniture-project
https://www.bobvila.com/thumbs-up/24-vote-for-your-favorite-kids-furniture-project#.VtXZIIzysy6;https://www.bobvila.com/thumbs-up/24-vote-for-your-favorite-kids-furniture-project
https://www.bobvila.com/thumbs-up/24-vote-for-your-favorite-kids-furniture-project#.VtXZIIzysy6;https://www.bobvila.com/thumbs-up/24-vote-for-your-favorite-kids-furniture-project
https://www.bobvila.com/articles/embroidery-hoop-pendant-light-thumbs-up/#.VtXcKIzysy5;https://www.bobvila.com/articles/embroidery-hoop-pendant-light-thumbs-up/
https://www.bobvila.com/articles/12-how-to-avoid-ice-dams-and-water-damage/#.VvAzVJMrLBI;https://www.bobvila.com/articles/12-how-to-avoid-ice-dams-and-water-damage/
https://www.bobvila.com/thumbs-up/27-vote-for-your-favorite-bob-vila-thumbs-up-project-from-2016#.V08vXpPyuRs;https://www.bobvila.com/thumbs-up/27-vote-for-your-favorite-bob-vila-thumbs-up-project-from-2016
https://www.bobvila.com/slideshow/need-a-new-lawn-mower-6-top-rated-grass-guzzlers-44276#.VwwFi6QrK00;https://www.bobvila.com/slideshow/need-a-new-lawn-mower-6-top-rated-grass-guzzlers-44276
https://www.bobvila.com/articles/3719-mower-maintenance-5-ways-to-keep-your-machine-up-and-running/#.VwwFxqQrK00;https://www.bobvila.com/articles/3719-mower-maintenance-5-ways-to-keep-your-machine-up-and-running/
https://www.bobvila.com/thumbs-up/27-vote-for-your-favorite-bob-vila-thumbs-up-project-from-2016#.V08vXpPyuRs;https://www.bobvila.com/thumbs-up/27-vote-for-your-favorite-bob-vila-thumbs-up-project-from-2016
https://www.bobvila.com/articles/how-to-clean-exterior-siding/#.Vyy0ByPysy4;https://www.bobvila.com/articles/how-to-clean-exterior-siding/
https://www.bobvila.com/articles/how-to-clean-exterior-siding/#.Vyy0ByPysy4;https://www.bobvila.com/articles/how-to-clean-exterior-siding/
https://www.bobvila.com/articles/official-rules-bob-vilas-5000-dream-office-give-away-from-bdi/#.V31We5MrKRs;https://www.bobvila.com/articles/official-rules-bob-vilas-5000-dream-office-give-away-from-bdi/
https://www.bobvila.com/articles/official-rules-bob-vilas-3rd-annual-5000-fall-flooring-give-away/#.V8b6VZMrJhA;https://www.bobvila.com/articles/official-rules-bob-vilas-3rd-annual-5000-fall-flooring-give-away/
https://www.bobvila.com/articles/homemade-laundry-detergent/#.V5p3YJMrLBI;https://www.bobvila.com/articles/homemade-laundry-detergent/
https://www.bobvila.com/articles/diy-outdoor-bench/#.V6PBcJMrLBJ;https://www.bobvila.com/articles/diy-outdoor-bench/
https://www.bobvila.com/articles/diy-outdoor-bench/#.V6Sh3ZMrIch;https://www.bobvila.com/articles/diy-outdoor-bench/
https://www.bobvila.com/articles/how-to-clean-copper/?#.V79f8JMrIcg;https://www.bobvila.com/articles/how-to-clean-copper/
https://www.bobvila.com/sections/more-home-improvement/projects/21-accessible-home/episodes/243-landscaping-and-stairs/videos/1111618504001-building-a-handicapped-access-ramp?#.V9bxH5MrLBI;https://www.bobvila.com/sections/more-home-improvement/projects/21-accessible-home/episodes/243-landscaping-and-stairs/videos/1111618504001-building-a-handicapped-access-ramp
https://www.bobvila.com/articles/357-first-step-get-a-permit/?#.V9bxUJMrLBI;https://www.bobvila.com/articles/357-first-step-get-a-permit/
https://www.bobvila.com/slideshow/6-steps-to-a-budget-friendly-porch-makeover-49136?#.V9bxwpMrLBI;https://www.bobvila.com/slideshow/6-steps-to-a-budget-friendly-porch-makeover-49136
https://www.bobvila.com/slideshow/10-ways-to-go-crazy-for-concrete-48771?#.V9byKZMrLBI;https://www.bobvila.com/slideshow/10-ways-to-go-crazy-for-concrete-48771
https://www.bobvila.com/articles/467-retrofit-your-home-for-accessibility/?#.V9bycZMrLBI;https://www.bobvila.com/articles/467-retrofit-your-home-for-accessibility/
https://www.bobvila.com/articles/official-rules-bob-vila%E2%80%99s-3rd-annual-5000-fall-gutter-give-away/#.V-6BDJMrIcg;https://www.bobvila.com/articles/official-rules-bob-vila%E2%80%99s-3rd-annual-5000-fall-gutter-give-away/
https://www.bobvila.com/slideshow/10-things-you-didn-t-know-dish-soap-can-do-49710#.V-Al4pMrLBI;https://www.bobvila.com/slideshow/10-things-you-didn-t-know-dish-soap-can-do-49710
https://www.bobvila.com/articles/how-to-clean-stainless-steel/?#.V-AiW5MrLBI;https://www.bobvila.com/articles/how-to-clean-stainless-steel/
https://www.bobvila.com/slideshow/14-bad-habits-that-could-burn-down-your-house-49425#.V9b7IWgrK00;https://www.bobvila.com/slideshow/14-bad-habits-that-could-burn-down-your-house-49425
https://www.bobvila.com/articles/eco-friendly-cleaning-products/?#.V-AiWpMrLBI;https://www.bobvila.com/articles/eco-friendly-cleaning-products/
https://www.bobvila.com/articles/diy-wood-stain/?#.V-Ai6pMrLBI;https://www.bobvila.com/articles/diy-wood-stain/
https://www.bobvila.com/articles/how-to-use-a-plunger/?#.V-wd95MrLBI;https://www.bobvila.com/articles/how-to-use-a-plunger/
https://www.bobvila.com/articles/how-to-clean-an-oven/?#.V_KKZpMrIcg;https://www.bobvila.com/articles/how-to-clean-an-oven/
https://www.bobvila.com/articles/how-to-clean-oven-racks/?#.V_KKZJMrIcg;https://www.bobvila.com/articles/how-to-clean-oven-racks/
https://www.bobvila.com/slideshow/10-things-you-didn-t-know-a-sponge-can-do-48492?#.V_KMSpMrIcg;https://www.bobvila.com/slideshow/10-things-you-didn-t-know-a-sponge-can-do-48492
https://www.bobvila.com/articles/newspaper-crafts/?#.V_KMgJMrIcg;https://www.bobvila.com/articles/newspaper-crafts/
https://www.bobvila.com/slideshow/how-to-get-rid-of-every-carpet-stain-48246?#.V_v2HpMrLBI;https://www.bobvila.com/slideshow/how-to-get-rid-of-every-carpet-stain-48246
https://www.bobvila.com/slideshow/editors-picks-today-s-top-7-vacuum-cleaners-48473?#.V_v2SJMrLBI;https://www.bobvila.com/slideshow/editors-picks-today-s-top-7-vacuum-cleaners-48473
https://www.bobvila.com/slideshow/7-ways-you-re-vacuuming-wrong-49315?#.V_v25pMrJAY;https://www.bobvila.com/slideshow/7-ways-you-re-vacuuming-wrong-49315
https://www.bobvila.com/articles/how-to-clean-a-wool-rug/?#.V_v3GpMrJAY;https://www.bobvila.com/articles/how-to-clean-a-wool-rug/
https://www.bobvila.com/articles/how-to-clean-wood-furniture/?#.V_v3TZMrJAY;https://www.bobvila.com/articles/how-to-clean-wood-furniture/
https://www.bobvila.com/contest/Kenmore-giveaway?#.WBduVeErIch;https://www.bobvila.com/contest/Kenmore-giveaway
"https://www.bobvila.com/articles/official-rules-bob-vila%E2%80%99s-brand-new-refrigerator-give-away/?preview=true&amp;preview_id=82665&amp;#.WBdVcOErIcg";https://www.bobvila.com/articles/official-rules-bob-vila%E2%80%99s-brand-new-refrigerator-give-away/
https://www.bobvila.com/articles/how-to-clean-stainless-steel/?#.WAFJ1ZMrIcg;https://www.bobvila.com/articles/how-to-clean-stainless-steel/
https://www.bobvila.com/slideshow/the-6-best-reasons-to-install-new-windows-49388?#.WAFBaZMrIcg;https://www.bobvila.com/slideshow/the-6-best-reasons-to-install-new-windows-49388
https://www.bobvila.com/articles/how-to-paint-metal/?#.WAFKG5MrIcg;https://www.bobvila.com/articles/how-to-paint-metal/
https://www.bobvila.com/articles/493-the-basics-of-paint-selection/?#.WAUCj5MrIcg;https://www.bobvila.com/articles/493-the-basics-of-paint-selection/
https://www.bobvila.com/articles/how-to-apply-polyurethane-sealer/?#.WAUC8ZMrIcg;https://www.bobvila.com/articles/how-to-apply-polyurethane-sealer/
https://www.bobvila.com/articles/2393-how-to-paint-a-ceiling/?#.WA5hHZMrJAY;https://www.bobvila.com/articles/2393-how-to-paint-a-ceiling/
https://www.bobvila.com/articles/asbestos-removal/?#.WA5gfZMrJAY;https://www.bobvila.com/articles/asbestos-removal/
https://www.bobvila.com/articles/newspaper-crafts/#.WA-nQ2QrJhA;https://www.bobvila.com/articles/newspaper-crafts/
https://www.bobvila.com/articles/paper-bag-flooring/?#.WA-9NOErK9Y;https://www.bobvila.com/articles/paper-bag-flooring/
https://www.bobvila.com/articles/painted-plywood-floors/?#.WA-7ZuErK9Y;https://www.bobvila.com/articles/painted-plywood-floors/
https://www.bobvila.com/slideshow/9-handy-under-sink-organizers-to-buy-or-diy-48657?#.WBelnOErIcg;https://www.bobvila.com/slideshow/9-handy-under-sink-organizers-to-buy-or-diy-48657
https://www.bobvila.com/slideshow/10-things-you-didn-t-know-a-sponge-can-do-48492?#.WBel5-ErIcg;https://www.bobvila.com/slideshow/10-things-you-didn-t-know-a-sponge-can-do-48492
https://www.bobvila.com/slideshow/10-instant-cures-for-any-kitchen-odor-50094?#.WBemNOErIcg;https://www.bobvila.com/slideshow/10-instant-cures-for-any-kitchen-odor-50094
https://www.bobvila.com/contest/Hayneedle-giveaway#.WD8GDKIrJE4;https://www.bobvila.com/contest/Hayneedle-giveaway
https://www.bobvila.com/slideshow/11-mistakes-you-should-never-make-with-your-fireplace-48156#.WCTeJxIrIcg;https://www.bobvila.com/slideshow/11-mistakes-you-should-never-make-with-your-fireplace-48156
https://www.bobvila.com/slideshow/10-clever-household-uses-for-lemons-46313?#.WCYiIRIrJE4;https://www.bobvila.com/slideshow/10-clever-household-uses-for-lemons-46313
https://www.bobvila.com/slideshow/10-classic-cleaners-that-ve-stood-the-test-of-time-48206?#.WCYkkBIrJE4;https://www.bobvila.com/slideshow/10-classic-cleaners-that-ve-stood-the-test-of-time-48206
https://www.bobvila.com/slideshow/7-surprising-alternative-uses-for-clorox-bleach-48858?#.WCYnFBIrJE4;https://www.bobvila.com/slideshow/7-surprising-alternative-uses-for-clorox-bleach-48858
https://www.bobvila.com/slideshow/10-things-you-didn-t-know-dish-soap-can-do-49710?#.WCYiqRIrJE4;https://www.bobvila.com/slideshow/10-things-you-didn-t-know-dish-soap-can-do-49710
https://www.bobvila.com/slideshow/10-classic-cleaners-that-ve-stood-the-test-of-time-48206?#.WCYkkBIrJE4;https://www.bobvila.com/slideshow/10-classic-cleaners-that-ve-stood-the-test-of-time-48206
https://www.bobvila.com/articles/range-hood-installation/?#.WCtf7aIrJE4;https://www.bobvila.com/articles/range-hood-installation/
https://www.bobvila.com/slideshow/the-6-best-reasons-to-install-new-windows-49388?#.WCthEaIrJE4;https://www.bobvila.com/slideshow/the-6-best-reasons-to-install-new-windows-49388
https://www.bobvila.com/articles/how-to-hang-picture-frames-on-a-brick-wall/#.WaglA9N96Rs;https://www.bobvila.com/articles/how-to-hang-picture-frames-on-a-brick-wall/
"https://www.bobvila.com/articles/how-to-build-a-fireplace/#:~:text=If%20your%20home%20doesn't,planning%2C%20you%20can%20add%20one.&amp;text=As%20you%20begin%20your%20research,or%20manufactured)%2C%20and%20gas.";https://www.bobvila.com/articles/how-to-build-a-fireplace/
https://www.bobvila.com/articles/official-rules-bob-vilas-pick-your-prize-give-away/#.WGQtorYrJE5;https://www.bobvila.com/articles/official-rules-bob-vilas-pick-your-prize-give-away/
https://www.bobvila.com/slideshow/beyond-the-brush-7-other-tools-you-need-to-refinish-furniture-50172?bvsp=hyde#.WFAkHpIrJE4;https://www.bobvila.com/slideshow/beyond-the-brush-7-other-tools-you-need-to-refinish-furniture-50172
https://www.bobvila.com/slideshow/10-low-cost-cures-for-an-overstuffed-fridge-50631?#.WFGlj7YrJE4;https://www.bobvila.com/slideshow/10-low-cost-cures-for-an-overstuffed-fridge-50631
https://www.bobvila.com/slideshow/12-finishing-touches-for-your-unfinished-basement-48656?#.WFGlU7YrJE4;https://www.bobvila.com/slideshow/12-finishing-touches-for-your-unfinished-basement-48656
https://www.bobvila.com/slideshow/9-health-code-violations-hiding-in-your-kitchen-50626?#.WFgkD7YrJE4;https://www.bobvila.com/slideshow/9-health-code-violations-hiding-in-your-kitchen-50626
https://www.bobvila.com/slideshow/your-dishwasher-can-do-better-9-tips-to-boost-performance-48154?#.WFgkwbYrJE4;https://www.bobvila.com/slideshow/your-dishwasher-can-do-better-9-tips-to-boost-performance-48154
https://www.bobvila.com/slideshow/10-ingenious-home-uses-for-baking-soda-46264?#.WFgl8rYrJE4;https://www.bobvila.com/slideshow/10-ingenious-home-uses-for-baking-soda-46264
https://www.bobvila.com/slideshow/8-of-the-great-independent-american-hardware-stores-50710?bv=mr#.WFgmZbYrJE4;https://www.bobvila.com/slideshow/8-of-the-great-independent-american-hardware-stores-50710
https://www.bobvila.com/slideshow/10-classic-cleaners-that-ve-stood-the-test-of-time-48206?#.WFgj97YrJE4;https://www.bobvila.com/slideshow/10-classic-cleaners-that-ve-stood-the-test-of-time-48206
https://www.bobvila.com/slideshow/10-things-you-didn-t-know-dish-soap-can-do-49710?#.WF2kM7YrJE4;https://www.bobvila.com/slideshow/10-things-you-didn-t-know-dish-soap-can-do-49710
https://www.bobvila.com/slideshow/20-instant-updates-for-a-laundry-room-you-can-love-49863?#.WHfATrYrJE4;https://www.bobvila.com/slideshow/20-instant-updates-for-a-laundry-room-you-can-love-49863
https://www.bobvila.com/slideshow/8-warning-signs-of-dangerously-outdated-electrical-wiring-47969#.WHfcJbYrLVo;https://www.bobvila.com/slideshow/8-warning-signs-of-dangerously-outdated-electrical-wiring-47969
https://www.bobvila.com/articles/how-to-repair-concrete-steps/?bvsp=cts#.WHgQ6bYrLVo;https://www.bobvila.com/articles/how-to-repair-concrete-steps/
https://www.bobvila.com/slideshow/11-home-hacks-you-can-do-with-a-bag-of-groceries-50492#.WHaprBsrK00;https://www.bobvila.com/slideshow/11-home-hacks-you-can-do-with-a-bag-of-groceries-50492
https://www.bobvila.com/slideshow/10-totally-unexpected-things-to-remake-as-planters-48688?#.WJzQDRIrJE4;https://www.bobvila.com/slideshow/10-totally-unexpected-things-to-remake-as-planters-48688
https://www.bobvila.com/slideshow/slash-your-electric-bill-with-11-savvy-hacks-48497#.WJzK9RIrJE4;https://www.bobvila.com/slideshow/slash-your-electric-bill-with-11-savvy-hacks-48497
https://www.bobvila.com/articles/official-rules-bob-vila%E2%80%99s-3000-best-backyard-giveaway-from-craftsman/#.WKdiRBIrJE4;https://www.bobvila.com/articles/official-rules-bob-vila%E2%80%99s-3000-best-backyard-giveaway-from-craftsman/
https://www.bobvila.com/articles/washing-machine-leaking/?#.WKdU-hIrJE4;https://www.bobvila.com/articles/washing-machine-leaking/
https://www.bobvila.com/slideshow/9-ways-to-get-on-board-with-pegboard-47922?#.WK320hIrJE4;https://www.bobvila.com/slideshow/9-ways-to-get-on-board-with-pegboard-47922
https://www.bobvila.com/slideshow/be-it-ever-so-humble-12-amazing-things-made-with-plywood-47437?#.WK32-hIrJE4;https://www.bobvila.com/slideshow/be-it-ever-so-humble-12-amazing-things-made-with-plywood-47437
https://www.bobvila.com/slideshow/6-creative-things-you-can-diy-with-concrete-50154?bvsp=cts#.WK8zuRIrJE4;https://www.bobvila.com/slideshow/6-creative-things-you-can-diy-with-concrete-50154
https://www.bobvila.com/slideshow/5-simple-steps-to-renew-your-concrete-driveway-48881?#.WK80DhIrJE4;https://www.bobvila.com/slideshow/5-simple-steps-to-renew-your-concrete-driveway-48881
https://www.bobvila.com/slideshow/9-inventive-ways-to-decorate-with-tree-trunks-branches-and-twigs-47999?#.WK80yxIrJE4;https://www.bobvila.com/slideshow/9-inventive-ways-to-decorate-with-tree-trunks-branches-and-twigs-47999
https://www.bobvila.com/slideshow/pass-on-grass-7-reasons-to-landscape-with-gravel-48106?#.WK81ZBIrJE4;https://www.bobvila.com/slideshow/pass-on-grass-7-reasons-to-landscape-with-gravel-48106
https://www.bobvila.com/articles/diy-concrete-patio/?#.WK83KxIrJE4;https://www.bobvila.com/articles/diy-concrete-patio/
https://www.bobvila.com/slideshow/9-surprising-uses-for-alka-seltzer-49105#.WOZqNBIrKRs;https://www.bobvila.com/slideshow/9-surprising-uses-for-alka-seltzer-49105
https://www.bobvila.com/slideshow/14-unusual-uses-for-vaseline-50762#.WOZpwxIrKRs;https://www.bobvila.com/slideshow/14-unusual-uses-for-vaseline-50762
https://www.bobvila.com/slideshow/the-most-organized-closets-we-ve-ever-seen-50922?#.WPIHaVMrKRs;https://www.bobvila.com/slideshow/the-most-organized-closets-we-ve-ever-seen-50922
https://www.bobvila.com/slideshow/proceed-with-caution-10-power-tools-that-can-kill-you-51008?#.WPZ0FFMrKRs;https://www.bobvila.com/slideshow/proceed-with-caution-10-power-tools-that-can-kill-you-51008
https://www.bobvila.com/slideshow/the-best-new-home-products-for-under-50-50907?#.WPZ0LlMrKRs;https://www.bobvila.com/slideshow/the-best-new-home-products-for-under-50-50907
https://www.bobvila.com/slideshow/15-handy-things-to-get-at-home-depot-for-under-15-50217?#.WPZ0KlMrKRs;https://www.bobvila.com/slideshow/15-handy-things-to-get-at-home-depot-for-under-15-50217
https://www.bobvila.com/slideshow/7-remedies-to-rescue-a-dying-lawn-48982#.WPe_QlMrKRs;https://www.bobvila.com/slideshow/7-remedies-to-rescue-a-dying-lawn-48982
https://www.bobvila.com/slideshow/7-things-your-lawn-may-be-trying-to-tell-you-50328?#.WPe_fFMrKRs;https://www.bobvila.com/slideshow/7-things-your-lawn-may-be-trying-to-tell-you-50328
https://www.bobvila.com/slideshow/11-ways-you-re-accidentally-ruining-your-lawn-50036?#.WPe_iFMrKRs;https://www.bobvila.com/slideshow/11-ways-you-re-accidentally-ruining-your-lawn-50036
https://www.bobvila.com/slideshow/11-chores-you-ve-been-doing-wrong-all-along-50729?#.WQj9E4krKRs;https://www.bobvila.com/slideshow/11-chores-you-ve-been-doing-wrong-all-along-50729
https://www.bobvila.com/slideshow/the-top-10-grimiest-spots-in-your-home-according-to-science-50983?#.WQj9B4krKRs;https://www.bobvila.com/slideshow/the-top-10-grimiest-spots-in-your-home-according-to-science-50983
https://www.bobvila.com/slideshow/9-things-you-re-cleaning-way-too-often-50322?#.WQj9eIkrKRs;https://www.bobvila.com/slideshow/9-things-you-re-cleaning-way-too-often-50322
https://www.bobvila.com/slideshow/don-t-make-these-7-bedroom-design-mistakes-49287?#.WQz4i4krKRs;https://www.bobvila.com/slideshow/don-t-make-these-7-bedroom-design-mistakes-49287
https://www.bobvila.com/slideshow/7-paint-colors-to-avoid-in-the-bedroom-and-why-51048?#.WQz4g4krKRs;https://www.bobvila.com/slideshow/7-paint-colors-to-avoid-in-the-bedroom-and-why-51048
https://www.bobvila.com/slideshow/9-ways-you-re-ruining-your-mattress-51045?#.WQz4hYkrKRs;https://www.bobvila.com/slideshow/9-ways-you-re-ruining-your-mattress-51045
https://www.bobvila.com/slideshow/9-top-tips-for-a-bathroom-that-cleans-itself-50654?#.WRYu7BMrKRs;https://www.bobvila.com/slideshow/9-top-tips-for-a-bathroom-that-cleans-itself-50654
https://www.bobvila.com/slideshow/11-weird-ways-to-use-wine-51080?#.WRYu2RMrKRs;https://www.bobvila.com/slideshow/11-weird-ways-to-use-wine-51080
https://www.bobvila.com/slideshow/10-chores-you-only-have-to-tackle-once-this-year-50764?#.WRYu4hMrKRs;https://www.bobvila.com/slideshow/10-chores-you-only-have-to-tackle-once-this-year-50764
https://www.bobvila.com/slideshow/7-things-your-lawn-may-be-trying-to-tell-you-50328?#.WR2qOhMrKRs;https://www.bobvila.com/slideshow/7-things-your-lawn-may-be-trying-to-tell-you-50328
https://www.bobvila.com/slideshow/11-ways-you-re-accidentally-ruining-your-lawn-50036?#.WR2qRBMrKRs;https://www.bobvila.com/slideshow/11-ways-you-re-accidentally-ruining-your-lawn-50036
https://www.bobvila.com/slideshow/the-top-10-grimiest-spots-in-your-home-according-to-science-50983?#.WR9vgxMrKRs;https://www.bobvila.com/slideshow/the-top-10-grimiest-spots-in-your-home-according-to-science-50983
https://www.bobvila.com/slideshow/11-secret-weapons-to-keep-in-your-cleaning-caddy-50883?bvsp=hyde#.WR9vkxMrKRs;https://www.bobvila.com/slideshow/11-secret-weapons-to-keep-in-your-cleaning-caddy-50883
https://www.bobvila.com/slideshow/10-chores-you-only-have-to-tackle-once-this-year-50764?#.WR9vkxMrKRs;https://www.bobvila.com/slideshow/10-chores-you-only-have-to-tackle-once-this-year-50764
https://www.bobvila.com/contest/hyde-tools-giveaway?#.WSMsDxMrJE4;https://www.bobvila.com/contest/hyde-tools-giveaway
https://www.bobvila.com/slideshow/11-super-simple-ways-to-make-your-house-smell-fresh-49459?#.WSXY_RMrKRs;https://www.bobvila.com/slideshow/11-super-simple-ways-to-make-your-house-smell-fresh-49459
https://www.bobvila.com/slideshow/13-unusual-tips-for-your-cleanest-bathroom-ever-48495?#.WSXY7RMrKRs;https://www.bobvila.com/slideshow/13-unusual-tips-for-your-cleanest-bathroom-ever-48495
https://www.bobvila.com/slideshow/11-secret-weapons-to-keep-in-your-cleaning-caddy-50883?bvsp=hyde#.WSXY2hMrKRs;https://www.bobvila.com/slideshow/11-secret-weapons-to-keep-in-your-cleaning-caddy-50883
https://www.bobvila.com/slideshow/the-secret-histories-of-15-grand-old-american-mansions-50885?#.WTHxihMrKRs;https://www.bobvila.com/slideshow/the-secret-histories-of-15-grand-old-american-mansions-50885
https://www.bobvila.com/slideshow/living-remotely-12-stunning-homes-in-the-middle-of-nowhere-51157?#.WTHxhRMrKRs;https://www.bobvila.com/slideshow/living-remotely-12-stunning-homes-in-the-middle-of-nowhere-51157
https://www.bobvila.com/slideshow/the-12-most-infamous-goofs-in-architecture-history-50977?#.WTHxjRMrKRs;https://www.bobvila.com/slideshow/the-12-most-infamous-goofs-in-architecture-history-50977
https://www.bobvila.com/slideshow/10-bugs-that-are-living-in-your-house-and-how-to-get-them-out-50827?#.WTk9-BMrIWo;https://www.bobvila.com/slideshow/10-bugs-that-are-living-in-your-house-and-how-to-get-them-out-50827
https://www.bobvila.com/slideshow/8-weirdly-effective-ways-to-treat-a-bug-bite-51004?#.WTk98hMrIWo;https://www.bobvila.com/slideshow/8-weirdly-effective-ways-to-treat-a-bug-bite-51004
https://www.bobvila.com/slideshow/8-ways-you-re-making-your-mosquito-problem-worse-50346?#.WTk99hMrIWo;https://www.bobvila.com/slideshow/8-ways-you-re-making-your-mosquito-problem-worse-50346
https://www.bobvila.com/slideshow/20-plants-that-survive-with-or-without-you-50159?#.WTrvXhMrIWp;https://www.bobvila.com/slideshow/20-plants-that-survive-with-or-without-you-50159
https://www.bobvila.com/slideshow/10-foolproof-flowers-anyone-can-grow-51150?#.WTrvLRMrIWo;https://www.bobvila.com/slideshow/10-foolproof-flowers-anyone-can-grow-51150
https://www.bobvila.com/slideshow/bad-neighbors-11-plant-pairs-never-to-grow-side-by-side-51113?#.WTrvThMrIWo;https://www.bobvila.com/slideshow/bad-neighbors-11-plant-pairs-never-to-grow-side-by-side-51113
https://www.bobvila.com/slideshow/the-dark-dirty-truth-about-household-mold-and-how-to-rid-yourself-of-it-47287?#.WUFV6BMrJE4;https://www.bobvila.com/slideshow/the-dark-dirty-truth-about-household-mold-and-how-to-rid-yourself-of-it-47287
https://www.bobvila.com/slideshow/11-unusual-uses-for-a-bungee-cord-51070?#.WUFWJRMrJE4;https://www.bobvila.com/slideshow/11-unusual-uses-for-a-bungee-cord-51070
https://www.bobvila.com/slideshow/the-15-smartest-and-smallest-diys-you-can-do-for-your-home-51132?#.WUSQihMrKRs;https://www.bobvila.com/slideshow/the-15-smartest-and-smallest-diys-you-can-do-for-your-home-51132
https://www.bobvila.com/slideshow/rescued-from-ruin-9-extreme-makeovers-you-need-to-see-51099?#.WUSQlRMrKRs;https://www.bobvila.com/slideshow/rescued-from-ruin-9-extreme-makeovers-you-need-to-see-51099
https://www.bobvila.com/slideshow/9-sneaky-ways-to-get-new-floors-for-under-50-51019?#.WUSQqxMrKRs;https://www.bobvila.com/slideshow/9-sneaky-ways-to-get-new-floors-for-under-50-51019
https://www.bobvila.com/slideshow/10-unusual-tips-for-your-cleanest-kitchen-ever-48947#.WUsn_RMrKRs;https://www.bobvila.com/slideshow/10-unusual-tips-for-your-cleanest-kitchen-ever-48947
https://www.bobvila.com/slideshow/11-ways-you-re-accidentally-ruining-your-cookware-50740?#.WUsoLBMrKRs;https://www.bobvila.com/slideshow/11-ways-you-re-accidentally-ruining-your-cookware-50740
https://www.bobvila.com/slideshow/9-health-code-violations-hiding-in-your-kitchen-50626?#.WUsoNRMrKRs;https://www.bobvila.com/slideshow/9-health-code-violations-hiding-in-your-kitchen-50626
https://www.bobvila.com/slideshow/10-chores-you-only-have-to-tackle-once-this-year-50764?#.WU2EoxMrKRs;https://www.bobvila.com/slideshow/10-chores-you-only-have-to-tackle-once-this-year-50764
https://www.bobvila.com/slideshow/the-top-10-grimiest-spots-in-your-home-according-to-science-50983?#.WU2EmRMrKRs;https://www.bobvila.com/slideshow/the-top-10-grimiest-spots-in-your-home-according-to-science-50983
https://www.bobvila.com/slideshow/9-products-you-ll-love-even-if-you-hate-cleaning-50906?#.WU2EoxMrKRs;https://www.bobvila.com/slideshow/9-products-you-ll-love-even-if-you-hate-cleaning-50906
https://www.bobvila.com/slideshow/9-products-you-ll-love-even-if-you-hate-cleaning-50906?#.WV44ZdMrKRs;https://www.bobvila.com/slideshow/9-products-you-ll-love-even-if-you-hate-cleaning-50906
https://www.bobvila.com/slideshow/the-top-10-grimiest-spots-in-your-home-according-to-science-50983?#.WV44XNMrKRs;https://www.bobvila.com/slideshow/the-top-10-grimiest-spots-in-your-home-according-to-science-50983
https://www.bobvila.com/pages/privacy-policy#.WXD8ZNMrJE4;https://www.bobvila.com/pages/privacy-policy
https://www.bobvila.com/slideshow/7-unusual-tricks-for-your-cleanest-floors-ever-49201?#.WWVQqdMrIWo;https://www.bobvila.com/slideshow/7-unusual-tricks-for-your-cleanest-floors-ever-49201
https://www.bobvila.com/slideshow/7-surprising-alternative-uses-for-clorox-bleach-48858?#.WWVQm9MrIWo;https://www.bobvila.com/slideshow/7-surprising-alternative-uses-for-clorox-bleach-48858
https://www.bobvila.com/slideshow/12-ways-to-clean-house-with-citrus-48886?#.WWVQn9MrIWo;https://www.bobvila.com/slideshow/12-ways-to-clean-house-with-citrus-48886
https://www.bobvila.com/slideshow/10-safety-essentials-that-most-homes-are-missing-49445#.WWktzdMrIWo;https://www.bobvila.com/slideshow/10-safety-essentials-that-most-homes-are-missing-49445
https://www.bobvila.com/slideshow/8-dangerous-secrets-your-home-may-be-hiding-48583#.WWktxdMrIWo;https://www.bobvila.com/slideshow/8-dangerous-secrets-your-home-may-be-hiding-48583
https://www.bobvila.com/slideshow/10-accidents-waiting-to-happen-and-how-to-stay-safe-50953?#.WWkuCdMrIWo;https://www.bobvila.com/slideshow/10-accidents-waiting-to-happen-and-how-to-stay-safe-50953
https://www.bobvila.com/slideshow/10-things-you-didn-t-know-super-glue-can-do-49431?#.WW-1K9MrKRs;https://www.bobvila.com/slideshow/10-things-you-didn-t-know-super-glue-can-do-49431
https://www.bobvila.com/slideshow/15-handy-things-to-get-at-home-depot-for-under-15-50217?#.WW-1GdMrKRs;https://www.bobvila.com/slideshow/15-handy-things-to-get-at-home-depot-for-under-15-50217
https://www.bobvila.com/slideshow/9-home-repair-remedies-to-borrow-from-your-medicine-cabinet-49436?#.WW-1J9MrKRs;https://www.bobvila.com/slideshow/9-home-repair-remedies-to-borrow-from-your-medicine-cabinet-49436
https://www.bobvila.com/slideshow/7-clever-unauthorized-uses-for-common-appliances-48149?#.WXSRBtMrKRs;https://www.bobvila.com/slideshow/7-clever-unauthorized-uses-for-common-appliances-48149
https://www.bobvila.com/slideshow/11-totally-unexpected-uses-for-a-crock-pot-50705?#.WXSQ4NMrKRs;https://www.bobvila.com/slideshow/11-totally-unexpected-uses-for-a-crock-pot-50705
https://www.bobvila.com/slideshow/10-things-you-didn-t-know-your-microwave-can-do-49099?#.WXSQ-dMrKRs;https://www.bobvila.com/slideshow/10-things-you-didn-t-know-your-microwave-can-do-49099
https://www.bobvila.com/slideshow/9-things-home-makeover-shows-never-tell-you-50943?#.WXdbNtMrKRs;https://www.bobvila.com/slideshow/9-things-home-makeover-shows-never-tell-you-50943
https://www.bobvila.com/slideshow/the-15-smartest-and-smallest-diys-you-can-do-for-your-home-51132?#.WXda0NMrKRs;https://www.bobvila.com/slideshow/the-15-smartest-and-smallest-diys-you-can-do-for-your-home-51132
https://www.bobvila.com/slideshow/10-sneaky-hidden-costs-of-home-remodeling-51223?#.WXdarNMrKRs;https://www.bobvila.com/slideshow/10-sneaky-hidden-costs-of-home-remodeling-51223
https://www.bobvila.com/slideshow/12-clever-hacks-to-help-you-beat-the-summer-heat-50305#.WXu_19MrKRs;https://www.bobvila.com/slideshow/12-clever-hacks-to-help-you-beat-the-summer-heat-50305
https://www.bobvila.com/slideshow/20-summer-life-hacks-everyone-needs-50251#.WXu_4tMrKRs;https://www.bobvila.com/slideshow/20-summer-life-hacks-everyone-needs-50251
https://www.bobvila.com/slideshow/12-things-never-to-put-in-your-dishwasher-50598?#.WYJHwNMrKRs;https://www.bobvila.com/slideshow/12-things-never-to-put-in-your-dishwasher-50598
https://www.bobvila.com/slideshow/9-things-you-re-cleaning-way-too-often-50322?#.WYJHsdMrKRs;https://www.bobvila.com/slideshow/9-things-you-re-cleaning-way-too-often-50322
https://www.bobvila.com/slideshow/10-instant-cures-for-any-kitchen-odor-50094?#.WYJH29MrKRs;https://www.bobvila.com/slideshow/10-instant-cures-for-any-kitchen-odor-50094
https://www.bobvila.com/slideshow/10-ways-to-burglar-proof-your-home-for-under-100-50144?#.WYTJItMrKRs;https://www.bobvila.com/slideshow/10-ways-to-burglar-proof-your-home-for-under-100-50144
https://www.bobvila.com/slideshow/8-ways-to-make-it-look-like-you-re-home-when-you-re-not-49546?#.WYTJUNMrKRs;https://www.bobvila.com/slideshow/8-ways-to-make-it-look-like-you-re-home-when-you-re-not-49546
https://www.bobvila.com/slideshow/11-ways-you-may-be-inviting-burglars-into-your-home-51282?#.WYTJHdMrKRs;https://www.bobvila.com/slideshow/11-ways-you-may-be-inviting-burglars-into-your-home-51282
https://www.bobvila.com/slideshow/the-best-and-weirdest-things-you-can-do-with-a-tree-stump-51341?#.WYskH9MrKRs;https://www.bobvila.com/slideshow/the-best-and-weirdest-things-you-can-do-with-a-tree-stump-51341
https://www.bobvila.com/slideshow/these-popular-plants-might-actually-be-bad-for-your-garden-51272?#.WYskJtMrKRs;https://www.bobvila.com/slideshow/these-popular-plants-might-actually-be-bad-for-your-garden-51272
https://www.bobvila.com/slideshow/10-low-cost-solutions-for-an-ugly-lawn-51278?#.WYskI9MrKRs;https://www.bobvila.com/slideshow/10-low-cost-solutions-for-an-ugly-lawn-51278
"https://www.bobvila.com/slideshow/11-chores-you-ve-been-doing-wrong-all-along-50729?&amp;utm_content=bufferd993e&amp;utm_medium=social&amp;utm_source=facebook.com&amp;utm_campaign=buffer#.WWkiJNMrI1g";https://www.bobvila.com/slideshow/11-chores-you-ve-been-doing-wrong-all-along-50729
https://www.bobvila.com/slideshow/9-top-tips-for-a-bathroom-that-cleans-itself-50654?#.WY6MKNMrKRs;https://www.bobvila.com/slideshow/9-top-tips-for-a-bathroom-that-cleans-itself-50654
https://www.bobvila.com/slideshow/9-products-you-ll-love-even-if-you-hate-cleaning-50906?#.WY6L79MrKRs;https://www.bobvila.com/slideshow/9-products-you-ll-love-even-if-you-hate-cleaning-50906
https://www.bobvila.com/slideshow/the-top-10-grimiest-spots-in-your-home-according-to-science-50983?#.WZ7e2nd96Rs;https://www.bobvila.com/slideshow/the-top-10-grimiest-spots-in-your-home-according-to-science-50983
https://www.bobvila.com/slideshow/9-products-you-ll-love-even-if-you-hate-cleaning-50906?#.WZ7e33d96Rs;https://www.bobvila.com/slideshow/9-products-you-ll-love-even-if-you-hate-cleaning-50906
https://www.bobvila.com/pages/privacy-policy#.WXD8ZNMrJE4;https://www.bobvila.com/pages/privacy-policy
https://www.bobvila.com/slideshow/19-zero-dollar-garden-hacks-48855/#.WZ9IY3d96Rs;https://www.bobvila.com/slideshow/19-zero-dollar-garden-hacks-48855/
https://www.bobvila.com/slideshow/10-flowers-that-attract-bees-to-your-garden-51308?#.WZ9LuHd96Rs;https://www.bobvila.com/slideshow/10-flowers-that-attract-bees-to-your-garden-51308
https://www.bobvila.com/slideshow/these-popular-plants-might-actually-be-bad-for-your-garden-51272?#.WZ9LwXd96Rs;https://www.bobvila.com/slideshow/these-popular-plants-might-actually-be-bad-for-your-garden-51272
https://www.bobvila.com/slideshow/12-things-your-plumber-wishes-you-knew-50323#shut-off-your-water-valve-before-going-on-vacation;https://www.bobvila.com/slideshow/12-things-your-plumber-wishes-you-knew-50323
https://www.bobvila.com/slideshow/10-surprising-things-you-can-do-with-a-plastic-straw-51171#.Wac6zJN96Rs;https://www.bobvila.com/slideshow/10-surprising-things-you-can-do-with-a-plastic-straw-51171
https://www.bobvila.com/slideshow/9-unexpected-household-uses-for-table-salt-48218#.Wac6ypN96Rs;https://www.bobvila.com/slideshow/9-unexpected-household-uses-for-table-salt-48218
https://www.bobvila.com/slideshow/12-laundry-mistakes-you-re-probably-making-51385?#.WamXZdN96Rs;https://www.bobvila.com/slideshow/12-laundry-mistakes-you-re-probably-making-51385
https://www.bobvila.com/slideshow/10-reasons-bugs-love-your-home-51428?#.WamXbNN96Rs;https://www.bobvila.com/slideshow/10-reasons-bugs-love-your-home-51428
https://www.bobvila.com/slideshow/11-things-it-s-illegal-to-throw-in-the-trash-51344?#.WamXd9N96Rs;https://www.bobvila.com/slideshow/11-things-it-s-illegal-to-throw-in-the-trash-51344
https://www.bobvila.com/slideshow/10-reasons-bugs-love-your-home-51428?#.WbA4ctN96Rs;https://www.bobvila.com/slideshow/10-reasons-bugs-love-your-home-51428
https://www.bobvila.com/slideshow/10-bugs-that-are-living-in-your-house-and-how-to-get-them-out-50827?#.WbA4etN96Rs;https://www.bobvila.com/slideshow/10-bugs-that-are-living-in-your-house-and-how-to-get-them-out-50827
https://www.bobvila.com/slideshow/8-ways-you-re-making-your-mosquito-problem-worse-50346?#.WbA4g9N96Rs;https://www.bobvila.com/slideshow/8-ways-you-re-making-your-mosquito-problem-worse-50346
https://www.bobvila.com/slideshow/12-laundry-mistakes-you-re-probably-making-51385?#.WbLnP9N96Rs;https://www.bobvila.com/slideshow/12-laundry-mistakes-you-re-probably-making-51385
https://www.bobvila.com/slideshow/the-top-10-grimiest-spots-in-your-home-according-to-science-50983?#.WbLnVtN96Rs;https://www.bobvila.com/slideshow/the-top-10-grimiest-spots-in-your-home-according-to-science-50983
https://www.bobvila.com/slideshow/10-chores-you-only-have-to-tackle-once-this-year-50764?#.WbLnv9N96Rs;https://www.bobvila.com/slideshow/10-chores-you-only-have-to-tackle-once-this-year-50764
https://www.bobvila.com/pages/privacy-policy#.WXD8ZNMrJE4;https://www.bobvila.com/pages/privacy-policy
https://www.bobvila.com/slideshow/9-little-tricks-to-make-trash-day-less-of-a-chore-49957?#.WbmiYtN96Rs;https://www.bobvila.com/slideshow/9-little-tricks-to-make-trash-day-less-of-a-chore-49957
https://www.bobvila.com/slideshow/21-timesaving-tricks-that-may-change-the-way-you-clean-49923?#.WbmicNN96Rs;https://www.bobvila.com/slideshow/21-timesaving-tricks-that-may-change-the-way-you-clean-49923
https://www.bobvila.com/slideshow/11-chores-you-ve-been-doing-wrong-all-along-50729?#.WbmiRtN96Rs;https://www.bobvila.com/slideshow/11-chores-you-ve-been-doing-wrong-all-along-50729
https://www.bobvila.com/slideshow/13-lazy-cleaning-tricks-for-a-spotless-home-48684?#.WbwpmNN96Rs;https://www.bobvila.com/slideshow/13-lazy-cleaning-tricks-for-a-spotless-home-48684
https://www.bobvila.com/slideshow/15-genius-tricks-for-keeping-your-car-clean-51451?#.WbwpUdN96Rs;https://www.bobvila.com/slideshow/15-genius-tricks-for-keeping-your-car-clean-51451
https://www.bobvila.com/slideshow/9-brilliant-cleaning-hacks-everyone-should-know-49230?#.WbwpkdN96Rs;https://www.bobvila.com/slideshow/9-brilliant-cleaning-hacks-everyone-should-know-49230
https://www.bobvila.com/articles/how-to-clean-leather-furniture/#.WcMVv9N96Rs;https://www.bobvila.com/articles/how-to-clean-leather-furniture/
https://www.bobvila.com/slideshow/12-tricks-to-speed-you-through-your-least-favorite-chore-51479?#.WcMa29N96Rs;https://www.bobvila.com/slideshow/12-tricks-to-speed-you-through-your-least-favorite-chore-51479
https://www.bobvila.com/slideshow/the-top-10-grimiest-spots-in-your-home-according-to-science-50983?#.WcMa6NN96Rs;https://www.bobvila.com/slideshow/the-top-10-grimiest-spots-in-your-home-according-to-science-50983
https://www.bobvila.com/slideshow/12-inventions-that-do-all-your-chores-50234?#.WcVWHNN96Rs;https://www.bobvila.com/slideshow/12-inventions-that-do-all-your-chores-50234
https://www.bobvila.com/slideshow/9-top-tips-for-a-bathroom-that-cleans-itself-50654?#.WcVWBdN96Rs;https://www.bobvila.com/slideshow/9-top-tips-for-a-bathroom-that-cleans-itself-50654
https://www.bobvila.com/slideshow/9-things-you-re-cleaning-way-too-often-50322?#.WcVWI9N96Rs;https://www.bobvila.com/slideshow/9-things-you-re-cleaning-way-too-often-50322
https://www.bobvila.com/topics/diy-ideas?bv=frdiy;https://www.bobvila.com/topics/diy-ideas
https://www.bobvila.com/topics/diy-ideas?bv=frdiy;https://www.bobvila.com/topics/diy-ideas
https://www.bobvila.com/topics/diy-ideas?bv=frdiy;https://www.bobvila.com/topics/diy-ideas
https://www.bobvila.com/topics/diy-ideas?bv=frdiy;https://www.bobvila.com/topics/diy-ideas
https://www.bobvila.com/slideshow/11-ways-landscaping-can-save-you-money-50353?#.WOKvtRIrJE4;https://www.bobvila.com/slideshow/11-ways-landscaping-can-save-you-money-50353
https://www.bobvila.com/topics/outdoor-living-ideas?bv=frout;https://www.bobvila.com/topics/outdoor-living-ideas
https://www.bobvila.com/topics/outdoor-living-ideas?bv=frout;https://www.bobvila.com/topics/outdoor-living-ideas
https://www.bobvila.com/topics/outdoor-living-ideas?bv=frout;https://www.bobvila.com/topics/outdoor-living-ideas
https://www.bobvila.com/topics/outdoor-living-ideas?bv=frout;https://www.bobvila.com/topics/outdoor-living-ideas
https://www.bobvila.com/slideshow/10-unusual-tricks-for-your-easiest-ever-paint-job-50315?#.WcxrFNN96Rs;https://www.bobvila.com/slideshow/10-unusual-tricks-for-your-easiest-ever-paint-job-50315
https://www.bobvila.com/slideshow/9-ways-to-crank-up-curb-appeal-with-nothing-but-paint-51125?#.WcxrBtN96Rs;https://www.bobvila.com/slideshow/9-ways-to-crank-up-curb-appeal-with-nothing-but-paint-51125
https://www.bobvila.com/slideshow/10-things-you-should-never-paint-50581?#.WcxrDdN96Rs;https://www.bobvila.com/slideshow/10-things-you-should-never-paint-50581
https://www.bobvila.com/slideshow/21-ways-to-color-your-yard-this-fall-50438?#.WdUZf9N96Rs;https://www.bobvila.com/slideshow/21-ways-to-color-your-yard-this-fall-50438
https://www.bobvila.com/slideshow/50-fall-decor-updates-for-5-15-30-51392?#.WdUZbtN96Rs;https://www.bobvila.com/slideshow/50-fall-decor-updates-for-5-15-30-51392
https://www.bobvila.com/slideshow/12-brilliant-hacks-for-your-best-ever-halloween-pumpkin-50506#.WdeuH9N96Rs;https://www.bobvila.com/slideshow/12-brilliant-hacks-for-your-best-ever-halloween-pumpkin-50506
https://www.bobvila.com/slideshow/15-easy-ways-to-terrify-trick-or-treaters-this-year-51533#.WdeuFtN96Rs;https://www.bobvila.com/slideshow/15-easy-ways-to-terrify-trick-or-treaters-this-year-51533
https://www.bobvila.com/slideshow/your-post-halloween-cleanup-guide-48165#.WdeuMNN96Rs;https://www.bobvila.com/slideshow/your-post-halloween-cleanup-guide-48165
https://www.bobvila.com/slideshow/the-best-things-you-can-do-for-your-yard-this-fall-51384?#.Wd7RadN96Rs;https://www.bobvila.com/slideshow/the-best-things-you-can-do-for-your-yard-this-fall-51384
https://www.bobvila.com/slideshow/10-low-cost-solutions-for-an-ugly-lawn-51278?#.Wd7RetN96Rs;https://www.bobvila.com/slideshow/10-low-cost-solutions-for-an-ugly-lawn-51278
https://www.bobvila.com/slideshow/drafty-windows-solutions-for-every-budget-48200#.WeES7xOPKRs;https://www.bobvila.com/slideshow/drafty-windows-solutions-for-every-budget-48200
https://www.bobvila.com/slideshow/8-quick-tips-for-solving-winter-woes-48297#.WeEUNxOPKRs;https://www.bobvila.com/slideshow/8-quick-tips-for-solving-winter-woes-48297
https://www.bobvila.com/slideshow/10-bargain-organizers-for-a-tidy-garage-48613?#.WefLOhOPIWo;https://www.bobvila.com/slideshow/10-bargain-organizers-for-a-tidy-garage-48613
https://www.bobvila.com/slideshow/make-room-for-the-car-7-easy-diy-garage-organizers-48117?#.WefLexOPIWo;https://www.bobvila.com/slideshow/make-room-for-the-car-7-easy-diy-garage-organizers-48117
https://www.bobvila.com/slideshow/12-tricks-to-speed-you-through-your-least-favorite-chore-51479?#.WekdShOPKRs;https://www.bobvila.com/slideshow/12-tricks-to-speed-you-through-your-least-favorite-chore-51479
https://www.bobvila.com/slideshow/10-bugs-that-are-living-in-your-house-and-how-to-get-them-out-50827?#.WekiLBOPKRs;https://www.bobvila.com/slideshow/10-bugs-that-are-living-in-your-house-and-how-to-get-them-out-50827
https://www.bobvila.com/slideshow/9-best-buys-for-a-bug-free-home-50109?#.WekiNxOPKRs;https://www.bobvila.com/slideshow/9-best-buys-for-a-bug-free-home-50109
https://www.bobvila.com/slideshow/8-ways-you-re-making-your-mosquito-problem-worse-50346?#.WekiMxOPKRs;https://www.bobvila.com/slideshow/8-ways-you-re-making-your-mosquito-problem-worse-50346
https://www.bobvila.com/contest/giveaway-kenmore?#.WfiiBxNSxE4;https://www.bobvila.com/contest/giveaway-kenmore
https://www.bobvila.com/pages/privacy-policy#.WXD8ZNMrJE4;https://www.bobvila.com/pages/privacy-policy
https://www.bobvila.com/pages/privacy-policy#.WfC1AxOPJE5;https://www.bobvila.com/pages/privacy-policy
https://www.bobvila.com/slideshow/back-to-cool-10-ways-to-prep-your-home-for-lower-temps-50448?#.WfyU9hOPIWo;https://www.bobvila.com/slideshow/back-to-cool-10-ways-to-prep-your-home-for-lower-temps-50448
https://www.bobvila.com/slideshow/drafty-windows-solutions-for-every-budget-48200#.WfyVJBOPIWo;https://www.bobvila.com/slideshow/drafty-windows-solutions-for-every-budget-48200
"https://www.bobvila.com/slideshow/don-t-make-these-7-mistakes-prepping-your-home-for-winter-50609?bvsp=lg#.WfyU6hOPIWo"">Don";https://www.bobvila.com/slideshow/don-t-make-these-7-mistakes-prepping-your-home-for-winter-50609
https://www.bobvila.com/slideshow/8-weirdly-effective-ways-to-treat-a-bug-bite-51004?#.WgI3UROPIWo;https://www.bobvila.com/slideshow/8-weirdly-effective-ways-to-treat-a-bug-bite-51004
https://www.bobvila.com/slideshow/10-reasons-bugs-love-your-home-51428?#.WgI3PBOPIWo;https://www.bobvila.com/slideshow/10-reasons-bugs-love-your-home-51428
https://www.bobvila.com/slideshow/10-bugs-that-are-living-in-your-house-and-how-to-get-them-out-50827?#.WgI3VROPIWo;https://www.bobvila.com/slideshow/10-bugs-that-are-living-in-your-house-and-how-to-get-them-out-50827
https://www.bobvila.com/slideshow/9-things-you-didn-t-know-coca-cola-can-do-48739#.WgxeVhOPIWo;https://www.bobvila.com/slideshow/9-things-you-didn-t-know-coca-cola-can-do-48739
"https://www.bobvila.com/slideshow/you-re-not-using-vacuum-attachments-the-right-way-51549?#.Wg4SCrSpn58"">You";https://www.bobvila.com/slideshow/you-re-not-using-vacuum-attachments-the-right-way-51549
https://www.bobvila.com/slideshow/12-smart-dish-washing-hacks-no-one-ever-taught-you-51479?#.Wg4SErSpn58;https://www.bobvila.com/slideshow/12-smart-dish-washing-hacks-no-one-ever-taught-you-51479
https://www.bobvila.com/slideshow/15-genius-tricks-for-keeping-your-car-clean-51451?#.Wg4SGLSpn58;https://www.bobvila.com/slideshow/15-genius-tricks-for-keeping-your-car-clean-51451
https://www.bobvila.com/pages/privacy-policy#.WXD8ZNMrJE4;https://www.bobvila.com/pages/privacy-policy
https://www.bobvila.com/slideshow/12-ways-your-home-can-save-you-money-this-year-49679#.WhSwBbSpmRs;https://www.bobvila.com/slideshow/12-ways-your-home-can-save-you-money-this-year-49679
https://www.bobvila.com/slideshow/slash-your-electric-bill-with-11-savvy-hacks-48497#.WhSwNbSpmRs;https://www.bobvila.com/slideshow/slash-your-electric-bill-with-11-savvy-hacks-48497
https://www.bobvila.com/slideshow/7-tips-for-quick-and-easy-cleanup-after-dinner-51655?#.Wh9rGLSpmRs;https://www.bobvila.com/slideshow/7-tips-for-quick-and-easy-cleanup-after-dinner-51655
https://www.bobvila.com/slideshow/12-smart-dish-washing-hacks-no-one-ever-taught-you-51479?#.Wh9rJLSpmRs;https://www.bobvila.com/slideshow/12-smart-dish-washing-hacks-no-one-ever-taught-you-51479
https://www.bobvila.com/slideshow/15-brilliant-hacks-for-a-cleaner-home-in-2018-51636?#.WigY47SpmRs;https://www.bobvila.com/slideshow/15-brilliant-hacks-for-a-cleaner-home-in-2018-51636
https://www.bobvila.com/slideshow/12-smart-dish-washing-hacks-no-one-ever-taught-you-51479?#.WigY77SpmRs;https://www.bobvila.com/slideshow/12-smart-dish-washing-hacks-no-one-ever-taught-you-51479
https://www.bobvila.com/slideshow/9-signs-you-need-to-replace-your-fridge-51105?#.WinE07SpmRs;https://www.bobvila.com/slideshow/9-signs-you-need-to-replace-your-fridge-51105
https://www.bobvila.com/slideshow/10-kitchen-products-that-will-last-a-lifetime-51710?#.WinEpLSpmRs;https://www.bobvila.com/slideshow/10-kitchen-products-that-will-last-a-lifetime-51710
https://www.bobvila.com/slideshow/12-smart-dish-washing-hacks-no-one-ever-taught-you-51479?#.WinEy7SpmRs;https://www.bobvila.com/slideshow/12-smart-dish-washing-hacks-no-one-ever-taught-you-51479
https://www.bobvila.com/pages/privacy-policy#.WXD8ZNMrJE4;https://www.bobvila.com/pages/privacy-policy
https://www.bobvila.com/slideshow/10-ways-you-re-accidentally-poisoning-your-home-50169?#.WjBeHLSpkWo;https://www.bobvila.com/slideshow/10-ways-you-re-accidentally-poisoning-your-home-50169
https://www.bobvila.com/slideshow/7-reasons-every-home-needs-a-humidifier-51722?#.WjBeCbSpkWo;https://www.bobvila.com/slideshow/7-reasons-every-home-needs-a-humidifier-51722
https://www.bobvila.com/slideshow/the-10-best-winter-buys-for-a-happy-healthy-home-50718?#.WjBeF7SpkWo;https://www.bobvila.com/slideshow/the-10-best-winter-buys-for-a-happy-healthy-home-50718
https://www.bobvila.com/slideshow/bob-vila-s-top-10-artificial-christmas-trees-2183#.WjKP70qnE2w;https://www.bobvila.com/slideshow/bob-vila-s-top-10-artificial-christmas-trees-2183
https://www.bobvila.com/slideshow/11-things-it-s-illegal-to-throw-in-the-trash-51344#.WjL85bSpkWo;https://www.bobvila.com/slideshow/11-things-it-s-illegal-to-throw-in-the-trash-51344
https://www.bobvila.com/slideshow/9-little-tricks-to-make-trash-day-less-of-a-chore-49957#.WjL79LSpkWo;https://www.bobvila.com/slideshow/9-little-tricks-to-make-trash-day-less-of-a-chore-49957
https://www.bobvila.com/slideshow/let-it-go-14-things-to-trash-without-thinking-twice-49672#.WjL7x7SpkWo;https://www.bobvila.com/slideshow/let-it-go-14-things-to-trash-without-thinking-twice-49672
https://www.bobvila.com/slideshow/15-genius-tricks-for-keeping-your-car-clean-51451?#.WkwROVSpmRs;https://www.bobvila.com/slideshow/15-genius-tricks-for-keeping-your-car-clean-51451
https://www.bobvila.com/slideshow/7-tips-for-quick-and-easy-cleanup-after-dinner-51655?#.WkwRLlSpmRs;https://www.bobvila.com/slideshow/7-tips-for-quick-and-easy-cleanup-after-dinner-51655
https://www.bobvila.com/slideshow/15-brilliant-hacks-for-a-cleaner-home-in-2018-51636?#.WkwRMVSpmRs;https://www.bobvila.com/slideshow/15-brilliant-hacks-for-a-cleaner-home-in-2018-51636
https://www.bobvila.com/slideshow/7-tips-for-quick-and-easy-cleanup-after-dinner-51655?#.WkVsxVSpmRs;https://www.bobvila.com/slideshow/7-tips-for-quick-and-easy-cleanup-after-dinner-51655
https://www.bobvila.com/slideshow/15-brilliant-hacks-for-a-cleaner-home-in-2018-51636?#.WkVsxVSpmRs;https://www.bobvila.com/slideshow/15-brilliant-hacks-for-a-cleaner-home-in-2018-51636
https://www.bobvila.com/pages/privacy-policy#.WXD8ZNMrJE4;https://www.bobvila.com/pages/privacy-policy
https://www.bobvila.com/pages/privacy-policy#.WXD8ZNMrJE4;https://www.bobvila.com/pages/privacy-policy
https://www.bobvila.com/slideshow/7-unusual-household-uses-for-a-utility-knife-51243?bvsp=hyde;https://www.bobvila.com/slideshow/7-unusual-household-uses-for-a-utility-knife-51243
https://www.bobvila.com/slideshow/10-reasons-every-diyer-needs-a-putty-knife-50024?bvsp=hyde;https://www.bobvila.com/slideshow/10-reasons-every-diyer-needs-a-putty-knife-50024
https://www.bobvila.com/pages/privacy-policy#.WXD8ZNMrJE4;https://www.bobvila.com/pages/privacy-policy
https://www.bobvila.com/pages/privacy-policy#.WXD8ZNMrJE4;https://www.bobvila.com/pages/privacy-policy
https://www.bobvila.com/pages/privacy-policy#.WXD8ZNMrJE4;https://www.bobvila.com/pages/privacy-policy
https://www.bobvila.com/pages/privacy-policy#.WXD8ZNMrJE4;https://www.bobvila.com/pages/privacy-policy
https://www.bobvila.com/pages/privacy-policy#.WXD8ZNMrJE4;https://www.bobvila.com/pages/privacy-policy
https://www.bobvila.com/pages/privacy-policy#.WXD8ZNMrJE4;https://www.bobvila.com/pages/privacy-policy
https://www.bobvila.com/articles/best-summer-home-improvements/?bv=shs;https://www.bobvila.com/articles/best-summer-home-improvements/
https://www.bobvila.com/articles/choosing-replacement-windows/?bv=shs;https://www.bobvila.com/articles/choosing-replacement-windows/
https://www.bobvila.com/articles/3-hidden-benefits-of-new-windows/?bv=shs;https://www.bobvila.com/articles/3-hidden-benefits-of-new-windows/
https://www.bobvila.com/articles/recycling-symbols/#recyclable;https://www.bobvila.com/articles/recycling-symbols/
https://www.bobvila.com/articles/recycling-symbols/#recycled;https://www.bobvila.com/articles/recycling-symbols/
https://www.bobvila.com/articles/recycling-symbols/#plastics;https://www.bobvila.com/articles/recycling-symbols/
https://www.bobvila.com/articles/how-to-paint-behind-a-toilet/#option-1;https://www.bobvila.com/articles/how-to-paint-behind-a-toilet/
https://www.bobvila.com/articles/how-to-paint-behind-a-toilet/#option-2;https://www.bobvila.com/articles/how-to-paint-behind-a-toilet/
https://www.bobvila.com/articles/diy-cutting-board/?bv=mr;https://www.bobvila.com/articles/diy-cutting-board/
https://www.bobvila.com/articles/how-to-clean-wallpaper/#methods;https://www.bobvila.com/articles/how-to-clean-wallpaper/
https://www.bobvila.com/slideshow/10-things-you-didn-t-know-super-glue-can-do-49431#super-glue;https://www.bobvila.com/slideshow/10-things-you-didn-t-know-super-glue-can-do-49431
https://www.bobvila.com/slideshow/the-14-freshest-kitchen-cabinet-colors-52694#fresh-kitchen-cabinet-colors-sky-space-from-valspar;https://www.bobvila.com/slideshow/the-14-freshest-kitchen-cabinet-colors-52694
https://www.bobvila.com/slideshow/15-small-kitchen-island-ideas-that-inspire-52640#small-kitchen-island-with-stools;https://www.bobvila.com/slideshow/15-small-kitchen-island-ideas-that-inspire-52640
https://www.bobvila.com/slideshow/10-tips-for-finding-the-perfect-faucet-44282#low-flow-faucet;https://www.bobvila.com/slideshow/10-tips-for-finding-the-perfect-faucet-44282
"https://www.bobvila.com/articles/best-portable-solar-panel/?preview_id=153775&amp;preview_nonce=478cc1dfb4&amp;_thumbnail_id=-1&amp;preview=true";https://www.bobvila.com/articles/best-portable-solar-panel/
https://www.bobvila.com/articles/how-to-remove-superglue/#.VimefrR3ky4;https://www.bobvila.com/articles/how-to-remove-superglue/
https://www.bobvila.com/slideshow/10-tips-for-finding-the-perfect-faucet-44282#low-flow-faucet;https://www.bobvila.com/slideshow/10-tips-for-finding-the-perfect-faucet-44282
https://www.bobvila.com/slideshow/21-home-improvement-projects-to-put-on-your-to-do-list-for-2021-578290?bv=ca;https://www.bobvila.com/slideshow/21-home-improvement-projects-to-put-on-your-to-do-list-for-2021-578290
https://www.bobvila.com/articles/how-to-sharpen-a-kitchen-knife/#:~:text=Hold%20the%20knife%20at%20a,then%20flip%20the%20stone%20over.;https://www.bobvila.com/articles/how-to-sharpen-a-kitchen-knife/
https://www.bobvila.com/articles/best-multimeter/#:~:text=BEST%20ALL%20AROUND%3A%20Klein%20Tools,KIT%20Automotive%20Multimeter%20Combo%20Kit;https://www.bobvila.com/articles/best-multimeter/
https://www.bobvila.com/articles/how-to-clean-a-fan/#:~:text=If%20not%20using%20a%20commercial,sides%20of%20the%20fan%20blades.;https://www.bobvila.com/articles/how-to-clean-a-fan/
https://www.bobvila.com/articles/how-to-clean-a-sponge/#:~:text=Place%20the%20sponge%20in%20the,completely%20before%20removing%20and%20reusing.;https://www.bobvila.com/articles/how-to-clean-a-sponge/
https://www.bobvila.com/slideshow/21-home-improvement-projects-to-put-on-your-to-do-list-for-2021-578290?bv=ca;https://www.bobvila.com/slideshow/21-home-improvement-projects-to-put-on-your-to-do-list-for-2021-578290
https://www.bobvila.com/articles/getting-rid-of-carpenter-bees/#.VbvBKmRViko;https://www.bobvila.com/articles/getting-rid-of-carpenter-bees/
"https://www.bobvila.com/articles/what-does-mold-smell-like/#:~:text=Mold%20can%20have%20a%20musty,is%20just%20starting%20to%20form.&amp;text=The%20smell%20of%20mold%20is,that%20lingers%20in%20the%20air.";https://www.bobvila.com/articles/what-does-mold-smell-like/
"https://www.bobvila.com/articles/gutter-cleaning-tool/?utm_campaign=trueanthem&amp;utm_medium=trueanthem&amp;utm_source=facebook&amp;fbclid=IwAR3DUQEzoGPK0saimsEvtRodg9ePB0TNgV3yCPpnbcJ6YsSGM-Qv1mE-aNo";https://www.bobvila.com/articles/gutter-cleaning-tool/
https://www.bobvila.com/slideshow/10-surprising-ways-you-can-void-a-warranty-51314#:~:text=Homeowners%20should%20clean%20gutters%20every,t%20be%20covered%20by%20warranty.;https://www.bobvila.com/slideshow/10-surprising-ways-you-can-void-a-warranty-51314
https://www.bobvila.com/slideshow/11-best-buys-to-make-your-small-home-feel-big-50124#wall-mounted-folding-desk;https://www.bobvila.com/slideshow/11-best-buys-to-make-your-small-home-feel-big-50124
https://www.bobvila.com/articles/amazon-black-friday/?tag=bv-deals-appliances-black-friday-20;https://www.bobvila.com/articles/amazon-black-friday/
https://www.bobvila.com/articles/jade-plant-care/#:~:text=Selecting%20Soil%20for%20Jade%20Plants,jade%20plants%20tend%20to%20do;https://www.bobvila.com/articles/jade-plant-care/
https://www.bobvila.com/articles/cleaning-cast-iron/#:~:text=Cast%20iron%20needs%20to%20be,would%20before%20a%20first%20use.;https://www.bobvila.com/articles/cleaning-cast-iron/
https://www.bobvila.com/articles/12-ways-to-remove-odors-from-a-microwave/#:~:text=Put%20four%20teaspoons%20of%20vanilla,the%20inside%20of%20the%20microwave.;https://www.bobvila.com/articles/12-ways-to-remove-odors-from-a-microwave/
https://www.bobvila.com/articles/water-stains-on-ceiling/#:~:text=Make%20the%20necessary%20repairs%2C%20or,water%20stains%E2%80%94on%20the%20ceiling;https://www.bobvila.com/articles/water-stains-on-ceiling/
https://www.bobvila.com/slideshow/your-easiest-ever-garden-7-planters-that-do-all-the-work-48716??bv=es#.V3LV2jkrI1J;https://www.bobvila.com/slideshow/your-easiest-ever-garden-7-planters-that-do-all-the-work-48716
https://www.bobvila.com/articles/what-does-renters-insurance-cover/#:~:text=Damage%20and%20loss%20due%20to,and%20floods%20is%20not%20covered;https://www.bobvila.com/articles/what-does-renters-insurance-cover/
https://www.bobvila.com/articles/2479-how-to-install-a-ceiling-fan/#.U1fUuuZdWzc;https://www.bobvila.com/articles/2479-how-to-install-a-ceiling-fan/
"https://www.bobvila.com/articles/toilet-installation-cost/#:~:text=National%20Average%3A%20%24372&amp;text=According%20to%20HomeAdvisor%2C%20toilet%20installation,rate%20of%20%2465%20per%20hour";https://www.bobvila.com/articles/toilet-installation-cost/
https://www.bobvila.com/slideshow/before-and-after-diy-facelifts-for-8-home-exteriors-48681#.V1BnQZPyuRs;https://www.bobvila.com/slideshow/before-and-after-diy-facelifts-for-8-home-exteriors-48681
https://www.bobvila.com/slideshow/organize-your-life-with-12-dollar-store-buys-48589#.V1BmlJPyuRs;https://www.bobvila.com/slideshow/organize-your-life-with-12-dollar-store-buys-48589
https://www.bobvila.com/articles/how-much-does-it-cost-to-build-a-deck/#:~:text=The%20average%20cost%20of%20decking,to%20%245%20for%20decking%20boards.;https://www.bobvila.com/articles/how-much-does-it-cost-to-build-a-deck/
https://www.bobvila.com/slideshow/8-ways-to-make-it-look-like-you-re-home-when-you-re-not-49546?#.V3vc3JMrKRs;https://www.bobvila.com/slideshow/8-ways-to-make-it-look-like-you-re-home-when-you-re-not-49546
https://www.bobvila.com/slideshow/diy-ideas-to-steal-from-5-easy-porch-makeovers-49107#.V3viH5MrKRs;https://www.bobvila.com/slideshow/diy-ideas-to-steal-from-5-easy-porch-makeovers-49107
https://www.bobvila.com/slideshow/10-inventive-designs-for-a-diy-garden-fountain-49001?#.V3velJMrKRs;https://www.bobvila.com/slideshow/10-inventive-designs-for-a-diy-garden-fountain-49001
https://www.bobvila.com/slideshow/8-smart-ways-to-put-your-garden-on-autopilot-50238?#.V3vwiZMrKRs;https://www.bobvila.com/slideshow/8-smart-ways-to-put-your-garden-on-autopilot-50238
https://www.bobvila.com/slideshow/10-space-saving-ideas-to-steal-from-houseboats-49067#.V3wfCZMrKRs;https://www.bobvila.com/slideshow/10-space-saving-ideas-to-steal-from-houseboats-49067
https://www.bobvila.com/slideshow/9-kits-for-an-instant-kids-clubhouse-49106#.V3wfspMrKRs;https://www.bobvila.com/slideshow/9-kits-for-an-instant-kids-clubhouse-49106
https://www.bobvila.com/slideshow/7-creative-guest-houses-you-can-actually-afford-48634?#.V3wfeJMrKRs;https://www.bobvila.com/slideshow/7-creative-guest-houses-you-can-actually-afford-48634
https://www.bobvila.com/slideshow/get-away-10-breathtaking-homes-you-can-rent-for-a-weekend-47684?#.V3wi_pMrKRs;https://www.bobvila.com/slideshow/get-away-10-breathtaking-homes-you-can-rent-for-a-weekend-47684
https://www.bobvila.com/slideshow/11-lessons-to-learn-from-airbnb-s-tiniest-homes-48413#.V3whGZMrKRs;https://www.bobvila.com/slideshow/11-lessons-to-learn-from-airbnb-s-tiniest-homes-48413
https://www.bobvila.com/slideshow/ready-made-residences-14-ultra-cool-prefab-homes-47440?#.V3wjN5MrKRs;https://www.bobvila.com/slideshow/ready-made-residences-14-ultra-cool-prefab-homes-47440
https://www.bobvila.com/slideshow/own-your-open-floor-plan-with-8-smart-design-tricks-48966#.V3wkEJMrKRs;https://www.bobvila.com/slideshow/own-your-open-floor-plan-with-8-smart-design-tricks-48966
https://www.bobvila.com/slideshow/5-vintage-travel-trailers-transformed-48705?#.V3wfdJMrKRs;https://www.bobvila.com/slideshow/5-vintage-travel-trailers-transformed-48705
https://www.bobvila.com/slideshow/7-crazy-paint-colors-you-never-thought-would-work-48520#.V3wjyZMrKRs;https://www.bobvila.com/slideshow/7-crazy-paint-colors-you-never-thought-would-work-48520
https://www.bobvila.com/slideshow/home-alone-10-beautiful-homes-in-the-middle-of-nowhere-47301?#.V3wjO5MrKRs;https://www.bobvila.com/slideshow/home-alone-10-beautiful-homes-in-the-middle-of-nowhere-47301
https://www.bobvila.com/articles/best-mobile-home-movers/#:~:text=The%20cost%20to%20move%20a,including%20permits%20and%20setup%20fees;https://www.bobvila.com/articles/best-mobile-home-movers/
https://www.bobvila.com/articles/foundation-repair-cost/#:~:text=According%20to%20HomeAdvisor%2C%20when%20the,cost%20as%20little%20as%20%24500;https://www.bobvila.com/articles/foundation-repair-cost/
https://www.bobvila.com/articles/foundation-inspection/#:~:text=Who%20Performs%20a%20Foundation%20Inspection,or%20foundation%20engineer%20comes%20in.;https://www.bobvila.com/articles/foundation-inspection/
"https://www.bobvila.com/articles/zinnia-care/?utm_campaign=trueanthem_AI&amp;utm_medium=social&amp;utm_source=facebook&amp;utm_term=bobvila";https://www.bobvila.com/articles/zinnia-care/
https://www.bobvila.com/slideshow/10-signs-that-fixer-upper-might-be-a-money-pit-50112?#.WQeuSYkrKRs;https://www.bobvila.com/slideshow/10-signs-that-fixer-upper-might-be-a-money-pit-50112
https://www.bobvila.com/slideshow/9-things-home-makeover-shows-never-tell-you-50943?#.WQet0okrKRs;https://www.bobvila.com/slideshow/9-things-home-makeover-shows-never-tell-you-50943
https://www.bobvila.com/articles/best-pest-control-companies/?=232;https://www.bobvila.com/articles/best-pest-control-companies/
https://www.bobvila.com/slideshow/9-things-home-makeover-shows-never-tell-you-50943?#.WQet0okrKRs;https://www.bobvila.com/slideshow/9-things-home-makeover-shows-never-tell-you-50943
https://www.bobvila.com/slideshow/9-diy-ways-to-redo-your-wall-without-paint-48468#.V6KuX5MrKRs;https://www.bobvila.com/slideshow/9-diy-ways-to-redo-your-wall-without-paint-48468
https://www.bobvila.com/articles/how-to-hire-chimney-inspection-near-me/#:~:text=Cost%20of%20a%20Chimney%20Inspection,national%20average%20costing%20around%20%24450;https://www.bobvila.com/articles/how-to-hire-chimney-inspection-near-me/
https://www.bobvila.com/articles/shower-remodel-cost/#:~:text=A%20simple%20fiberglass%20shower%20insert,(plus%20plumbing%20and%20hardware).;https://www.bobvila.com/articles/shower-remodel-cost/
https://www.bobvila.com/slideshow/the-perfect-paintbrush-and-how-to-choose-it-45583#:~:text=Foam%20brushes%20are%20designed%20to,furniture%2C%20cabinetry%2C%20and%20trim.;https://www.bobvila.com/slideshow/the-perfect-paintbrush-and-how-to-choose-it-45583
https://www.bobvila.com/slideshow/10-reasons-to-mind-your-gutters-year-round-52867#:~:text=But%20as%20ongoing%20exposure%20to,year%20may%20not%20be%20enough;https://www.bobvila.com/slideshow/10-reasons-to-mind-your-gutters-year-round-52867
https://www.bobvila.com/articles/marble-flooring/#:~:text=Marble%20floor%20tiles%20can%20start,additional%20prep%20work%20is%20needed.;https://www.bobvila.com/articles/marble-flooring/
https://www.bobvila.com/slideshow/10-simple-ingredients-for-a-very-comfortable-bed-47603#.VoV3x8Dysy4;https://www.bobvila.com/slideshow/10-simple-ingredients-for-a-very-comfortable-bed-47603
https://www.bobvila.com/slideshow/organize-your-life-with-12-dollar-store-buys-48589#.VoVlT8Dysy4;https://www.bobvila.com/slideshow/organize-your-life-with-12-dollar-store-buys-48589
https://www.bobvila.com/slideshow/9-inventive-ways-to-decorate-with-tree-trunks-branches-and-twigs-47999#.VoMK0cDysy4;https://www.bobvila.com/slideshow/9-inventive-ways-to-decorate-with-tree-trunks-branches-and-twigs-47999
https://www.bobvila.com/articles/?attachment_id=247919;https://www.bobvila.com/articles/
https://www.bobvila.com/articles/?attachment_id=247920;https://www.bobvila.com/articles/
https://www.bobvila.com/articles/?attachment_id=247921;https://www.bobvila.com/articles/
https://www.bobvila.com/articles/?attachment_id=247922;https://www.bobvila.com/articles/
https://www.bobvila.com/articles/?attachment_id=247923;https://www.bobvila.com/articles/
https://www.bobvila.com/articles/?attachment_id=247924;https://www.bobvila.com/articles/
https://www.bobvila.com/articles/?attachment_id=247925;https://www.bobvila.com/articles/
https://www.bobvila.com/articles/?attachment_id=247926;https://www.bobvila.com/articles/
https://www.bobvila.com/articles/?attachment_id=247927;https://www.bobvila.com/articles/
https://www.bobvila.com/articles/?attachment_id=247928;https://www.bobvila.com/articles/
https://www.bobvila.com/articles/?attachment_id=247930;https://www.bobvila.com/articles/
https://www.bobvila.com/articles/?attachment_id=247931;https://www.bobvila.com/articles/
https://www.bobvila.com/articles/?attachment_id=247932;https://www.bobvila.com/articles/
https://www.bobvila.com/articles/?attachment_id=247933;https://www.bobvila.com/articles/
https://www.bobvila.com/articles/?attachment_id=247937;https://www.bobvila.com/articles/
https://www.bobvila.com/articles/?attachment_id=247938;https://www.bobvila.com/articles/
https://www.bobvila.com/articles/?attachment_id=247939;https://www.bobvila.com/articles/
https://www.bobvila.com/articles/?attachment_id=247940;https://www.bobvila.com/articles/
https://www.bobvila.com/articles/?attachment_id=247941;https://www.bobvila.com/articles/
https://www.bobvila.com/articles/?attachment_id=247942;https://www.bobvila.com/articles/
https://www.bobvila.com/articles/?attachment_id=247943;https://www.bobvila.com/articles/
https://www.bobvila.com/articles/?attachment_id=247946;https://www.bobvila.com/articles/
https://www.bobvila.com/articles/?attachment_id=247947;https://www.bobvila.com/articles/
https://www.bobvila.com/articles/?attachment_id=247948;https://www.bobvila.com/articles/
https://www.bobvila.com/articles/?attachment_id=247949;https://www.bobvila.com/articles/
https://www.bobvila.com/articles/?attachment_id=247950;https://www.bobvila.com/articles/
https://www.bobvila.com/articles/?attachment_id=247951;https://www.bobvila.com/articles/
https://www.bobvila.com/slideshow/50-products-for-quick-fixes-around-the-house-51986?bv=us;https://www.bobvila.com/slideshow/50-products-for-quick-fixes-around-the-house-51986
https://www.bobvila.com/slideshow/hard-sell-7-pretty-house-colors-that-scare-buyers-away-49895?#.V2r8Q-YrKRs;https://www.bobvila.com/slideshow/hard-sell-7-pretty-house-colors-that-scare-buyers-away-49895
https://www.bobvila.com/slideshow/8-no-care-plants-for-killer-curb-appeal-in-every-season-49343#.Vx5V8SMrIy4;https://www.bobvila.com/slideshow/8-no-care-plants-for-killer-curb-appeal-in-every-season-49343
https://www.bobvila.com/slideshow/the-invincible-yard-12-ideas-for-lazy-landscaping-48750#.Vx5WWiMrIy4;https://www.bobvila.com/slideshow/the-invincible-yard-12-ideas-for-lazy-landscaping-48750
https://www.bobvila.com/slideshow/the-cheapest-gifts-from-the-fanciest-home-brands-51692?%20;https://www.bobvila.com/slideshow/the-cheapest-gifts-from-the-fanciest-home-brands-51692
https://www.bobvila.com/slideshow/expecting-snow-do-these-7-things-asap-51638?%20;https://www.bobvila.com/slideshow/expecting-snow-do-these-7-things-asap-51638
https://www.bobvila.com/slideshow/50-products-for-quick-fixes-around-the-house-51986?bv=us;https://www.bobvila.com/slideshow/50-products-for-quick-fixes-around-the-house-51986
https://www.bobvila.com/strap-hinge/46388-hinge-styles-10-designs-you-need-to-know/slideshows#.VOUCLubF9IE;https://www.bobvila.com/strap-hinge/46388-hinge-styles-10-designs-you-need-to-know/slideshows
https://www.bobvila.com/articles/how-to-fix-drywall/#.VOT9lubF9IE;https://www.bobvila.com/articles/how-to-fix-drywall/
https://www.bobvila.com/articles/how-to-fix-scratches-on-hardwood-floors/#.VOT-B-bF9IE;https://www.bobvila.com/articles/how-to-fix-scratches-on-hardwood-floors/
https://www.bobvila.com/articles/2327-how-to-install-ceramic-tile/#.VOUC7ObF9IE;https://www.bobvila.com/articles/2327-how-to-install-ceramic-tile/
https://www.bobvila.com/slideshow/10-ways-to-buy-your-garden-on-the-internet-50957?#.WRB7kIkrKRs;https://www.bobvila.com/slideshow/10-ways-to-buy-your-garden-on-the-internet-50957
https://www.bobvila.com/slideshow/14-of-the-best-plants-for-your-drought-tolerant-garden-50371?#.WRB7-4krKRs;https://www.bobvila.com/slideshow/14-of-the-best-plants-for-your-drought-tolerant-garden-50371
https://www.bobvila.com/slideshow/20-plants-that-survive-with-or-without-you-50159?#.WRB8YIkrKRs;https://www.bobvila.com/slideshow/20-plants-that-survive-with-or-without-you-50159
https://www.bobvila.com/slideshow/15-plants-for-where-the-sun-don-t-shine-44559?#.WRB9s4krKRs;https://www.bobvila.com/slideshow/15-plants-for-where-the-sun-don-t-shine-44559
https://www.bobvila.com/slideshow/15-plants-never-to-grow-in-your-yard-48960?#.WRB9g4krKRs;https://www.bobvila.com/slideshow/15-plants-never-to-grow-in-your-yard-48960
https://www.bobvila.com/slideshow/7-things-you-need-to-know-before-painting-your-walls-white-48979#.V_P885MrKRs;https://www.bobvila.com/slideshow/7-things-you-need-to-know-before-painting-your-walls-white-48979
https://www.bobvila.com/slideshow/10-ways-to-welcome-a-house-guest-46938#.V_P-fZMrKRs;https://www.bobvila.com/slideshow/10-ways-to-welcome-a-house-guest-46938
https://www.bobvila.com/articles/how-to-pull-nails/#.UtRk6mRDs0g;https://www.bobvila.com/articles/how-to-pull-nails/
https://www.bobvila.com/articles/2222-wood-flooring-101/#.UtRlCmRDs0g;https://www.bobvila.com/articles/2222-wood-flooring-101/
https://www.bobvila.com/slideshow/9-handy-uses-for-your-cordless-drill-driver-47827?bv=embed;https://www.bobvila.com/slideshow/9-handy-uses-for-your-cordless-drill-driver-47827
https://www.bobvila.com/slideshow/10-flowers-that-attract-bees-to-your-garden-51308?http://;https://www.bobvila.com/slideshow/10-flowers-that-attract-bees-to-your-garden-51308
https://www.bobvila.com/articles/best-interior-paint/#:~:text=BEST%20OVERALL%3A%20Sherwin-Williams%20SuperPaint%20Interior%20Acrylic%20Latex%20BEST,BATH%3A%20Behr%20Premium%20Plus%20Interior%20Satin%20Enamel%20Paint;https://www.bobvila.com/articles/best-interior-paint/
https://www.bobvila.com/slideshow/10-homemade-carpet-cleaning-remedies-577474#:~:text=To%20deal%20with%20stains%2C%20mix,%2C%20and%20you're%20done.;https://www.bobvila.com/slideshow/10-homemade-carpet-cleaning-remedies-577474
https://www.bobvila.com/articles/how-to-choose-a-mattress/#:~:text=While%20the%20average%20mattress%20has,nights%20of%20tossing%20and%20turning.;https://www.bobvila.com/articles/how-to-choose-a-mattress/
https://www.bobvila.com/articles/best-pest-control-companies/?=232;https://www.bobvila.com/articles/best-pest-control-companies/
https://www.bobvila.com/articles/best-pest-control-companies/#:~:text=Our%20Verdict,in%20pest%20management%20and%20extermination;https://www.bobvila.com/articles/best-pest-control-companies/
https://www.bobvila.com/slideshow/wage-war-on-weeds-with-7-unbeatable-tools-49104?#.WN6mjBIrKRs;https://www.bobvila.com/slideshow/wage-war-on-weeds-with-7-unbeatable-tools-49104
"https://www.bobvila.com/articles/how-to-dispose-of-propane-tanks/#:~:text=Take%20an%20old%20propane%20tank%20to%20a%20specialized%20recycling%20center.&amp;text=If%20you're%20not%20sure,like%20an%20old%20propane%20tank.";https://www.bobvila.com/articles/how-to-dispose-of-propane-tanks/
https://www.bobvila.com/slideshow/50-products-for-quick-fixes-around-the-house-51986?bv=us;https://www.bobvila.com/slideshow/50-products-for-quick-fixes-around-the-house-51986
https://www.bobvila.com/articles/diy-citronella-candle/#.VZ1eYflViko;https://www.bobvila.com/articles/diy-citronella-candle/
https://www.bobvila.com/articles/mulching-the-garden/#:~:text=Cool%2Dweather%20crops%20like%20greens,stems%20to%20prevent%20rot%20problems.;https://www.bobvila.com/articles/mulching-the-garden/
https://www.bobvila.com/articles/home-warranty-for-rental-property/#:~:text=A%20home%20warranty%20on%20a,property%20you're%20renting%20out.;https://www.bobvila.com/articles/home-warranty-for-rental-property/
https://www.bobvila.com/slideshow/8-no-care-plants-for-killer-curb-appeal-in-every-season-49343#.V2xT8eYrKRs;https://www.bobvila.com/slideshow/8-no-care-plants-for-killer-curb-appeal-in-every-season-49343
https://www.bobvila.com/slideshow/10-fast-growing-plants-for-almost-instant-curb-appeal-50133?#.V2xY_-YrKRs;https://www.bobvila.com/slideshow/10-fast-growing-plants-for-almost-instant-curb-appeal-50133
https://www.bobvila.com/slideshow/10-sober-alternative-uses-for-alcohol-at-home-47395#.WgH9-hOPIWp;https://www.bobvila.com/slideshow/10-sober-alternative-uses-for-alcohol-at-home-47395
https://www.bobvila.com/slideshow/start-fresh-10-things-in-your-kitchen-you-need-to-toss-asap-50746?#.WgH8LBOPIWo;https://www.bobvila.com/slideshow/start-fresh-10-things-in-your-kitchen-you-need-to-toss-asap-50746
https://www.bobvila.com/slideshow/12-ideas-to-steal-from-vintage-kitchens-49523/kitchen-island-with-pastel-stools#.WBkQQOErLBI;https://www.bobvila.com/slideshow/12-ideas-to-steal-from-vintage-kitchens-49523/kitchen-island-with-pastel-stools
https://www.bobvila.com/slideshow/10-clever-diy-ways-to-store-kitchen-spices-48265?#.WBow7-ErIcg;https://www.bobvila.com/slideshow/10-clever-diy-ways-to-store-kitchen-spices-48265
https://www.bobvila.com/slideshow/buyer-s-guide-the-best-wood-stoves-49464#.WBpAweErLBJ;https://www.bobvila.com/slideshow/buyer-s-guide-the-best-wood-stoves-49464
https://www.bobvila.com/slideshow/21-brilliant-hacks-for-an-organized-kitchen-50213#.WBpDQ-ErIcg;https://www.bobvila.com/slideshow/21-brilliant-hacks-for-an-organized-kitchen-50213
https://www.bobvila.com/slideshow/12-design-essentials-for-the-perfect-country-kitchen-47537#.WByjC-ErKRs;https://www.bobvila.com/slideshow/12-design-essentials-for-the-perfect-country-kitchen-47537
